indicator,all,up,down
v2x_veracc_osp,0.07958629482356373,0.08,0.08
v2xcs_ccsi,0.05474838672992581,0.05,0.05
v2xcl_rol,0.04214438880516793,0.04,0.04
v2x_freexp_altinf,0.054336754385345944,0.05,0.05
v2x_horacc_osp,0.05641212005338083,0.06,0.06
v2x_pubcorr,0.04135230916424754,0.03,0.03
