indicator,all,up,down
v2x_veracc_osp,0.08042252345273757,0.08,0.08
v2xcs_ccsi,0.05558289349416667,0.05,0.05
v2xcl_rol,0.04253627188598356,0.04,0.04
v2x_freexp_altinf,0.0547383461330955,0.05,0.05
v2x_horacc_osp,0.056600230532396024,0.06,0.06
v2x_pubcorr,0.04145505983134905,0.03,0.03
