indicator,all,up,down
v2x_veracc_osp,0.08042252345273627,0.08,0.08
v2xcs_ccsi,0.05558289349416571,0.05,0.05
v2xcl_rol,0.04253627188598422,0.04,0.04
v2x_freexp_altinf,0.054738346133095396,0.05,0.05
v2x_horacc_osp,0.05660023053239634,0.06,0.06
v2x_pubcorr,0.04145505983135083,0.03,0.03
