gwcode,year,country_name,country_id,country_text_id,v2x_veracc_osp,v2xcs_ccsi,v2xcl_rol,v2x_freexp_altinf,v2x_horacc_osp,v2x_pubcorr
2,1968,United States of America,20,USA,0.844,0.881,0.838,0.868,0.911,0.949
2,1969,United States of America,20,USA,0.845,0.881,0.883,0.879,0.917,0.949
2,1970,United States of America,20,USA,0.86,0.909,0.908,0.898,0.921,0.963
2,1971,United States of America,20,USA,0.858,0.909,0.921,0.873,0.92,0.957
2,1972,United States of America,20,USA,0.858,0.909,0.926,0.896,0.92,0.957
2,1973,United States of America,20,USA,0.859,0.909,0.924,0.924,0.958,0.957
2,1974,United States of America,20,USA,0.867,0.909,0.927,0.933,0.959,0.957
2,1975,United States of America,20,USA,0.885,0.909,0.937,0.936,0.959,0.957
2,1976,United States of America,20,USA,0.899,0.909,0.94,0.949,0.96,0.957
2,1977,United States of America,20,USA,0.902,0.909,0.941,0.942,0.953,0.957
2,1978,United States of America,20,USA,0.902,0.909,0.943,0.95,0.953,0.957
2,1979,United States of America,20,USA,0.902,0.909,0.943,0.95,0.954,0.957
2,1980,United States of America,20,USA,0.912,0.934,0.948,0.95,0.954,0.968
2,1981,United States of America,20,USA,0.913,0.957,0.953,0.95,0.941,0.95
2,1982,United States of America,20,USA,0.912,0.957,0.953,0.95,0.941,0.95
2,1983,United States of America,20,USA,0.912,0.957,0.951,0.955,0.94,0.95
2,1984,United States of America,20,USA,0.913,0.957,0.951,0.955,0.942,0.95
2,1985,United States of America,20,USA,0.911,0.957,0.951,0.955,0.931,0.95
2,1986,United States of America,20,USA,0.912,0.957,0.953,0.955,0.947,0.95
2,1987,United States of America,20,USA,0.912,0.957,0.953,0.958,0.949,0.968
2,1988,United States of America,20,USA,0.911,0.957,0.953,0.958,0.945,0.968
2,1989,United States of America,20,USA,0.912,0.957,0.953,0.958,0.947,0.968
2,1990,United States of America,20,USA,0.916,0.965,0.958,0.965,0.947,0.968
2,1991,United States of America,20,USA,0.915,0.965,0.958,0.956,0.947,0.968
2,1992,United States of America,20,USA,0.915,0.965,0.958,0.966,0.946,0.968
2,1993,United States of America,20,USA,0.915,0.965,0.961,0.963,0.948,0.968
2,1994,United States of America,20,USA,0.916,0.965,0.962,0.963,0.947,0.968
2,1995,United States of America,20,USA,0.915,0.965,0.962,0.963,0.95,0.968
2,1996,United States of America,20,USA,0.916,0.965,0.962,0.963,0.952,0.968
2,1997,United States of America,20,USA,0.916,0.965,0.962,0.963,0.951,0.968
2,1998,United States of America,20,USA,0.915,0.965,0.962,0.963,0.951,0.968
2,1999,United States of America,20,USA,0.915,0.965,0.962,0.963,0.951,0.968
2,2000,United States of America,20,USA,0.883,0.965,0.962,0.966,0.953,0.968
2,2001,United States of America,20,USA,0.883,0.961,0.959,0.956,0.954,0.968
2,2002,United States of America,20,USA,0.908,0.96,0.955,0.949,0.954,0.968
2,2003,United States of America,20,USA,0.908,0.96,0.944,0.958,0.954,0.968
2,2004,United States of America,20,USA,0.906,0.96,0.944,0.962,0.954,0.968
2,2005,United States of America,20,USA,0.906,0.96,0.95,0.962,0.953,0.968
2,2006,United States of America,20,USA,0.936,0.96,0.946,0.962,0.959,0.968
2,2007,United States of America,20,USA,0.936,0.96,0.95,0.963,0.959,0.968
2,2008,United States of America,20,USA,0.939,0.96,0.957,0.965,0.959,0.968
2,2009,United States of America,20,USA,0.938,0.963,0.965,0.966,0.962,0.968
2,2010,United States of America,20,USA,0.935,0.963,0.965,0.967,0.962,0.968
2,2011,United States of America,20,USA,0.934,0.963,0.965,0.963,0.962,0.968
2,2012,United States of America,20,USA,0.939,0.963,0.962,0.961,0.963,0.972
2,2013,United States of America,20,USA,0.939,0.968,0.957,0.966,0.965,0.972
2,2014,United States of America,20,USA,0.937,0.968,0.957,0.966,0.964,0.972
2,2015,United States of America,20,USA,0.938,0.968,0.958,0.964,0.964,0.972
2,2016,United States of America,20,USA,0.898,0.968,0.95,0.951,0.967,0.96
2,2017,United States of America,20,USA,0.894,0.975,0.942,0.91,0.913,0.9299999999999999
2,2018,United States of America,20,USA,0.886,0.972,0.938,0.903,0.904,0.9299999999999999
2,2019,United States of America,20,USA,0.884,0.967,0.929,0.889,0.926,0.9299999999999999
2,2020,United States of America,20,USA,0.888,0.954,0.927,0.896,0.922,0.9299999999999999
2,2021,United States of America,20,USA,0.89,0.969,0.95,0.931,0.951,0.9299999999999999
2,2022,United States of America,20,USA,0.913,0.969,0.953,0.939,0.951,0.972
2,2023,United States of America,20,USA,0.922,0.92,0.939,0.927,0.95,0.979
2,2024,United States of America,20,USA,0.922,0.974,0.93,0.889,0.9,0.97
20,1968,Canada,66,CAN,0.894,0.922,0.928,0.923,0.919,0.983
20,1969,Canada,66,CAN,0.894,0.922,0.928,0.923,0.918,0.974
20,1970,Canada,66,CAN,0.908,0.917,0.933,0.923,0.917,0.958
20,1971,Canada,66,CAN,0.908,0.924,0.936,0.928,0.917,0.958
20,1972,Canada,66,CAN,0.907,0.924,0.936,0.928,0.918,0.958
20,1973,Canada,66,CAN,0.908,0.924,0.935,0.933,0.928,0.958
20,1974,Canada,66,CAN,0.905,0.924,0.935,0.932,0.927,0.958
20,1975,Canada,66,CAN,0.906,0.912,0.936,0.932,0.918,0.958
20,1976,Canada,66,CAN,0.905,0.912,0.946,0.932,0.918,0.958
20,1977,Canada,66,CAN,0.906,0.912,0.946,0.932,0.919,0.958
20,1978,Canada,66,CAN,0.905,0.912,0.946,0.932,0.92,0.958
20,1979,Canada,66,CAN,0.912,0.912,0.946,0.932,0.917,0.958
20,1980,Canada,66,CAN,0.912,0.912,0.944,0.932,0.927,0.97
20,1981,Canada,66,CAN,0.911,0.912,0.944,0.932,0.919,0.97
20,1982,Canada,66,CAN,0.912,0.912,0.947,0.933,0.918,0.97
20,1983,Canada,66,CAN,0.911,0.912,0.959,0.933,0.916,0.97
20,1984,Canada,66,CAN,0.91,0.94,0.959,0.933,0.918,0.97
20,1985,Canada,66,CAN,0.91,0.94,0.959,0.933,0.919,0.983
20,1986,Canada,66,CAN,0.91,0.94,0.959,0.933,0.916,0.983
20,1987,Canada,66,CAN,0.91,0.94,0.959,0.933,0.917,0.983
20,1988,Canada,66,CAN,0.91,0.94,0.959,0.933,0.918,0.983
20,1989,Canada,66,CAN,0.909,0.94,0.959,0.933,0.913,0.983
20,1990,Canada,66,CAN,0.91,0.94,0.959,0.933,0.917,0.983
20,1991,Canada,66,CAN,0.91,0.94,0.959,0.933,0.916,0.983
20,1992,Canada,66,CAN,0.91,0.94,0.959,0.929,0.918,0.983
20,1993,Canada,66,CAN,0.922,0.94,0.959,0.925,0.917,0.983
20,1994,Canada,66,CAN,0.923,0.94,0.959,0.925,0.916,0.975
20,1995,Canada,66,CAN,0.921,0.94,0.959,0.925,0.915,0.975
20,1996,Canada,66,CAN,0.922,0.94,0.959,0.933,0.917,0.975
20,1997,Canada,66,CAN,0.914,0.933,0.961,0.933,0.916,0.975
20,1998,Canada,66,CAN,0.913,0.933,0.961,0.933,0.914,0.975
20,1999,Canada,66,CAN,0.914,0.933,0.961,0.933,0.918,0.975
20,2000,Canada,66,CAN,0.923,0.932,0.961,0.933,0.917,0.975
20,2001,Canada,66,CAN,0.923,0.898,0.961,0.933,0.916,0.975
20,2002,Canada,66,CAN,0.923,0.856,0.961,0.933,0.917,0.975
20,2003,Canada,66,CAN,0.923,0.856,0.961,0.933,0.916,0.975
20,2004,Canada,66,CAN,0.916,0.856,0.961,0.933,0.933,0.975
20,2005,Canada,66,CAN,0.916,0.856,0.961,0.933,0.93,0.975
20,2006,Canada,66,CAN,0.925,0.851,0.961,0.932,0.938,0.975
20,2007,Canada,66,CAN,0.925,0.851,0.961,0.936,0.937,0.989
20,2008,Canada,66,CAN,0.924,0.851,0.961,0.932,0.937,0.989
20,2009,Canada,66,CAN,0.924,0.851,0.961,0.937,0.938,0.989
20,2010,Canada,66,CAN,0.924,0.851,0.961,0.937,0.943,0.989
20,2011,Canada,66,CAN,0.894,0.851,0.961,0.934,0.939,0.989
20,2012,Canada,66,CAN,0.895,0.851,0.963,0.94,0.941,0.989
20,2013,Canada,66,CAN,0.896,0.851,0.968,0.944,0.935,0.991
20,2014,Canada,66,CAN,0.895,0.851,0.968,0.942,0.939,0.991
20,2015,Canada,66,CAN,0.916,0.854,0.967,0.931,0.933,0.991
20,2016,Canada,66,CAN,0.921,0.859,0.968,0.932,0.934,0.991
20,2017,Canada,66,CAN,0.921,0.861,0.963,0.939,0.938,0.991
20,2018,Canada,66,CAN,0.921,0.861,0.961,0.94,0.923,0.991
20,2019,Canada,66,CAN,0.93,0.909,0.946,0.944,0.886,0.991
20,2020,Canada,66,CAN,0.931,0.874,0.94,0.94,0.874,0.991
20,2021,Canada,66,CAN,0.926,0.874,0.948,0.939,0.902,0.991
20,2022,Canada,66,CAN,0.925,0.874,0.919,0.952,0.893,0.991
20,2023,Canada,66,CAN,0.926,0.874,0.919,0.953,0.881,0.991
20,2024,Canada,66,CAN,0.926,0.874,0.913,0.943,0.887,0.991
40,1968,Cuba,155,CUB,0.057,0.035,0.123,0.031,0.177,0.365
40,1969,Cuba,155,CUB,0.057,0.035,0.139,0.031,0.184,0.365
40,1970,Cuba,155,CUB,0.058,0.035,0.142,0.031,0.182,0.365
40,1971,Cuba,155,CUB,0.057,0.035,0.142,0.029,0.176,0.365
40,1972,Cuba,155,CUB,0.056,0.035,0.141,0.029,0.181,0.365
40,1973,Cuba,155,CUB,0.059,0.035,0.141,0.029,0.18,0.365
40,1974,Cuba,155,CUB,0.058,0.035,0.141,0.029,0.177,0.365
40,1975,Cuba,155,CUB,0.06,0.035,0.141,0.029,0.181,0.365
40,1976,Cuba,155,CUB,0.058,0.035,0.141,0.029,0.144,0.365
40,1977,Cuba,155,CUB,0.057,0.035,0.141,0.029,0.144,0.365
40,1978,Cuba,155,CUB,0.058,0.035,0.141,0.029,0.143,0.365
40,1979,Cuba,155,CUB,0.058,0.035,0.153,0.029,0.145,0.365
40,1980,Cuba,155,CUB,0.06,0.035,0.132,0.043,0.144,0.365
40,1981,Cuba,155,CUB,0.061,0.035,0.132,0.043,0.142,0.365
40,1982,Cuba,155,CUB,0.056,0.035,0.132,0.043,0.145,0.365
40,1983,Cuba,155,CUB,0.059,0.035,0.132,0.043,0.145,0.365
40,1984,Cuba,155,CUB,0.058,0.035,0.132,0.043,0.141,0.365
40,1985,Cuba,155,CUB,0.057,0.035,0.132,0.043,0.145,0.365
40,1986,Cuba,155,CUB,0.061,0.035,0.134,0.043,0.145,0.365
40,1987,Cuba,155,CUB,0.056,0.035,0.134,0.044,0.145,0.365
40,1988,Cuba,155,CUB,0.06,0.042,0.134,0.044,0.145,0.365
40,1989,Cuba,155,CUB,0.059,0.042,0.134,0.044,0.146,0.365
40,1990,Cuba,155,CUB,0.058,0.042,0.134,0.044,0.139,0.365
40,1991,Cuba,155,CUB,0.057,0.042,0.134,0.044,0.142,0.365
40,1992,Cuba,155,CUB,0.058,0.042,0.138,0.044,0.142,0.132
40,1993,Cuba,155,CUB,0.38,0.042,0.137,0.047,0.14,0.132
40,1994,Cuba,155,CUB,0.379,0.042,0.137,0.047,0.141,0.132
40,1995,Cuba,155,CUB,0.379,0.042,0.137,0.047,0.14,0.132
40,1996,Cuba,155,CUB,0.378,0.042,0.145,0.047,0.141,0.132
40,1997,Cuba,155,CUB,0.379,0.042,0.15,0.047,0.143,0.132
40,1998,Cuba,155,CUB,0.394,0.042,0.15,0.046,0.141,0.132
40,1999,Cuba,155,CUB,0.395,0.042,0.154,0.046,0.143,0.132
40,2000,Cuba,155,CUB,0.394,0.042,0.154,0.047,0.141,0.132
40,2001,Cuba,155,CUB,0.394,0.042,0.177,0.047,0.14,0.132
40,2002,Cuba,155,CUB,0.393,0.042,0.177,0.047,0.143,0.132
40,2003,Cuba,155,CUB,0.395,0.042,0.169,0.047,0.14,0.132
40,2004,Cuba,155,CUB,0.396,0.042,0.169,0.047,0.143,0.132
40,2005,Cuba,155,CUB,0.395,0.042,0.175,0.045,0.144,0.132
40,2006,Cuba,155,CUB,0.397,0.042,0.175,0.046,0.139,0.132
40,2007,Cuba,155,CUB,0.396,0.042,0.175,0.048,0.14,0.132
40,2008,Cuba,155,CUB,0.362,0.046,0.165,0.048,0.142,0.132
40,2009,Cuba,155,CUB,0.363,0.046,0.174,0.048,0.146,0.132
40,2010,Cuba,155,CUB,0.361,0.046,0.178,0.048,0.142,0.132
40,2011,Cuba,155,CUB,0.362,0.046,0.189,0.048,0.146,0.132
40,2012,Cuba,155,CUB,0.361,0.046,0.195,0.048,0.144,0.132
40,2013,Cuba,155,CUB,0.365,0.046,0.237,0.046,0.133,0.132
40,2014,Cuba,155,CUB,0.365,0.043,0.244,0.046,0.131,0.132
40,2015,Cuba,155,CUB,0.365,0.043,0.242,0.045,0.134,0.10699999999999998
40,2016,Cuba,155,CUB,0.362,0.055,0.229,0.049,0.13,0.128
40,2017,Cuba,155,CUB,0.365,0.055,0.256,0.048,0.131,0.128
40,2018,Cuba,155,CUB,0.38,0.072,0.234,0.08,0.182,0.128
40,2019,Cuba,155,CUB,0.381,0.075,0.235,0.102,0.185,0.128
40,2020,Cuba,155,CUB,0.383,0.039,0.229,0.088,0.181,0.128
40,2021,Cuba,155,CUB,0.382,0.03,0.195,0.088,0.162,0.128
40,2022,Cuba,155,CUB,0.379,0.03,0.198,0.088,0.165,0.128
40,2023,Cuba,155,CUB,0.377,0.03,0.208,0.07,0.159,0.128
40,2024,Cuba,155,CUB,0.38,0.03,0.21,0.091,0.152,0.128
41,1968,Haiti,26,HTI,0.315,0.109,0.074,0.049,0.074,0.263
41,1969,Haiti,26,HTI,0.314,0.109,0.074,0.049,0.072,0.263
41,1970,Haiti,26,HTI,0.315,0.109,0.074,0.049,0.074,0.263
41,1971,Haiti,26,HTI,0.317,0.109,0.097,0.069,0.075,0.263
41,1972,Haiti,26,HTI,0.316,0.109,0.107,0.078,0.076,0.263
41,1973,Haiti,26,HTI,0.325,0.109,0.107,0.078,0.075,0.263
41,1974,Haiti,26,HTI,0.325,0.109,0.107,0.078,0.075,0.263
41,1975,Haiti,26,HTI,0.326,0.109,0.107,0.078,0.075,0.263
41,1976,Haiti,26,HTI,0.325,0.109,0.107,0.078,0.077,0.263
41,1977,Haiti,26,HTI,0.325,0.109,0.107,0.078,0.075,0.263
41,1978,Haiti,26,HTI,0.324,0.109,0.107,0.078,0.075,0.263
41,1979,Haiti,26,HTI,0.326,0.109,0.107,0.078,0.076,0.263
41,1980,Haiti,26,HTI,0.325,0.117,0.107,0.066,0.077,0.263
41,1981,Haiti,26,HTI,0.325,0.132,0.098,0.076,0.075,0.263
41,1982,Haiti,26,HTI,0.325,0.132,0.102,0.076,0.075,0.263
41,1983,Haiti,26,HTI,0.325,0.132,0.1,0.076,0.063,0.263
41,1984,Haiti,26,HTI,0.331,0.132,0.1,0.076,0.075,0.263
41,1985,Haiti,26,HTI,0.33,0.132,0.1,0.076,0.076,0.263
41,1986,Haiti,26,HTI,0.415,0.356,0.132,0.225,0.086,0.263
41,1987,Haiti,26,HTI,0.556,0.499,0.341,0.563,0.127,0.17200000000000004
41,1988,Haiti,26,HTI,0.471,0.499,0.318,0.563,0.226,0.17200000000000004
41,1989,Haiti,26,HTI,0.232,0.499,0.32,0.556,0.13,0.17200000000000004
41,1990,Haiti,26,HTI,0.682,0.569,0.36,0.554,0.33,0.17200000000000004
41,1991,Haiti,26,HTI,0.657,0.569,0.391,0.637,0.41,0.17200000000000004
41,1992,Haiti,26,HTI,0.228,0.473,0.189,0.419,0.244,0.17200000000000004
41,1993,Haiti,26,HTI,0.258,0.473,0.189,0.419,0.246,0.17200000000000004
41,1994,Haiti,26,HTI,0.259,0.458,0.222,0.431,0.31,0.17200000000000004
41,1995,Haiti,26,HTI,0.704,0.537,0.614,0.69,0.653,0.17200000000000004
41,1996,Haiti,26,HTI,0.711,0.568,0.614,0.696,0.657,0.17200000000000004
41,1997,Haiti,26,HTI,0.723,0.572,0.641,0.734,0.657,0.17200000000000004
41,1998,Haiti,26,HTI,0.726,0.572,0.642,0.734,0.658,0.17200000000000004
41,1999,Haiti,26,HTI,0.725,0.572,0.642,0.734,0.589,0.17200000000000004
41,2000,Haiti,26,HTI,0.708,0.572,0.596,0.751,0.658,0.17200000000000004
41,2001,Haiti,26,HTI,0.697,0.494,0.594,0.743,0.654,0.17200000000000004
41,2002,Haiti,26,HTI,0.701,0.439,0.575,0.747,0.651,0.17200000000000004
41,2003,Haiti,26,HTI,0.699,0.439,0.545,0.728,0.658,0.17200000000000004
41,2004,Haiti,26,HTI,0.701,0.552,0.476,0.727,0.516,0.17200000000000004
41,2005,Haiti,26,HTI,0.233,0.7,0.416,0.801,0.179,0.18500000000000005
41,2006,Haiti,26,HTI,0.671,0.7,0.447,0.795,0.726,0.18500000000000005
41,2007,Haiti,26,HTI,0.676,0.7,0.508,0.844,0.741,0.18500000000000005
41,2008,Haiti,26,HTI,0.675,0.7,0.508,0.847,0.736,0.18500000000000005
41,2009,Haiti,26,HTI,0.674,0.7,0.508,0.847,0.734,0.18500000000000005
41,2010,Haiti,26,HTI,0.64,0.7,0.502,0.841,0.715,0.18500000000000005
41,2011,Haiti,26,HTI,0.637,0.7,0.489,0.84,0.71,0.18500000000000005
41,2012,Haiti,26,HTI,0.661,0.7,0.502,0.814,0.713,0.18500000000000005
41,2013,Haiti,26,HTI,0.663,0.7,0.481,0.798,0.708,0.18500000000000005
41,2014,Haiti,26,HTI,0.662,0.7,0.481,0.798,0.71,0.18500000000000005
41,2015,Haiti,26,HTI,0.615,0.7,0.481,0.786,0.602,0.18500000000000005
41,2016,Haiti,26,HTI,0.646,0.7,0.503,0.81,0.708,0.18500000000000005
41,2017,Haiti,26,HTI,0.639,0.7,0.417,0.784,0.712,0.18500000000000005
41,2018,Haiti,26,HTI,0.641,0.723,0.405,0.797,0.721,0.15300000000000002
41,2019,Haiti,26,HTI,0.638,0.691,0.416,0.791,0.693,0.18400000000000005
41,2020,Haiti,26,HTI,0.629,0.677,0.418,0.732,0.691,0.32499999999999996
41,2021,Haiti,26,HTI,0.619,0.695,0.408,0.705,0.655,0.32499999999999996
41,2022,Haiti,26,HTI,0.224,0.684,0.322,0.706,0.662,0.32499999999999996
41,2023,Haiti,26,HTI,0.225,0.748,0.321,0.657,0.137,0.32499999999999996
41,2024,Haiti,26,HTI,0.225,0.748,0.321,0.721,0.535,0.32499999999999996
42,1968,Dominican Republic,114,DOM,0.499,0.486,0.307,0.514,0.07,0.09199999999999997
42,1969,Dominican Republic,114,DOM,0.498,0.486,0.307,0.514,0.07,0.09199999999999997
42,1970,Dominican Republic,114,DOM,0.498,0.486,0.307,0.514,0.063,0.09199999999999997
42,1971,Dominican Republic,114,DOM,0.5,0.486,0.307,0.514,0.065,0.09199999999999997
42,1972,Dominican Republic,114,DOM,0.499,0.486,0.307,0.514,0.064,0.09199999999999997
42,1973,Dominican Republic,114,DOM,0.497,0.486,0.307,0.514,0.065,0.09199999999999997
42,1974,Dominican Republic,114,DOM,0.522,0.486,0.307,0.514,0.065,0.09199999999999997
42,1975,Dominican Republic,114,DOM,0.526,0.486,0.307,0.514,0.064,0.09199999999999997
42,1976,Dominican Republic,114,DOM,0.526,0.486,0.307,0.514,0.063,0.09199999999999997
42,1977,Dominican Republic,114,DOM,0.525,0.486,0.307,0.514,0.071,0.09199999999999997
42,1978,Dominican Republic,114,DOM,0.676,0.486,0.322,0.641,0.224,0.09199999999999997
42,1979,Dominican Republic,114,DOM,0.687,0.734,0.75,0.814,0.249,0.29000000000000004
42,1980,Dominican Republic,114,DOM,0.686,0.734,0.75,0.81,0.249,0.29000000000000004
42,1981,Dominican Republic,114,DOM,0.685,0.734,0.75,0.81,0.249,0.29000000000000004
42,1982,Dominican Republic,114,DOM,0.738,0.734,0.75,0.81,0.253,0.29000000000000004
42,1983,Dominican Republic,114,DOM,0.738,0.734,0.743,0.81,0.232,0.29000000000000004
42,1984,Dominican Republic,114,DOM,0.736,0.734,0.722,0.803,0.229,0.29000000000000004
42,1985,Dominican Republic,114,DOM,0.738,0.734,0.722,0.803,0.228,0.29000000000000004
42,1986,Dominican Republic,114,DOM,0.737,0.719,0.726,0.797,0.215,0.29000000000000004
42,1987,Dominican Republic,114,DOM,0.724,0.719,0.695,0.788,0.205,0.29000000000000004
42,1988,Dominican Republic,114,DOM,0.722,0.719,0.664,0.784,0.207,0.29000000000000004
42,1989,Dominican Republic,114,DOM,0.724,0.719,0.682,0.784,0.202,0.29000000000000004
42,1990,Dominican Republic,114,DOM,0.637,0.719,0.682,0.784,0.203,0.29000000000000004
42,1991,Dominican Republic,114,DOM,0.637,0.771,0.682,0.784,0.201,0.29000000000000004
42,1992,Dominican Republic,114,DOM,0.638,0.771,0.682,0.784,0.201,0.29000000000000004
42,1993,Dominican Republic,114,DOM,0.636,0.771,0.668,0.784,0.203,0.29000000000000004
42,1994,Dominican Republic,114,DOM,0.643,0.771,0.648,0.753,0.195,0.29000000000000004
42,1995,Dominican Republic,114,DOM,0.644,0.771,0.675,0.791,0.194,0.29000000000000004
42,1996,Dominican Republic,114,DOM,0.792,0.904,0.718,0.778,0.208,0.29000000000000004
42,1997,Dominican Republic,114,DOM,0.811,0.909,0.787,0.822,0.226,0.29000000000000004
42,1998,Dominican Republic,114,DOM,0.834,0.909,0.794,0.831,0.235,0.29000000000000004
42,1999,Dominican Republic,114,DOM,0.833,0.909,0.794,0.831,0.23,0.29000000000000004
42,2000,Dominican Republic,114,DOM,0.853,0.909,0.794,0.841,0.248,0.29000000000000004
42,2001,Dominican Republic,114,DOM,0.852,0.909,0.794,0.841,0.25,0.29000000000000004
42,2002,Dominican Republic,114,DOM,0.85,0.909,0.775,0.841,0.248,0.29000000000000004
42,2003,Dominican Republic,114,DOM,0.851,0.909,0.762,0.841,0.248,0.29000000000000004
42,2004,Dominican Republic,114,DOM,0.847,0.909,0.762,0.841,0.252,0.29000000000000004
42,2005,Dominican Republic,114,DOM,0.846,0.909,0.762,0.841,0.252,0.29000000000000004
42,2006,Dominican Republic,114,DOM,0.833,0.913,0.762,0.841,0.252,0.29000000000000004
42,2007,Dominican Republic,114,DOM,0.833,0.915,0.762,0.841,0.279,0.29000000000000004
42,2008,Dominican Republic,114,DOM,0.828,0.915,0.762,0.841,0.288,0.29000000000000004
42,2009,Dominican Republic,114,DOM,0.828,0.915,0.762,0.841,0.284,0.29000000000000004
42,2010,Dominican Republic,114,DOM,0.818,0.908,0.762,0.821,0.304,0.29000000000000004
42,2011,Dominican Republic,114,DOM,0.821,0.908,0.762,0.821,0.259,0.29000000000000004
42,2012,Dominican Republic,114,DOM,0.814,0.908,0.766,0.821,0.264,0.29000000000000004
42,2013,Dominican Republic,114,DOM,0.819,0.908,0.753,0.803,0.219,0.29600000000000004
42,2014,Dominican Republic,114,DOM,0.819,0.908,0.753,0.803,0.22,0.29600000000000004
42,2015,Dominican Republic,114,DOM,0.819,0.902,0.753,0.761,0.222,0.349
42,2016,Dominican Republic,114,DOM,0.784,0.902,0.75,0.761,0.222,0.349
42,2017,Dominican Republic,114,DOM,0.782,0.902,0.746,0.761,0.22,0.32099999999999995
42,2018,Dominican Republic,114,DOM,0.784,0.902,0.751,0.778,0.219,0.249
42,2019,Dominican Republic,114,DOM,0.788,0.908,0.743,0.742,0.225,0.132
42,2020,Dominican Republic,114,DOM,0.827,0.906,0.801,0.921,0.292,0.41900000000000004
42,2021,Dominican Republic,114,DOM,0.836,0.913,0.804,0.941,0.376,0.28800000000000003
42,2022,Dominican Republic,114,DOM,0.836,0.913,0.784,0.931,0.375,0.28800000000000003
42,2023,Dominican Republic,114,DOM,0.836,0.913,0.775,0.931,0.366,0.29400000000000004
42,2024,Dominican Republic,114,DOM,0.872,0.913,0.745,0.902,0.367,0.29400000000000004
51,1968,Jamaica,120,JAM,0.716,0.833,0.67,0.767,0.689,0.754
51,1969,Jamaica,120,JAM,0.717,0.833,0.67,0.767,0.687,0.754
51,1970,Jamaica,120,JAM,0.717,0.833,0.725,0.782,0.69,0.754
51,1971,Jamaica,120,JAM,0.717,0.833,0.725,0.782,0.69,0.754
51,1972,Jamaica,120,JAM,0.726,0.833,0.732,0.784,0.689,0.754
51,1973,Jamaica,120,JAM,0.728,0.876,0.788,0.747,0.688,0.754
51,1974,Jamaica,120,JAM,0.724,0.876,0.784,0.751,0.685,0.754
51,1975,Jamaica,120,JAM,0.725,0.876,0.785,0.753,0.686,0.754
51,1976,Jamaica,120,JAM,0.702,0.876,0.785,0.757,0.686,0.754
51,1977,Jamaica,120,JAM,0.702,0.876,0.785,0.757,0.69,0.754
51,1978,Jamaica,120,JAM,0.694,0.876,0.785,0.757,0.693,0.754
51,1979,Jamaica,120,JAM,0.712,0.896,0.785,0.757,0.689,0.754
51,1980,Jamaica,120,JAM,0.732,0.913,0.774,0.767,0.688,0.754
51,1981,Jamaica,120,JAM,0.731,0.928,0.787,0.809,0.691,0.754
51,1982,Jamaica,120,JAM,0.731,0.928,0.787,0.809,0.688,0.754
51,1983,Jamaica,120,JAM,0.736,0.928,0.787,0.809,0.694,0.754
51,1984,Jamaica,120,JAM,0.733,0.928,0.787,0.808,0.684,0.754
51,1985,Jamaica,120,JAM,0.734,0.928,0.787,0.813,0.69,0.754
51,1986,Jamaica,120,JAM,0.735,0.928,0.787,0.813,0.686,0.754
51,1987,Jamaica,120,JAM,0.734,0.928,0.787,0.813,0.684,0.754
51,1988,Jamaica,120,JAM,0.736,0.928,0.807,0.813,0.688,0.754
51,1989,Jamaica,120,JAM,0.781,0.928,0.807,0.813,0.684,0.754
51,1990,Jamaica,120,JAM,0.783,0.928,0.826,0.858,0.699,0.844
51,1991,Jamaica,120,JAM,0.784,0.928,0.826,0.858,0.698,0.844
51,1992,Jamaica,120,JAM,0.782,0.928,0.826,0.858,0.71,0.844
51,1993,Jamaica,120,JAM,0.807,0.928,0.826,0.858,0.713,0.844
51,1994,Jamaica,120,JAM,0.808,0.928,0.826,0.867,0.713,0.844
51,1995,Jamaica,120,JAM,0.808,0.928,0.826,0.882,0.71,0.844
51,1996,Jamaica,120,JAM,0.807,0.928,0.826,0.888,0.714,0.844
51,1997,Jamaica,120,JAM,0.817,0.941,0.826,0.888,0.711,0.844
51,1998,Jamaica,120,JAM,0.821,0.941,0.826,0.888,0.712,0.844
51,1999,Jamaica,120,JAM,0.821,0.941,0.826,0.888,0.713,0.844
51,2000,Jamaica,120,JAM,0.822,0.941,0.841,0.901,0.812,0.844
51,2001,Jamaica,120,JAM,0.821,0.941,0.841,0.901,0.815,0.844
51,2002,Jamaica,120,JAM,0.866,0.941,0.841,0.901,0.809,0.844
51,2003,Jamaica,120,JAM,0.868,0.941,0.841,0.901,0.812,0.844
51,2004,Jamaica,120,JAM,0.867,0.941,0.841,0.901,0.813,0.844
51,2005,Jamaica,120,JAM,0.875,0.941,0.841,0.904,0.838,0.844
51,2006,Jamaica,120,JAM,0.881,0.941,0.841,0.909,0.837,0.844
51,2007,Jamaica,120,JAM,0.899,0.941,0.841,0.909,0.843,0.844
51,2008,Jamaica,120,JAM,0.899,0.941,0.841,0.909,0.843,0.844
51,2009,Jamaica,120,JAM,0.899,0.941,0.841,0.909,0.841,0.844
51,2010,Jamaica,120,JAM,0.9,0.941,0.843,0.909,0.845,0.844
51,2011,Jamaica,120,JAM,0.896,0.941,0.851,0.909,0.845,0.844
51,2012,Jamaica,120,JAM,0.896,0.941,0.851,0.909,0.848,0.844
51,2013,Jamaica,120,JAM,0.898,0.946,0.863,0.939,0.844,0.872
51,2014,Jamaica,120,JAM,0.897,0.946,0.863,0.939,0.843,0.872
51,2015,Jamaica,120,JAM,0.898,0.946,0.863,0.939,0.847,0.872
51,2016,Jamaica,120,JAM,0.904,0.946,0.863,0.939,0.842,0.872
51,2017,Jamaica,120,JAM,0.906,0.946,0.866,0.942,0.851,0.872
51,2018,Jamaica,120,JAM,0.907,0.946,0.866,0.935,0.827,0.872
51,2019,Jamaica,120,JAM,0.916,0.946,0.907,0.942,0.838,0.872
51,2020,Jamaica,120,JAM,0.913,0.948,0.905,0.943,0.844,0.872
51,2021,Jamaica,120,JAM,0.912,0.948,0.9,0.931,0.848,0.872
51,2022,Jamaica,120,JAM,0.913,0.948,0.912,0.923,0.862,0.872
51,2023,Jamaica,120,JAM,0.914,0.948,0.886,0.923,0.859,0.829
51,2024,Jamaica,120,JAM,0.913,0.948,0.899,0.923,0.842,0.829
52,1968,Trinidad and Tobago,135,TTO,0.807,0.666,0.879,0.731,0.831,0.841
52,1969,Trinidad and Tobago,135,TTO,0.809,0.666,0.879,0.741,0.83,0.841
52,1970,Trinidad and Tobago,135,TTO,0.808,0.68,0.889,0.745,0.831,0.841
52,1971,Trinidad and Tobago,135,TTO,0.763,0.68,0.889,0.764,0.819,0.841
52,1972,Trinidad and Tobago,135,TTO,0.762,0.68,0.889,0.764,0.83,0.841
52,1973,Trinidad and Tobago,135,TTO,0.761,0.68,0.889,0.767,0.831,0.841
52,1974,Trinidad and Tobago,135,TTO,0.761,0.68,0.889,0.767,0.833,0.841
52,1975,Trinidad and Tobago,135,TTO,0.761,0.68,0.889,0.756,0.836,0.841
52,1976,Trinidad and Tobago,135,TTO,0.828,0.739,0.889,0.767,0.849,0.841
52,1977,Trinidad and Tobago,135,TTO,0.831,0.85,0.889,0.769,0.851,0.841
52,1978,Trinidad and Tobago,135,TTO,0.84,0.85,0.884,0.769,0.849,0.841
52,1979,Trinidad and Tobago,135,TTO,0.841,0.85,0.89,0.769,0.847,0.841
52,1980,Trinidad and Tobago,135,TTO,0.839,0.85,0.888,0.793,0.86,0.841
52,1981,Trinidad and Tobago,135,TTO,0.845,0.835,0.888,0.802,0.855,0.841
52,1982,Trinidad and Tobago,135,TTO,0.847,0.835,0.888,0.78,0.858,0.841
52,1983,Trinidad and Tobago,135,TTO,0.847,0.835,0.888,0.78,0.857,0.841
52,1984,Trinidad and Tobago,135,TTO,0.846,0.835,0.888,0.787,0.859,0.841
52,1985,Trinidad and Tobago,135,TTO,0.845,0.835,0.888,0.787,0.855,0.841
52,1986,Trinidad and Tobago,135,TTO,0.87,0.849,0.888,0.811,0.86,0.841
52,1987,Trinidad and Tobago,135,TTO,0.871,0.874,0.888,0.826,0.86,0.841
52,1988,Trinidad and Tobago,135,TTO,0.87,0.874,0.888,0.826,0.856,0.841
52,1989,Trinidad and Tobago,135,TTO,0.87,0.874,0.888,0.826,0.859,0.841
52,1990,Trinidad and Tobago,135,TTO,0.87,0.886,0.892,0.84,0.856,0.841
52,1991,Trinidad and Tobago,135,TTO,0.877,0.936,0.892,0.855,0.857,0.841
52,1992,Trinidad and Tobago,135,TTO,0.876,0.936,0.892,0.86,0.859,0.841
52,1993,Trinidad and Tobago,135,TTO,0.876,0.936,0.892,0.86,0.857,0.841
52,1994,Trinidad and Tobago,135,TTO,0.878,0.936,0.892,0.86,0.858,0.841
52,1995,Trinidad and Tobago,135,TTO,0.882,0.936,0.892,0.849,0.858,0.841
52,1996,Trinidad and Tobago,135,TTO,0.881,0.936,0.895,0.85,0.857,0.841
52,1997,Trinidad and Tobago,135,TTO,0.882,0.936,0.895,0.85,0.854,0.841
52,1998,Trinidad and Tobago,135,TTO,0.881,0.936,0.895,0.85,0.855,0.841
52,1999,Trinidad and Tobago,135,TTO,0.881,0.936,0.895,0.85,0.859,0.841
52,2000,Trinidad and Tobago,135,TTO,0.862,0.936,0.895,0.865,0.868,0.841
52,2001,Trinidad and Tobago,135,TTO,0.859,0.936,0.895,0.865,0.868,0.841
52,2002,Trinidad and Tobago,135,TTO,0.869,0.936,0.895,0.865,0.866,0.841
52,2003,Trinidad and Tobago,135,TTO,0.871,0.936,0.895,0.871,0.868,0.841
52,2004,Trinidad and Tobago,135,TTO,0.87,0.936,0.895,0.871,0.871,0.841
52,2005,Trinidad and Tobago,135,TTO,0.869,0.936,0.899,0.869,0.867,0.841
52,2006,Trinidad and Tobago,135,TTO,0.869,0.936,0.899,0.879,0.867,0.841
52,2007,Trinidad and Tobago,135,TTO,0.883,0.936,0.899,0.873,0.868,0.841
52,2008,Trinidad and Tobago,135,TTO,0.884,0.936,0.899,0.869,0.865,0.841
52,2009,Trinidad and Tobago,135,TTO,0.884,0.936,0.899,0.869,0.866,0.841
52,2010,Trinidad and Tobago,135,TTO,0.891,0.936,0.898,0.877,0.869,0.841
52,2011,Trinidad and Tobago,135,TTO,0.891,0.936,0.898,0.877,0.868,0.841
52,2012,Trinidad and Tobago,135,TTO,0.89,0.936,0.898,0.877,0.867,0.841
52,2013,Trinidad and Tobago,135,TTO,0.889,0.916,0.905,0.84,0.869,0.841
52,2014,Trinidad and Tobago,135,TTO,0.889,0.916,0.899,0.84,0.867,0.841
52,2015,Trinidad and Tobago,135,TTO,0.899,0.916,0.907,0.85,0.867,0.841
52,2016,Trinidad and Tobago,135,TTO,0.899,0.916,0.913,0.845,0.869,0.878
52,2017,Trinidad and Tobago,135,TTO,0.898,0.916,0.896,0.846,0.874,0.878
52,2018,Trinidad and Tobago,135,TTO,0.887,0.916,0.903,0.852,0.875,0.878
52,2019,Trinidad and Tobago,135,TTO,0.882,0.906,0.904,0.859,0.88,0.878
52,2020,Trinidad and Tobago,135,TTO,0.882,0.898,0.886,0.867,0.877,0.866
52,2021,Trinidad and Tobago,135,TTO,0.88,0.918,0.862,0.914,0.878,0.916
52,2022,Trinidad and Tobago,135,TTO,0.881,0.904,0.86,0.898,0.877,0.916
52,2023,Trinidad and Tobago,135,TTO,0.88,0.904,0.86,0.898,0.879,0.904
52,2024,Trinidad and Tobago,135,TTO,0.881,0.904,0.86,0.898,0.881,0.904
53,1968,Barbados,147,BRB,0.862,0.898,0.854,0.859,0.797,0.921
53,1969,Barbados,147,BRB,0.868,0.898,0.848,0.859,0.796,0.921
53,1970,Barbados,147,BRB,0.867,0.898,0.889,0.859,0.797,0.921
53,1971,Barbados,147,BRB,0.867,0.898,0.889,0.859,0.796,0.921
53,1972,Barbados,147,BRB,0.867,0.898,0.889,0.859,0.814,0.921
53,1973,Barbados,147,BRB,0.867,0.898,0.889,0.866,0.814,0.921
53,1974,Barbados,147,BRB,0.868,0.898,0.889,0.866,0.811,0.921
53,1975,Barbados,147,BRB,0.867,0.898,0.889,0.866,0.811,0.921
53,1976,Barbados,147,BRB,0.868,0.898,0.899,0.866,0.813,0.921
53,1977,Barbados,147,BRB,0.868,0.898,0.899,0.866,0.812,0.921
53,1978,Barbados,147,BRB,0.868,0.898,0.899,0.866,0.811,0.921
53,1979,Barbados,147,BRB,0.869,0.898,0.899,0.866,0.812,0.921
53,1980,Barbados,147,BRB,0.867,0.898,0.911,0.877,0.809,0.921
53,1981,Barbados,147,BRB,0.868,0.898,0.911,0.877,0.808,0.921
53,1982,Barbados,147,BRB,0.868,0.898,0.911,0.877,0.799,0.921
53,1983,Barbados,147,BRB,0.868,0.898,0.911,0.877,0.798,0.921
53,1984,Barbados,147,BRB,0.868,0.898,0.911,0.877,0.799,0.921
53,1985,Barbados,147,BRB,0.867,0.898,0.911,0.877,0.801,0.921
53,1986,Barbados,147,BRB,0.866,0.898,0.911,0.877,0.802,0.921
53,1987,Barbados,147,BRB,0.866,0.898,0.911,0.877,0.801,0.921
53,1988,Barbados,147,BRB,0.866,0.898,0.911,0.877,0.801,0.921
53,1989,Barbados,147,BRB,0.867,0.898,0.911,0.877,0.814,0.921
53,1990,Barbados,147,BRB,0.866,0.916,0.912,0.885,0.817,0.921
53,1991,Barbados,147,BRB,0.881,0.916,0.912,0.885,0.81,0.921
53,1992,Barbados,147,BRB,0.883,0.916,0.912,0.885,0.814,0.921
53,1993,Barbados,147,BRB,0.881,0.916,0.912,0.885,0.817,0.921
53,1994,Barbados,147,BRB,0.886,0.916,0.912,0.885,0.816,0.921
53,1995,Barbados,147,BRB,0.887,0.916,0.912,0.885,0.812,0.921
53,1996,Barbados,147,BRB,0.886,0.916,0.912,0.885,0.816,0.921
53,1997,Barbados,147,BRB,0.887,0.916,0.912,0.885,0.815,0.921
53,1998,Barbados,147,BRB,0.887,0.916,0.912,0.885,0.814,0.921
53,1999,Barbados,147,BRB,0.888,0.916,0.912,0.885,0.812,0.921
53,2000,Barbados,147,BRB,0.889,0.916,0.912,0.881,0.812,0.921
53,2001,Barbados,147,BRB,0.889,0.916,0.912,0.881,0.815,0.921
53,2002,Barbados,147,BRB,0.889,0.916,0.912,0.881,0.819,0.921
53,2003,Barbados,147,BRB,0.888,0.916,0.912,0.881,0.813,0.921
53,2004,Barbados,147,BRB,0.888,0.916,0.912,0.881,0.818,0.921
53,2005,Barbados,147,BRB,0.888,0.916,0.912,0.881,0.816,0.921
53,2006,Barbados,147,BRB,0.887,0.916,0.904,0.881,0.814,0.921
53,2007,Barbados,147,BRB,0.889,0.916,0.912,0.881,0.817,0.921
53,2008,Barbados,147,BRB,0.902,0.916,0.912,0.881,0.815,0.921
53,2009,Barbados,147,BRB,0.903,0.916,0.912,0.881,0.814,0.921
53,2010,Barbados,147,BRB,0.903,0.916,0.911,0.881,0.817,0.921
53,2011,Barbados,147,BRB,0.904,0.916,0.911,0.881,0.816,0.921
53,2012,Barbados,147,BRB,0.903,0.916,0.911,0.881,0.812,0.921
53,2013,Barbados,147,BRB,0.901,0.916,0.911,0.881,0.815,0.921
53,2014,Barbados,147,BRB,0.901,0.916,0.904,0.881,0.817,0.921
53,2015,Barbados,147,BRB,0.902,0.908,0.925,0.881,0.809,0.887
53,2016,Barbados,147,BRB,0.901,0.908,0.925,0.881,0.813,0.887
53,2017,Barbados,147,BRB,0.896,0.908,0.911,0.89,0.81,0.887
53,2018,Barbados,147,BRB,0.907,0.88,0.901,0.897,0.811,0.925
53,2019,Barbados,147,BRB,0.906,0.9,0.901,0.905,0.812,0.925
53,2020,Barbados,147,BRB,0.911,0.9,0.91,0.905,0.813,0.925
53,2021,Barbados,147,BRB,0.904,0.9,0.91,0.905,0.811,0.925
53,2022,Barbados,147,BRB,0.903,0.9,0.91,0.905,0.814,0.925
53,2023,Barbados,147,BRB,0.902,0.9,0.91,0.905,0.819,0.925
53,2024,Barbados,147,BRB,0.901,0.9,0.91,0.905,0.822,0.925
70,1968,Mexico,3,MEX,0.469,0.212,0.462,0.391,0.081,0.24
70,1969,Mexico,3,MEX,0.47,0.238,0.462,0.422,0.083,0.24
70,1970,Mexico,3,MEX,0.428,0.261,0.462,0.474,0.083,0.24
70,1971,Mexico,3,MEX,0.429,0.293,0.462,0.474,0.084,0.24
70,1972,Mexico,3,MEX,0.427,0.296,0.462,0.492,0.081,0.24
70,1973,Mexico,3,MEX,0.425,0.296,0.462,0.486,0.082,0.24
70,1974,Mexico,3,MEX,0.433,0.296,0.462,0.486,0.084,0.24
70,1975,Mexico,3,MEX,0.433,0.296,0.464,0.486,0.085,0.24
70,1976,Mexico,3,MEX,0.479,0.316,0.464,0.486,0.082,0.24
70,1977,Mexico,3,MEX,0.482,0.374,0.493,0.51,0.082,0.24
70,1978,Mexico,3,MEX,0.488,0.374,0.493,0.527,0.084,0.24
70,1979,Mexico,3,MEX,0.491,0.374,0.493,0.527,0.083,0.24
70,1980,Mexico,3,MEX,0.493,0.374,0.493,0.527,0.082,0.24
70,1981,Mexico,3,MEX,0.494,0.374,0.499,0.527,0.083,0.24
70,1982,Mexico,3,MEX,0.543,0.374,0.499,0.527,0.114,0.31899999999999995
70,1983,Mexico,3,MEX,0.545,0.374,0.506,0.527,0.139,0.352
70,1984,Mexico,3,MEX,0.544,0.374,0.506,0.527,0.141,0.352
70,1985,Mexico,3,MEX,0.557,0.402,0.506,0.527,0.141,0.352
70,1986,Mexico,3,MEX,0.559,0.402,0.506,0.527,0.141,0.352
70,1987,Mexico,3,MEX,0.555,0.402,0.506,0.538,0.14,0.352
70,1988,Mexico,3,MEX,0.631,0.402,0.506,0.547,0.177,0.352
70,1989,Mexico,3,MEX,0.632,0.426,0.513,0.577,0.218,0.352
70,1990,Mexico,3,MEX,0.663,0.426,0.524,0.587,0.229,0.352
70,1991,Mexico,3,MEX,0.698,0.426,0.531,0.612,0.223,0.352
70,1992,Mexico,3,MEX,0.698,0.426,0.554,0.612,0.222,0.352
70,1993,Mexico,3,MEX,0.709,0.426,0.554,0.634,0.228,0.352
70,1994,Mexico,3,MEX,0.737,0.456,0.572,0.677,0.373,0.42300000000000004
70,1995,Mexico,3,MEX,0.738,0.473,0.587,0.687,0.389,0.494
70,1996,Mexico,3,MEX,0.787,0.473,0.587,0.687,0.391,0.494
70,1997,Mexico,3,MEX,0.874,0.52,0.588,0.687,0.565,0.5589999999999999
70,1998,Mexico,3,MEX,0.873,0.619,0.588,0.687,0.569,0.5589999999999999
70,1999,Mexico,3,MEX,0.874,0.671,0.588,0.687,0.569,0.5589999999999999
70,2000,Mexico,3,MEX,0.89,0.767,0.59,0.775,0.76,0.623
70,2001,Mexico,3,MEX,0.881,0.842,0.602,0.775,0.723,0.645
70,2002,Mexico,3,MEX,0.882,0.842,0.602,0.797,0.719,0.645
70,2003,Mexico,3,MEX,0.901,0.842,0.602,0.797,0.719,0.503
70,2004,Mexico,3,MEX,0.901,0.842,0.602,0.797,0.714,0.503
70,2005,Mexico,3,MEX,0.901,0.842,0.602,0.797,0.713,0.503
70,2006,Mexico,3,MEX,0.853,0.835,0.587,0.793,0.719,0.512
70,2007,Mexico,3,MEX,0.855,0.825,0.592,0.797,0.718,0.512
70,2008,Mexico,3,MEX,0.861,0.825,0.592,0.791,0.718,0.512
70,2009,Mexico,3,MEX,0.875,0.825,0.59,0.787,0.709,0.512
70,2010,Mexico,3,MEX,0.875,0.846,0.585,0.789,0.721,0.501
70,2011,Mexico,3,MEX,0.874,0.846,0.585,0.785,0.716,0.501
70,2012,Mexico,3,MEX,0.859,0.843,0.593,0.796,0.714,0.482
70,2013,Mexico,3,MEX,0.859,0.777,0.595,0.77,0.643,0.37
70,2014,Mexico,3,MEX,0.861,0.777,0.584,0.771,0.646,0.37
70,2015,Mexico,3,MEX,0.862,0.777,0.6,0.795,0.636,0.37
70,2016,Mexico,3,MEX,0.862,0.777,0.6,0.795,0.649,0.37
70,2017,Mexico,3,MEX,0.866,0.802,0.618,0.771,0.664,0.37
70,2018,Mexico,3,MEX,0.892,0.846,0.625,0.842,0.599,0.378
70,2019,Mexico,3,MEX,0.891,0.878,0.601,0.795,0.474,0.474
70,2020,Mexico,3,MEX,0.892,0.829,0.597,0.757,0.49,0.498
70,2021,Mexico,3,MEX,0.874,0.727,0.567,0.76,0.518,0.56
70,2022,Mexico,3,MEX,0.868,0.712,0.573,0.7,0.446,0.485
70,2023,Mexico,3,MEX,0.845,0.715,0.586,0.665,0.391,0.507
70,2024,Mexico,3,MEX,0.78,0.609,0.506,0.671,0.342,0.513
90,1968,Guatemala,78,GTM,0.377,0.351,0.055,0.131,0.25,0.246
90,1969,Guatemala,78,GTM,0.377,0.351,0.049,0.131,0.248,0.246
90,1970,Guatemala,78,GTM,0.343,0.253,0.047,0.113,0.216,0.246
90,1971,Guatemala,78,GTM,0.344,0.173,0.045,0.103,0.216,0.246
90,1972,Guatemala,78,GTM,0.343,0.173,0.045,0.103,0.217,0.246
90,1973,Guatemala,78,GTM,0.343,0.184,0.043,0.103,0.22,0.246
90,1974,Guatemala,78,GTM,0.336,0.261,0.035,0.103,0.212,0.267
90,1975,Guatemala,78,GTM,0.336,0.291,0.041,0.106,0.219,0.267
90,1976,Guatemala,78,GTM,0.337,0.232,0.035,0.099,0.214,0.267
90,1977,Guatemala,78,GTM,0.337,0.231,0.024,0.088,0.213,0.267
90,1978,Guatemala,78,GTM,0.338,0.167,0.02,0.076,0.087,0.15900000000000003
90,1979,Guatemala,78,GTM,0.337,0.135,0.018,0.076,0.086,0.15900000000000003
90,1980,Guatemala,78,GTM,0.337,0.118,0.016,0.076,0.085,0.15900000000000003
90,1981,Guatemala,78,GTM,0.337,0.118,0.016,0.076,0.086,0.17900000000000005
90,1982,Guatemala,78,GTM,0.344,0.095,0.011,0.076,0.173,0.17900000000000005
90,1983,Guatemala,78,GTM,0.18,0.068,0.013,0.081,0.163,0.256
90,1984,Guatemala,78,GTM,0.516,0.212,0.016,0.089,0.22,0.256
90,1985,Guatemala,78,GTM,0.686,0.456,0.029,0.231,0.228,0.256
90,1986,Guatemala,78,GTM,0.704,0.611,0.094,0.403,0.465,0.14200000000000002
90,1987,Guatemala,78,GTM,0.702,0.723,0.169,0.471,0.468,0.14200000000000002
90,1988,Guatemala,78,GTM,0.702,0.723,0.169,0.471,0.464,0.14200000000000002
90,1989,Guatemala,78,GTM,0.704,0.723,0.169,0.471,0.47,0.14200000000000002
90,1990,Guatemala,78,GTM,0.742,0.753,0.174,0.471,0.531,0.14200000000000002
90,1991,Guatemala,78,GTM,0.742,0.732,0.164,0.462,0.533,0.14200000000000002
90,1992,Guatemala,78,GTM,0.742,0.732,0.164,0.462,0.536,0.14200000000000002
90,1993,Guatemala,78,GTM,0.741,0.732,0.171,0.469,0.572,0.16800000000000004
90,1994,Guatemala,78,GTM,0.74,0.784,0.186,0.519,0.62,0.16800000000000004
90,1995,Guatemala,78,GTM,0.748,0.784,0.186,0.535,0.624,0.16800000000000004
90,1996,Guatemala,78,GTM,0.752,0.826,0.255,0.603,0.567,0.235
90,1997,Guatemala,78,GTM,0.766,0.87,0.341,0.665,0.557,0.235
90,1998,Guatemala,78,GTM,0.765,0.87,0.345,0.665,0.562,0.235
90,1999,Guatemala,78,GTM,0.772,0.87,0.336,0.665,0.575,0.21799999999999997
90,2000,Guatemala,78,GTM,0.774,0.87,0.525,0.754,0.695,0.16700000000000004
90,2001,Guatemala,78,GTM,0.774,0.87,0.537,0.754,0.693,0.16700000000000004
90,2002,Guatemala,78,GTM,0.773,0.87,0.541,0.754,0.699,0.16700000000000004
90,2003,Guatemala,78,GTM,0.778,0.87,0.541,0.754,0.695,0.16700000000000004
90,2004,Guatemala,78,GTM,0.778,0.87,0.554,0.754,0.712,0.27
90,2005,Guatemala,78,GTM,0.776,0.87,0.554,0.754,0.719,0.27
90,2006,Guatemala,78,GTM,0.774,0.87,0.552,0.754,0.722,0.27
90,2007,Guatemala,78,GTM,0.811,0.87,0.552,0.749,0.738,0.27
90,2008,Guatemala,78,GTM,0.808,0.87,0.555,0.754,0.735,0.28700000000000003
90,2009,Guatemala,78,GTM,0.809,0.87,0.553,0.757,0.736,0.28700000000000003
90,2010,Guatemala,78,GTM,0.808,0.87,0.563,0.757,0.727,0.28700000000000003
90,2011,Guatemala,78,GTM,0.803,0.87,0.563,0.757,0.728,0.28700000000000003
90,2012,Guatemala,78,GTM,0.803,0.87,0.562,0.758,0.71,0.28700000000000003
90,2013,Guatemala,78,GTM,0.801,0.846,0.565,0.77,0.769,0.32299999999999995
90,2014,Guatemala,78,GTM,0.81,0.846,0.565,0.757,0.778,0.32299999999999995
90,2015,Guatemala,78,GTM,0.848,0.846,0.567,0.765,0.791,0.32299999999999995
90,2016,Guatemala,78,GTM,0.846,0.846,0.574,0.774,0.794,0.43899999999999995
90,2017,Guatemala,78,GTM,0.848,0.851,0.596,0.778,0.766,0.41100000000000003
90,2018,Guatemala,78,GTM,0.845,0.835,0.571,0.718,0.701,0.28
90,2019,Guatemala,78,GTM,0.818,0.856,0.578,0.732,0.719,0.30400000000000005
90,2020,Guatemala,78,GTM,0.809,0.774,0.561,0.749,0.681,0.31299999999999994
90,2021,Guatemala,78,GTM,0.798,0.713,0.577,0.703,0.619,0.31299999999999994
90,2022,Guatemala,78,GTM,0.788,0.681,0.546,0.643,0.559,0.261
90,2023,Guatemala,78,GTM,0.783,0.681,0.559,0.671,0.522,0.261
90,2024,Guatemala,78,GTM,0.792,0.778,0.582,0.811,0.865,0.373
91,1968,Honduras,27,HND,0.186,0.198,0.24,0.423,0.183,0.14400000000000002
91,1969,Honduras,27,HND,0.188,0.198,0.24,0.423,0.182,0.14400000000000002
91,1970,Honduras,27,HND,0.196,0.198,0.23,0.43,0.181,0.14400000000000002
91,1971,Honduras,27,HND,0.657,0.198,0.23,0.43,0.21,0.14400000000000002
91,1972,Honduras,27,HND,0.652,0.198,0.241,0.426,0.211,0.14400000000000002
91,1973,Honduras,27,HND,0.181,0.198,0.241,0.426,0.177,0.14400000000000002
91,1974,Honduras,27,HND,0.181,0.198,0.241,0.426,0.183,0.14400000000000002
91,1975,Honduras,27,HND,0.182,0.198,0.241,0.426,0.176,0.14400000000000002
91,1976,Honduras,27,HND,0.181,0.198,0.246,0.426,0.177,0.14400000000000002
91,1977,Honduras,27,HND,0.19,0.198,0.246,0.422,0.18,0.14400000000000002
91,1978,Honduras,27,HND,0.196,0.16,0.241,0.422,0.135,0.14400000000000002
91,1979,Honduras,27,HND,0.203,0.115,0.237,0.426,0.139,0.14400000000000002
91,1980,Honduras,27,HND,0.718,0.184,0.298,0.528,0.208,0.14400000000000002
91,1981,Honduras,27,HND,0.762,0.184,0.382,0.547,0.203,0.14400000000000002
91,1982,Honduras,27,HND,0.762,0.184,0.376,0.553,0.241,0.18000000000000005
91,1983,Honduras,27,HND,0.761,0.293,0.36,0.553,0.258,0.19499999999999995
91,1984,Honduras,27,HND,0.763,0.293,0.36,0.553,0.256,0.19499999999999995
91,1985,Honduras,27,HND,0.741,0.293,0.362,0.553,0.258,0.19499999999999995
91,1986,Honduras,27,HND,0.741,0.337,0.391,0.583,0.257,0.19499999999999995
91,1987,Honduras,27,HND,0.742,0.344,0.391,0.584,0.254,0.19499999999999995
91,1988,Honduras,27,HND,0.74,0.344,0.429,0.584,0.255,0.19499999999999995
91,1989,Honduras,27,HND,0.786,0.371,0.434,0.584,0.255,0.19499999999999995
91,1990,Honduras,27,HND,0.787,0.674,0.516,0.675,0.268,0.19499999999999995
91,1991,Honduras,27,HND,0.787,0.674,0.533,0.691,0.267,0.19499999999999995
91,1992,Honduras,27,HND,0.786,0.674,0.544,0.691,0.27,0.19499999999999995
91,1993,Honduras,27,HND,0.792,0.674,0.526,0.691,0.27,0.19499999999999995
91,1994,Honduras,27,HND,0.796,0.712,0.571,0.699,0.267,0.19499999999999995
91,1995,Honduras,27,HND,0.796,0.761,0.593,0.727,0.271,0.19499999999999995
91,1996,Honduras,27,HND,0.795,0.797,0.597,0.739,0.27,0.19499999999999995
91,1997,Honduras,27,HND,0.794,0.797,0.61,0.739,0.267,0.19499999999999995
91,1998,Honduras,27,HND,0.793,0.833,0.616,0.739,0.267,0.19499999999999995
91,1999,Honduras,27,HND,0.794,0.833,0.616,0.744,0.276,0.19499999999999995
91,2000,Honduras,27,HND,0.794,0.833,0.621,0.744,0.338,0.19499999999999995
91,2001,Honduras,27,HND,0.793,0.833,0.641,0.744,0.339,0.19499999999999995
91,2002,Honduras,27,HND,0.794,0.833,0.641,0.744,0.339,0.19499999999999995
91,2003,Honduras,27,HND,0.793,0.853,0.645,0.765,0.339,0.19499999999999995
91,2004,Honduras,27,HND,0.793,0.853,0.645,0.765,0.34,0.19499999999999995
91,2005,Honduras,27,HND,0.73,0.853,0.645,0.765,0.342,0.19499999999999995
91,2006,Honduras,27,HND,0.732,0.853,0.661,0.796,0.348,0.19499999999999995
91,2007,Honduras,27,HND,0.732,0.853,0.661,0.802,0.348,0.19499999999999995
91,2008,Honduras,27,HND,0.732,0.853,0.659,0.791,0.411,0.19499999999999995
91,2009,Honduras,27,HND,0.654,0.738,0.536,0.617,0.524,0.19499999999999995
91,2010,Honduras,27,HND,0.657,0.766,0.564,0.646,0.34,0.17800000000000005
91,2011,Honduras,27,HND,0.655,0.791,0.587,0.679,0.346,0.17800000000000005
91,2012,Honduras,27,HND,0.655,0.799,0.606,0.673,0.337,0.17800000000000005
91,2013,Honduras,27,HND,0.703,0.799,0.636,0.68,0.348,0.17800000000000005
91,2014,Honduras,27,HND,0.695,0.792,0.654,0.679,0.365,0.17800000000000005
91,2015,Honduras,27,HND,0.697,0.792,0.626,0.662,0.331,0.17800000000000005
91,2016,Honduras,27,HND,0.697,0.792,0.621,0.659,0.339,0.17800000000000005
91,2017,Honduras,27,HND,0.59,0.78,0.61,0.677,0.341,0.19299999999999995
91,2018,Honduras,27,HND,0.599,0.886,0.652,0.656,0.391,0.14900000000000002
91,2019,Honduras,27,HND,0.621,0.886,0.633,0.652,0.362,0.14900000000000002
91,2020,Honduras,27,HND,0.621,0.886,0.624,0.683,0.366,0.14900000000000002
91,2021,Honduras,27,HND,0.748,0.886,0.615,0.719,0.375,0.18400000000000005
91,2022,Honduras,27,HND,0.752,0.911,0.722,0.884,0.553,0.18400000000000005
91,2023,Honduras,27,HND,0.754,0.911,0.751,0.89,0.602,0.22799999999999998
91,2024,Honduras,27,HND,0.755,0.911,0.753,0.878,0.527,0.252
92,1968,El Salvador,22,SLV,0.41,0.51,0.117,0.154,0.056,0.29700000000000004
92,1969,El Salvador,22,SLV,0.409,0.51,0.108,0.153,0.057,0.29700000000000004
92,1970,El Salvador,22,SLV,0.391,0.465,0.106,0.149,0.056,0.29700000000000004
92,1971,El Salvador,22,SLV,0.392,0.465,0.106,0.149,0.055,0.29700000000000004
92,1972,El Salvador,22,SLV,0.392,0.37,0.081,0.145,0.076,0.29700000000000004
92,1973,El Salvador,22,SLV,0.391,0.315,0.058,0.115,0.052,0.29700000000000004
92,1974,El Salvador,22,SLV,0.388,0.315,0.054,0.115,0.052,0.29700000000000004
92,1975,El Salvador,22,SLV,0.39,0.315,0.054,0.115,0.053,0.29700000000000004
92,1976,El Salvador,22,SLV,0.37,0.315,0.054,0.115,0.052,0.29700000000000004
92,1977,El Salvador,22,SLV,0.389,0.315,0.051,0.108,0.051,0.29700000000000004
92,1978,El Salvador,22,SLV,0.39,0.307,0.044,0.108,0.051,0.29700000000000004
92,1979,El Salvador,22,SLV,0.39,0.307,0.043,0.112,0.049,0.29700000000000004
92,1980,El Salvador,22,SLV,0.185,0.28,0.044,0.118,0.054,0.406
92,1981,El Salvador,22,SLV,0.188,0.28,0.044,0.125,0.053,0.406
92,1982,El Salvador,22,SLV,0.415,0.28,0.05,0.125,0.148,0.406
92,1983,El Salvador,22,SLV,0.187,0.281,0.05,0.159,0.146,0.406
92,1984,El Salvador,22,SLV,0.497,0.281,0.05,0.162,0.151,0.32799999999999996
92,1985,El Salvador,22,SLV,0.508,0.281,0.059,0.179,0.22,0.32799999999999996
92,1986,El Salvador,22,SLV,0.511,0.281,0.059,0.179,0.218,0.32799999999999996
92,1987,El Salvador,22,SLV,0.51,0.281,0.057,0.179,0.218,0.32799999999999996
92,1988,El Salvador,22,SLV,0.531,0.281,0.057,0.179,0.215,0.32799999999999996
92,1989,El Salvador,22,SLV,0.538,0.293,0.058,0.202,0.212,0.4
92,1990,El Salvador,22,SLV,0.54,0.293,0.086,0.239,0.209,0.4
92,1991,El Salvador,22,SLV,0.576,0.328,0.094,0.239,0.211,0.4
92,1992,El Salvador,22,SLV,0.602,0.437,0.335,0.402,0.326,0.42500000000000004
92,1993,El Salvador,22,SLV,0.611,0.768,0.545,0.676,0.345,0.46799999999999997
92,1994,El Salvador,22,SLV,0.746,0.785,0.558,0.704,0.393,0.46799999999999997
92,1995,El Salvador,22,SLV,0.734,0.781,0.564,0.704,0.467,0.46799999999999997
92,1996,El Salvador,22,SLV,0.735,0.793,0.573,0.704,0.463,0.46799999999999997
92,1997,El Salvador,22,SLV,0.736,0.817,0.573,0.713,0.464,0.46799999999999997
92,1998,El Salvador,22,SLV,0.74,0.817,0.613,0.713,0.477,0.46799999999999997
92,1999,El Salvador,22,SLV,0.745,0.817,0.613,0.722,0.471,0.46799999999999997
92,2000,El Salvador,22,SLV,0.749,0.817,0.632,0.777,0.491,0.46799999999999997
92,2001,El Salvador,22,SLV,0.753,0.817,0.632,0.777,0.486,0.46799999999999997
92,2002,El Salvador,22,SLV,0.758,0.817,0.628,0.777,0.49,0.46799999999999997
92,2003,El Salvador,22,SLV,0.756,0.817,0.628,0.769,0.498,0.46799999999999997
92,2004,El Salvador,22,SLV,0.755,0.817,0.639,0.772,0.503,0.33099999999999996
92,2005,El Salvador,22,SLV,0.754,0.817,0.652,0.775,0.499,0.33099999999999996
92,2006,El Salvador,22,SLV,0.783,0.817,0.652,0.778,0.502,0.33099999999999996
92,2007,El Salvador,22,SLV,0.784,0.817,0.652,0.778,0.498,0.33099999999999996
92,2008,El Salvador,22,SLV,0.783,0.817,0.652,0.779,0.511,0.33099999999999996
92,2009,El Salvador,22,SLV,0.796,0.834,0.652,0.826,0.631,0.34299999999999997
92,2010,El Salvador,22,SLV,0.8,0.874,0.652,0.856,0.656,0.34299999999999997
92,2011,El Salvador,22,SLV,0.801,0.874,0.656,0.856,0.655,0.34299999999999997
92,2012,El Salvador,22,SLV,0.808,0.874,0.66,0.847,0.659,0.34299999999999997
92,2013,El Salvador,22,SLV,0.815,0.858,0.653,0.843,0.694,0.41800000000000004
92,2014,El Salvador,22,SLV,0.843,0.858,0.652,0.843,0.693,0.41800000000000004
92,2015,El Salvador,22,SLV,0.839,0.858,0.643,0.843,0.691,0.41800000000000004
92,2016,El Salvador,22,SLV,0.838,0.858,0.654,0.85,0.697,0.398
92,2017,El Salvador,22,SLV,0.84,0.858,0.643,0.87,0.701,0.372
92,2018,El Salvador,22,SLV,0.826,0.899,0.625,0.796,0.687,0.29800000000000004
92,2019,El Salvador,22,SLV,0.821,0.775,0.598,0.719,0.673,0.33899999999999997
92,2020,El Salvador,22,SLV,0.811,0.702,0.498,0.589,0.621,0.33299999999999996
92,2021,El Salvador,22,SLV,0.714,0.609,0.425,0.437,0.243,0.33299999999999996
92,2022,El Salvador,22,SLV,0.691,0.556,0.311,0.418,0.109,0.33299999999999996
92,2023,El Salvador,22,SLV,0.691,0.574,0.284,0.424,0.077,0.33299999999999996
92,2024,El Salvador,22,SLV,0.64,0.511,0.307,0.389,0.044,0.391
93,1968,Nicaragua,59,NIC,0.343,0.044,0.115,0.264,0.035,0.018000000000000016
93,1969,Nicaragua,59,NIC,0.343,0.044,0.115,0.264,0.035,0.018000000000000016
93,1970,Nicaragua,59,NIC,0.343,0.044,0.117,0.264,0.034,0.018000000000000016
93,1971,Nicaragua,59,NIC,0.343,0.044,0.117,0.264,0.034,0.018000000000000016
93,1972,Nicaragua,59,NIC,0.317,0.078,0.117,0.264,0.03,0.018000000000000016
93,1973,Nicaragua,59,NIC,0.225,0.078,0.117,0.264,0.033,0.018000000000000016
93,1974,Nicaragua,59,NIC,0.316,0.078,0.117,0.264,0.034,0.018000000000000016
93,1975,Nicaragua,59,NIC,0.315,0.078,0.117,0.264,0.034,0.018000000000000016
93,1976,Nicaragua,59,NIC,0.315,0.078,0.117,0.264,0.034,0.018000000000000016
93,1977,Nicaragua,59,NIC,0.315,0.078,0.113,0.239,0.034,0.018000000000000016
93,1978,Nicaragua,59,NIC,0.315,0.078,0.113,0.239,0.034,0.018000000000000016
93,1979,Nicaragua,59,NIC,0.324,0.078,0.112,0.237,0.101,0.15200000000000002
93,1980,Nicaragua,59,NIC,0.217,0.533,0.47,0.496,0.191,0.45099999999999996
93,1981,Nicaragua,59,NIC,0.218,0.533,0.47,0.528,0.189,0.45099999999999996
93,1982,Nicaragua,59,NIC,0.215,0.387,0.368,0.456,0.194,0.45099999999999996
93,1983,Nicaragua,59,NIC,0.218,0.387,0.368,0.456,0.18,0.45099999999999996
93,1984,Nicaragua,59,NIC,0.724,0.53,0.451,0.495,0.389,0.41400000000000003
93,1985,Nicaragua,59,NIC,0.723,0.435,0.387,0.46,0.412,0.41400000000000003
93,1986,Nicaragua,59,NIC,0.724,0.435,0.387,0.46,0.413,0.41400000000000003
93,1987,Nicaragua,59,NIC,0.725,0.468,0.387,0.46,0.406,0.281
93,1988,Nicaragua,59,NIC,0.727,0.468,0.446,0.517,0.402,0.247
93,1989,Nicaragua,59,NIC,0.734,0.673,0.446,0.517,0.401,0.247
93,1990,Nicaragua,59,NIC,0.827,0.788,0.627,0.832,0.696,0.5549999999999999
93,1991,Nicaragua,59,NIC,0.828,0.889,0.694,0.89,0.735,0.5469999999999999
93,1992,Nicaragua,59,NIC,0.828,0.867,0.714,0.892,0.735,0.5880000000000001
93,1993,Nicaragua,59,NIC,0.828,0.883,0.755,0.893,0.732,0.5880000000000001
93,1994,Nicaragua,59,NIC,0.828,0.883,0.755,0.895,0.733,0.5880000000000001
93,1995,Nicaragua,59,NIC,0.827,0.883,0.773,0.89,0.729,0.5880000000000001
93,1996,Nicaragua,59,NIC,0.803,0.883,0.761,0.887,0.712,0.34099999999999997
93,1997,Nicaragua,59,NIC,0.802,0.868,0.761,0.87,0.662,0.21899999999999997
93,1998,Nicaragua,59,NIC,0.802,0.868,0.761,0.87,0.658,0.21899999999999997
93,1999,Nicaragua,59,NIC,0.772,0.776,0.735,0.87,0.66,0.21899999999999997
93,2000,Nicaragua,59,NIC,0.769,0.776,0.736,0.868,0.657,0.21899999999999997
93,2001,Nicaragua,59,NIC,0.777,0.776,0.736,0.868,0.656,0.31899999999999995
93,2002,Nicaragua,59,NIC,0.777,0.776,0.746,0.875,0.624,0.258
93,2003,Nicaragua,59,NIC,0.777,0.734,0.746,0.867,0.624,0.258
93,2004,Nicaragua,59,NIC,0.778,0.734,0.749,0.867,0.628,0.258
93,2005,Nicaragua,59,NIC,0.777,0.734,0.749,0.867,0.623,0.258
93,2006,Nicaragua,59,NIC,0.73,0.675,0.722,0.829,0.526,0.258
93,2007,Nicaragua,59,NIC,0.714,0.562,0.682,0.673,0.322,0.17000000000000004
93,2008,Nicaragua,59,NIC,0.715,0.566,0.67,0.642,0.287,0.17000000000000004
93,2009,Nicaragua,59,NIC,0.715,0.566,0.67,0.638,0.245,0.17000000000000004
93,2010,Nicaragua,59,NIC,0.708,0.565,0.645,0.621,0.247,0.18999999999999995
93,2011,Nicaragua,59,NIC,0.625,0.565,0.644,0.615,0.246,0.18999999999999995
93,2012,Nicaragua,59,NIC,0.624,0.541,0.644,0.594,0.18,0.18999999999999995
93,2013,Nicaragua,59,NIC,0.61,0.393,0.649,0.522,0.056,0.16700000000000004
93,2014,Nicaragua,59,NIC,0.611,0.371,0.649,0.522,0.056,0.16700000000000004
93,2015,Nicaragua,59,NIC,0.611,0.371,0.643,0.521,0.055,0.16700000000000004
93,2016,Nicaragua,59,NIC,0.548,0.351,0.643,0.514,0.054,0.16700000000000004
93,2017,Nicaragua,59,NIC,0.543,0.358,0.555,0.484,0.052,0.16500000000000004
93,2018,Nicaragua,59,NIC,0.515,0.138,0.193,0.26,0.043,0.16500000000000004
93,2019,Nicaragua,59,NIC,0.514,0.124,0.178,0.239,0.04,0.16500000000000004
93,2020,Nicaragua,59,NIC,0.511,0.174,0.164,0.238,0.034,0.05500000000000005
93,2021,Nicaragua,59,NIC,0.421,0.084,0.114,0.183,0.022,0.10399999999999998
93,2022,Nicaragua,59,NIC,0.42,0.025,0.076,0.042,0.041,0.05300000000000005
93,2023,Nicaragua,59,NIC,0.417,0.033,0.037,0.032,0.021,0.139
93,2024,Nicaragua,59,NIC,0.411,0.033,0.031,0.026,0.021,0.08999999999999997
94,1968,Costa Rica,73,CRI,0.903,0.872,0.905,0.909,0.863,0.855
94,1969,Costa Rica,73,CRI,0.903,0.872,0.905,0.909,0.864,0.855
94,1970,Costa Rica,73,CRI,0.909,0.901,0.905,0.92,0.877,0.855
94,1971,Costa Rica,73,CRI,0.91,0.901,0.905,0.92,0.876,0.855
94,1972,Costa Rica,73,CRI,0.909,0.901,0.905,0.92,0.878,0.855
94,1973,Costa Rica,73,CRI,0.909,0.901,0.91,0.92,0.877,0.855
94,1974,Costa Rica,73,CRI,0.905,0.901,0.91,0.92,0.878,0.855
94,1975,Costa Rica,73,CRI,0.91,0.901,0.91,0.924,0.88,0.849
94,1976,Costa Rica,73,CRI,0.911,0.901,0.91,0.924,0.879,0.849
94,1977,Costa Rica,73,CRI,0.911,0.901,0.91,0.929,0.877,0.849
94,1978,Costa Rica,73,CRI,0.915,0.923,0.91,0.929,0.879,0.849
94,1979,Costa Rica,73,CRI,0.915,0.929,0.91,0.929,0.888,0.849
94,1980,Costa Rica,73,CRI,0.915,0.937,0.924,0.963,0.909,0.844
94,1981,Costa Rica,73,CRI,0.915,0.937,0.918,0.963,0.91,0.844
94,1982,Costa Rica,73,CRI,0.931,0.937,0.918,0.963,0.91,0.844
94,1983,Costa Rica,73,CRI,0.93,0.937,0.918,0.963,0.91,0.844
94,1984,Costa Rica,73,CRI,0.93,0.937,0.918,0.963,0.912,0.844
94,1985,Costa Rica,73,CRI,0.931,0.937,0.918,0.963,0.911,0.844
94,1986,Costa Rica,73,CRI,0.931,0.937,0.929,0.963,0.91,0.844
94,1987,Costa Rica,73,CRI,0.931,0.937,0.929,0.963,0.911,0.844
94,1988,Costa Rica,73,CRI,0.931,0.972,0.929,0.963,0.916,0.844
94,1989,Costa Rica,73,CRI,0.931,0.972,0.947,0.963,0.925,0.844
94,1990,Costa Rica,73,CRI,0.94,0.977,0.961,0.963,0.949,0.844
94,1991,Costa Rica,73,CRI,0.94,0.977,0.969,0.963,0.948,0.844
94,1992,Costa Rica,73,CRI,0.94,0.977,0.969,0.963,0.95,0.844
94,1993,Costa Rica,73,CRI,0.94,0.977,0.969,0.963,0.949,0.844
94,1994,Costa Rica,73,CRI,0.939,0.977,0.969,0.963,0.946,0.844
94,1995,Costa Rica,73,CRI,0.941,0.977,0.969,0.963,0.945,0.844
94,1996,Costa Rica,73,CRI,0.94,0.977,0.969,0.963,0.944,0.844
94,1997,Costa Rica,73,CRI,0.94,0.977,0.973,0.963,0.941,0.844
94,1998,Costa Rica,73,CRI,0.94,0.977,0.973,0.963,0.943,0.844
94,1999,Costa Rica,73,CRI,0.94,0.977,0.973,0.963,0.942,0.844
94,2000,Costa Rica,73,CRI,0.94,0.977,0.973,0.964,0.941,0.844
94,2001,Costa Rica,73,CRI,0.94,0.977,0.974,0.964,0.942,0.844
94,2002,Costa Rica,73,CRI,0.941,0.977,0.974,0.964,0.943,0.844
94,2003,Costa Rica,73,CRI,0.941,0.977,0.974,0.964,0.942,0.844
94,2004,Costa Rica,73,CRI,0.941,0.977,0.974,0.962,0.944,0.844
94,2005,Costa Rica,73,CRI,0.941,0.977,0.964,0.962,0.942,0.844
94,2006,Costa Rica,73,CRI,0.95,0.977,0.964,0.962,0.942,0.844
94,2007,Costa Rica,73,CRI,0.95,0.977,0.963,0.964,0.941,0.844
94,2008,Costa Rica,73,CRI,0.95,0.977,0.963,0.964,0.942,0.844
94,2009,Costa Rica,73,CRI,0.95,0.977,0.963,0.964,0.944,0.844
94,2010,Costa Rica,73,CRI,0.951,0.977,0.964,0.966,0.942,0.8140000000000001
94,2011,Costa Rica,73,CRI,0.951,0.977,0.964,0.966,0.943,0.8140000000000001
94,2012,Costa Rica,73,CRI,0.951,0.977,0.969,0.964,0.942,0.8140000000000001
94,2013,Costa Rica,73,CRI,0.95,0.976,0.962,0.964,0.944,0.8140000000000001
94,2014,Costa Rica,73,CRI,0.948,0.976,0.967,0.959,0.945,0.837
94,2015,Costa Rica,73,CRI,0.951,0.974,0.968,0.956,0.944,0.837
94,2016,Costa Rica,73,CRI,0.951,0.969,0.971,0.958,0.944,0.837
94,2017,Costa Rica,73,CRI,0.95,0.966,0.971,0.951,0.954,0.812
94,2018,Costa Rica,73,CRI,0.949,0.945,0.943,0.947,0.955,0.812
94,2019,Costa Rica,73,CRI,0.948,0.949,0.962,0.949,0.954,0.812
94,2020,Costa Rica,73,CRI,0.949,0.949,0.964,0.952,0.954,0.812
94,2021,Costa Rica,73,CRI,0.948,0.949,0.964,0.948,0.954,0.812
94,2022,Costa Rica,73,CRI,0.938,0.949,0.964,0.929,0.954,0.812
94,2023,Costa Rica,73,CRI,0.939,0.949,0.964,0.914,0.954,0.812
94,2024,Costa Rica,73,CRI,0.939,0.949,0.964,0.914,0.952,0.812
95,1968,Panama,92,PAN,0.444,0.43,0.413,0.17,0.073,0.483
95,1969,Panama,92,PAN,0.079,0.337,0.347,0.155,0.074,0.483
95,1970,Panama,92,PAN,0.079,0.337,0.347,0.146,0.073,0.483
95,1971,Panama,92,PAN,0.081,0.337,0.347,0.146,0.072,0.483
95,1972,Panama,92,PAN,0.324,0.337,0.359,0.146,0.074,0.483
95,1973,Panama,92,PAN,0.324,0.337,0.359,0.146,0.077,0.483
95,1974,Panama,92,PAN,0.325,0.337,0.359,0.146,0.078,0.483
95,1975,Panama,92,PAN,0.325,0.337,0.359,0.146,0.075,0.483
95,1976,Panama,92,PAN,0.324,0.337,0.359,0.146,0.076,0.483
95,1977,Panama,92,PAN,0.325,0.337,0.359,0.146,0.075,0.483
95,1978,Panama,92,PAN,0.361,0.337,0.359,0.146,0.076,0.483
95,1979,Panama,92,PAN,0.368,0.337,0.359,0.146,0.077,0.483
95,1980,Panama,92,PAN,0.352,0.337,0.332,0.15,0.077,0.34299999999999997
95,1981,Panama,92,PAN,0.352,0.332,0.332,0.15,0.067,0.34299999999999997
95,1982,Panama,92,PAN,0.353,0.332,0.285,0.125,0.07,0.08299999999999996
95,1983,Panama,92,PAN,0.352,0.332,0.285,0.125,0.068,0.08299999999999996
95,1984,Panama,92,PAN,0.341,0.332,0.311,0.126,0.067,0.08299999999999996
95,1985,Panama,92,PAN,0.343,0.332,0.311,0.126,0.07,0.08299999999999996
95,1986,Panama,92,PAN,0.342,0.332,0.279,0.125,0.068,0.08299999999999996
95,1987,Panama,92,PAN,0.342,0.332,0.279,0.125,0.068,0.08299999999999996
95,1988,Panama,92,PAN,0.343,0.332,0.279,0.125,0.067,0.08299999999999996
95,1989,Panama,92,PAN,0.408,0.332,0.279,0.125,0.069,0.08299999999999996
95,1990,Panama,92,PAN,0.616,0.749,0.779,0.839,0.723,0.14900000000000002
95,1991,Panama,92,PAN,0.895,0.749,0.81,0.839,0.715,0.5820000000000001
95,1992,Panama,92,PAN,0.895,0.749,0.81,0.839,0.712,0.5820000000000001
95,1993,Panama,92,PAN,0.895,0.749,0.81,0.847,0.712,0.5820000000000001
95,1994,Panama,92,PAN,0.896,0.749,0.853,0.852,0.711,0.5820000000000001
95,1995,Panama,92,PAN,0.895,0.749,0.853,0.857,0.708,0.5820000000000001
95,1996,Panama,92,PAN,0.896,0.749,0.853,0.857,0.707,0.5820000000000001
95,1997,Panama,92,PAN,0.896,0.749,0.853,0.857,0.705,0.5820000000000001
95,1998,Panama,92,PAN,0.896,0.749,0.853,0.857,0.712,0.5820000000000001
95,1999,Panama,92,PAN,0.896,0.749,0.853,0.857,0.707,0.5820000000000001
95,2000,Panama,92,PAN,0.899,0.757,0.853,0.858,0.708,0.5820000000000001
95,2001,Panama,92,PAN,0.899,0.825,0.853,0.858,0.706,0.5820000000000001
95,2002,Panama,92,PAN,0.898,0.825,0.853,0.858,0.705,0.5820000000000001
95,2003,Panama,92,PAN,0.898,0.825,0.853,0.858,0.705,0.5820000000000001
95,2004,Panama,92,PAN,0.899,0.825,0.873,0.858,0.704,0.5820000000000001
95,2005,Panama,92,PAN,0.898,0.825,0.882,0.858,0.704,0.5820000000000001
95,2006,Panama,92,PAN,0.899,0.825,0.882,0.858,0.705,0.5820000000000001
95,2007,Panama,92,PAN,0.899,0.825,0.882,0.858,0.707,0.5820000000000001
95,2008,Panama,92,PAN,0.898,0.825,0.882,0.858,0.698,0.5820000000000001
95,2009,Panama,92,PAN,0.918,0.825,0.882,0.833,0.7,0.5820000000000001
95,2010,Panama,92,PAN,0.917,0.812,0.882,0.825,0.697,0.5820000000000001
95,2011,Panama,92,PAN,0.917,0.812,0.882,0.825,0.701,0.5820000000000001
95,2012,Panama,92,PAN,0.917,0.812,0.882,0.825,0.698,0.5820000000000001
95,2013,Panama,92,PAN,0.918,0.843,0.897,0.824,0.7,0.597
95,2014,Panama,92,PAN,0.903,0.843,0.897,0.826,0.696,0.597
95,2015,Panama,92,PAN,0.903,0.856,0.897,0.844,0.699,0.597
95,2016,Panama,92,PAN,0.903,0.856,0.897,0.844,0.7,0.597
95,2017,Panama,92,PAN,0.903,0.856,0.891,0.809,0.728,0.597
95,2018,Panama,92,PAN,0.903,0.845,0.852,0.803,0.733,0.583
95,2019,Panama,92,PAN,0.91,0.84,0.84,0.801,0.727,0.583
95,2020,Panama,92,PAN,0.911,0.796,0.838,0.79,0.743,0.583
95,2021,Panama,92,PAN,0.911,0.796,0.845,0.803,0.744,0.6639999999999999
95,2022,Panama,92,PAN,0.911,0.796,0.87,0.791,0.792,0.6639999999999999
95,2023,Panama,92,PAN,0.911,0.846,0.845,0.777,0.801,0.6639999999999999
95,2024,Panama,92,PAN,0.902,0.846,0.858,0.801,0.848,0.712
100,1968,Colombia,15,COL,0.737,0.272,0.516,0.604,0.737,0.583
100,1969,Colombia,15,COL,0.738,0.272,0.516,0.604,0.741,0.583
100,1970,Colombia,15,COL,0.709,0.272,0.516,0.604,0.741,0.583
100,1971,Colombia,15,COL,0.71,0.272,0.516,0.611,0.742,0.583
100,1972,Colombia,15,COL,0.71,0.272,0.516,0.64,0.744,0.583
100,1973,Colombia,15,COL,0.708,0.272,0.513,0.64,0.739,0.583
100,1974,Colombia,15,COL,0.802,0.272,0.485,0.64,0.741,0.583
100,1975,Colombia,15,COL,0.807,0.272,0.485,0.646,0.745,0.583
100,1976,Colombia,15,COL,0.807,0.272,0.485,0.646,0.754,0.583
100,1977,Colombia,15,COL,0.808,0.272,0.485,0.646,0.752,0.583
100,1978,Colombia,15,COL,0.824,0.202,0.405,0.573,0.736,0.583
100,1979,Colombia,15,COL,0.829,0.202,0.405,0.493,0.738,0.583
100,1980,Colombia,15,COL,0.83,0.202,0.405,0.493,0.735,0.583
100,1981,Colombia,15,COL,0.829,0.202,0.405,0.493,0.739,0.583
100,1982,Colombia,15,COL,0.808,0.23,0.417,0.503,0.775,0.583
100,1983,Colombia,15,COL,0.814,0.248,0.465,0.67,0.782,0.583
100,1984,Colombia,15,COL,0.811,0.248,0.5,0.669,0.776,0.583
100,1985,Colombia,15,COL,0.813,0.248,0.5,0.669,0.775,0.583
100,1986,Colombia,15,COL,0.807,0.248,0.469,0.652,0.776,0.583
100,1987,Colombia,15,COL,0.807,0.248,0.455,0.655,0.779,0.583
100,1988,Colombia,15,COL,0.807,0.248,0.406,0.651,0.777,0.5820000000000001
100,1989,Colombia,15,COL,0.807,0.248,0.406,0.651,0.78,0.5820000000000001
100,1990,Colombia,15,COL,0.811,0.277,0.407,0.635,0.783,0.5820000000000001
100,1991,Colombia,15,COL,0.843,0.309,0.57,0.687,0.816,0.5820000000000001
100,1992,Colombia,15,COL,0.842,0.651,0.594,0.73,0.861,0.5820000000000001
100,1993,Colombia,15,COL,0.843,0.651,0.588,0.73,0.862,0.5820000000000001
100,1994,Colombia,15,COL,0.834,0.651,0.588,0.742,0.865,0.5820000000000001
100,1995,Colombia,15,COL,0.833,0.651,0.592,0.75,0.871,0.5820000000000001
100,1996,Colombia,15,COL,0.833,0.651,0.592,0.729,0.87,0.5820000000000001
100,1997,Colombia,15,COL,0.833,0.651,0.611,0.729,0.861,0.5820000000000001
100,1998,Colombia,15,COL,0.823,0.651,0.611,0.729,0.862,0.5820000000000001
100,1999,Colombia,15,COL,0.813,0.651,0.611,0.731,0.859,0.5820000000000001
100,2000,Colombia,15,COL,0.812,0.651,0.611,0.759,0.86,0.681
100,2001,Colombia,15,COL,0.812,0.64,0.611,0.759,0.862,0.681
100,2002,Colombia,15,COL,0.828,0.631,0.622,0.718,0.858,0.681
100,2003,Colombia,15,COL,0.83,0.692,0.672,0.7,0.861,0.681
100,2004,Colombia,15,COL,0.828,0.692,0.672,0.71,0.858,0.681
100,2005,Colombia,15,COL,0.83,0.692,0.678,0.72,0.857,0.681
100,2006,Colombia,15,COL,0.845,0.692,0.678,0.72,0.86,0.681
100,2007,Colombia,15,COL,0.848,0.691,0.692,0.733,0.861,0.681
100,2008,Colombia,15,COL,0.848,0.747,0.692,0.729,0.863,0.681
100,2009,Colombia,15,COL,0.848,0.747,0.7,0.732,0.867,0.663
100,2010,Colombia,15,COL,0.855,0.773,0.733,0.78,0.865,0.659
100,2011,Colombia,15,COL,0.858,0.85,0.768,0.841,0.882,0.659
100,2012,Colombia,15,COL,0.859,0.856,0.77,0.842,0.88,0.659
100,2013,Colombia,15,COL,0.859,0.932,0.769,0.83,0.868,0.655
100,2014,Colombia,15,COL,0.861,0.932,0.767,0.83,0.869,0.655
100,2015,Colombia,15,COL,0.859,0.932,0.765,0.837,0.872,0.655
100,2016,Colombia,15,COL,0.858,0.938,0.764,0.836,0.863,0.655
100,2017,Colombia,15,COL,0.858,0.916,0.768,0.84,0.857,0.661
100,2018,Colombia,15,COL,0.886,0.839,0.753,0.784,0.857,0.6639999999999999
100,2019,Colombia,15,COL,0.888,0.871,0.691,0.741,0.85,0.6579999999999999
100,2020,Colombia,15,COL,0.887,0.765,0.68,0.731,0.825,0.636
100,2021,Colombia,15,COL,0.887,0.706,0.664,0.772,0.817,0.671
100,2022,Colombia,15,COL,0.896,0.842,0.774,0.84,0.856,0.671
100,2023,Colombia,15,COL,0.894,0.868,0.766,0.867,0.862,0.671
100,2024,Colombia,15,COL,0.895,0.869,0.7,0.843,0.855,0.671
101,1968,Venezuela,51,VEN,0.823,0.894,0.806,0.849,0.825,0.728
101,1969,Venezuela,51,VEN,0.823,0.894,0.828,0.863,0.837,0.728
101,1970,Venezuela,51,VEN,0.824,0.894,0.833,0.889,0.842,0.728
101,1971,Venezuela,51,VEN,0.826,0.894,0.833,0.889,0.84,0.728
101,1972,Venezuela,51,VEN,0.829,0.894,0.833,0.889,0.837,0.688
101,1973,Venezuela,51,VEN,0.851,0.894,0.833,0.889,0.834,0.506
101,1974,Venezuela,51,VEN,0.85,0.894,0.83,0.893,0.821,0.492
101,1975,Venezuela,51,VEN,0.851,0.894,0.816,0.893,0.822,0.492
101,1976,Venezuela,51,VEN,0.851,0.894,0.816,0.893,0.827,0.492
101,1977,Venezuela,51,VEN,0.852,0.894,0.816,0.893,0.822,0.492
101,1978,Venezuela,51,VEN,0.853,0.894,0.816,0.893,0.825,0.492
101,1979,Venezuela,51,VEN,0.853,0.894,0.827,0.889,0.834,0.492
101,1980,Venezuela,51,VEN,0.854,0.894,0.827,0.894,0.846,0.477
101,1981,Venezuela,51,VEN,0.855,0.894,0.827,0.894,0.81,0.477
101,1982,Venezuela,51,VEN,0.853,0.891,0.827,0.894,0.816,0.477
101,1983,Venezuela,51,VEN,0.857,0.899,0.827,0.894,0.818,0.477
101,1984,Venezuela,51,VEN,0.856,0.899,0.821,0.888,0.8,0.43500000000000005
101,1985,Venezuela,51,VEN,0.857,0.899,0.821,0.886,0.802,0.43500000000000005
101,1986,Venezuela,51,VEN,0.857,0.899,0.821,0.883,0.802,0.43500000000000005
101,1987,Venezuela,51,VEN,0.857,0.899,0.821,0.883,0.801,0.43500000000000005
101,1988,Venezuela,51,VEN,0.857,0.899,0.807,0.887,0.798,0.43500000000000005
101,1989,Venezuela,51,VEN,0.86,0.899,0.807,0.88,0.831,0.43500000000000005
101,1990,Venezuela,51,VEN,0.862,0.887,0.821,0.893,0.868,0.43500000000000005
101,1991,Venezuela,51,VEN,0.867,0.887,0.821,0.893,0.888,0.43500000000000005
101,1992,Venezuela,51,VEN,0.862,0.887,0.821,0.883,0.889,0.41000000000000003
101,1993,Venezuela,51,VEN,0.869,0.887,0.821,0.887,0.862,0.44799999999999995
101,1994,Venezuela,51,VEN,0.869,0.887,0.828,0.893,0.85,0.44799999999999995
101,1995,Venezuela,51,VEN,0.869,0.887,0.828,0.893,0.852,0.45999999999999996
101,1996,Venezuela,51,VEN,0.869,0.887,0.828,0.893,0.854,0.45999999999999996
101,1997,Venezuela,51,VEN,0.868,0.887,0.828,0.893,0.85,0.45999999999999996
101,1998,Venezuela,51,VEN,0.879,0.875,0.804,0.869,0.848,0.45999999999999996
101,1999,Venezuela,51,VEN,0.869,0.742,0.742,0.768,0.578,0.404
101,2000,Venezuela,51,VEN,0.778,0.603,0.7,0.687,0.392,0.16800000000000004
101,2001,Venezuela,51,VEN,0.768,0.603,0.684,0.683,0.392,0.16800000000000004
101,2002,Venezuela,51,VEN,0.763,0.473,0.668,0.669,0.293,0.16800000000000004
101,2003,Venezuela,51,VEN,0.752,0.471,0.656,0.658,0.251,0.16800000000000004
101,2004,Venezuela,51,VEN,0.748,0.471,0.656,0.637,0.21,0.16800000000000004
101,2005,Venezuela,51,VEN,0.725,0.471,0.641,0.637,0.087,0.08799999999999997
101,2006,Venezuela,51,VEN,0.716,0.471,0.635,0.624,0.055,0.08799999999999997
101,2007,Venezuela,51,VEN,0.714,0.472,0.635,0.598,0.053,0.08799999999999997
101,2008,Venezuela,51,VEN,0.714,0.461,0.638,0.598,0.054,0.08799999999999997
101,2009,Venezuela,51,VEN,0.713,0.461,0.628,0.589,0.052,0.08799999999999997
101,2010,Venezuela,51,VEN,0.69,0.442,0.622,0.583,0.052,0.06999999999999995
101,2011,Venezuela,51,VEN,0.688,0.435,0.622,0.584,0.042,0.06499999999999995
101,2012,Venezuela,51,VEN,0.672,0.421,0.613,0.58,0.042,0.06499999999999995
101,2013,Venezuela,51,VEN,0.609,0.417,0.517,0.421,0.039,0.041000000000000036
101,2014,Venezuela,51,VEN,0.607,0.393,0.482,0.388,0.037,0.03600000000000003
101,2015,Venezuela,51,VEN,0.611,0.367,0.45,0.36,0.123,0.028000000000000025
101,2016,Venezuela,51,VEN,0.594,0.364,0.426,0.343,0.247,0.026000000000000023
101,2017,Venezuela,51,VEN,0.432,0.327,0.274,0.305,0.25,0.016000000000000014
101,2018,Venezuela,51,VEN,0.39,0.334,0.237,0.233,0.162,0.016000000000000014
101,2019,Venezuela,51,VEN,0.388,0.309,0.211,0.236,0.17,0.016000000000000014
101,2020,Venezuela,51,VEN,0.393,0.301,0.2,0.259,0.134,0.010000000000000009
101,2021,Venezuela,51,VEN,0.423,0.311,0.258,0.253,0.073,0.016000000000000014
101,2022,Venezuela,51,VEN,0.415,0.311,0.257,0.253,0.072,0.016000000000000014
101,2023,Venezuela,51,VEN,0.407,0.308,0.25,0.238,0.07,0.016000000000000014
101,2024,Venezuela,51,VEN,0.343,0.342,0.23,0.223,0.046,0.016000000000000014
110,1968,Guyana,166,GUY,0.517,0.75,0.75,0.633,0.262,0.5529999999999999
110,1969,Guyana,166,GUY,0.52,0.727,0.75,0.633,0.256,0.5529999999999999
110,1970,Guyana,166,GUY,0.521,0.579,0.735,0.534,0.269,0.5529999999999999
110,1971,Guyana,166,GUY,0.521,0.581,0.735,0.534,0.266,0.5529999999999999
110,1972,Guyana,166,GUY,0.519,0.581,0.735,0.499,0.268,0.5529999999999999
110,1973,Guyana,166,GUY,0.456,0.565,0.735,0.499,0.269,0.5529999999999999
110,1974,Guyana,166,GUY,0.454,0.565,0.718,0.499,0.268,0.5529999999999999
110,1975,Guyana,166,GUY,0.454,0.565,0.718,0.499,0.264,0.5529999999999999
110,1976,Guyana,166,GUY,0.455,0.565,0.718,0.475,0.266,0.5529999999999999
110,1977,Guyana,166,GUY,0.455,0.558,0.724,0.444,0.266,0.5529999999999999
110,1978,Guyana,166,GUY,0.453,0.553,0.724,0.444,0.269,0.5529999999999999
110,1979,Guyana,166,GUY,0.455,0.553,0.724,0.444,0.266,0.5529999999999999
110,1980,Guyana,166,GUY,0.436,0.553,0.649,0.411,0.247,0.359
110,1981,Guyana,166,GUY,0.434,0.43,0.667,0.3,0.244,0.359
110,1982,Guyana,166,GUY,0.435,0.43,0.667,0.3,0.246,0.359
110,1983,Guyana,166,GUY,0.435,0.43,0.667,0.3,0.242,0.359
110,1984,Guyana,166,GUY,0.436,0.43,0.681,0.314,0.246,0.359
110,1985,Guyana,166,GUY,0.468,0.43,0.681,0.314,0.261,0.359
110,1986,Guyana,166,GUY,0.467,0.584,0.747,0.477,0.259,0.29800000000000004
110,1987,Guyana,166,GUY,0.468,0.612,0.747,0.537,0.261,0.29800000000000004
110,1988,Guyana,166,GUY,0.466,0.612,0.762,0.566,0.262,0.29800000000000004
110,1989,Guyana,166,GUY,0.481,0.641,0.762,0.566,0.261,0.29800000000000004
110,1990,Guyana,166,GUY,0.485,0.74,0.784,0.587,0.266,0.29800000000000004
110,1991,Guyana,166,GUY,0.485,0.74,0.784,0.557,0.261,0.29800000000000004
110,1992,Guyana,166,GUY,0.726,0.761,0.784,0.563,0.371,0.29800000000000004
110,1993,Guyana,166,GUY,0.745,0.717,0.778,0.563,0.365,0.496
110,1994,Guyana,166,GUY,0.745,0.717,0.778,0.563,0.399,0.6659999999999999
110,1995,Guyana,166,GUY,0.744,0.717,0.778,0.563,0.394,0.6659999999999999
110,1996,Guyana,166,GUY,0.745,0.717,0.778,0.563,0.394,0.6659999999999999
110,1997,Guyana,166,GUY,0.812,0.717,0.778,0.575,0.4,0.46399999999999997
110,1998,Guyana,166,GUY,0.813,0.783,0.778,0.683,0.395,0.45199999999999996
110,1999,Guyana,166,GUY,0.811,0.783,0.767,0.685,0.395,0.45199999999999996
110,2000,Guyana,166,GUY,0.81,0.856,0.734,0.664,0.401,0.45199999999999996
110,2001,Guyana,166,GUY,0.823,0.856,0.719,0.664,0.43,0.45199999999999996
110,2002,Guyana,166,GUY,0.822,0.856,0.73,0.678,0.431,0.45199999999999996
110,2003,Guyana,166,GUY,0.823,0.87,0.73,0.718,0.43,0.45199999999999996
110,2004,Guyana,166,GUY,0.824,0.87,0.735,0.718,0.425,0.45199999999999996
110,2005,Guyana,166,GUY,0.821,0.87,0.729,0.718,0.428,0.45199999999999996
110,2006,Guyana,166,GUY,0.816,0.87,0.731,0.714,0.429,0.45199999999999996
110,2007,Guyana,166,GUY,0.817,0.87,0.731,0.728,0.42,0.45199999999999996
110,2008,Guyana,166,GUY,0.815,0.877,0.727,0.726,0.425,0.45199999999999996
110,2009,Guyana,166,GUY,0.815,0.885,0.731,0.726,0.424,0.45199999999999996
110,2010,Guyana,166,GUY,0.815,0.885,0.749,0.723,0.425,0.45199999999999996
110,2011,Guyana,166,GUY,0.811,0.888,0.758,0.719,0.423,0.45199999999999996
110,2012,Guyana,166,GUY,0.81,0.888,0.752,0.726,0.425,0.45199999999999996
110,2013,Guyana,166,GUY,0.82,0.919,0.755,0.77,0.439,0.45199999999999996
110,2014,Guyana,166,GUY,0.82,0.919,0.755,0.767,0.443,0.45199999999999996
110,2015,Guyana,166,GUY,0.825,0.954,0.856,0.835,0.485,0.477
110,2016,Guyana,166,GUY,0.83,0.923,0.863,0.852,0.488,0.497
110,2017,Guyana,166,GUY,0.82,0.935,0.858,0.871,0.489,0.486
110,2018,Guyana,166,GUY,0.835,0.939,0.838,0.859,0.483,0.486
110,2019,Guyana,166,GUY,0.831,0.907,0.823,0.833,0.462,0.486
110,2020,Guyana,166,GUY,0.768,0.907,0.861,0.839,0.494,0.486
110,2021,Guyana,166,GUY,0.749,0.878,0.835,0.801,0.468,0.486
110,2022,Guyana,166,GUY,0.747,0.878,0.787,0.792,0.505,0.486
110,2023,Guyana,166,GUY,0.746,0.894,0.788,0.763,0.43,0.486
110,2024,Guyana,166,GUY,0.741,0.894,0.788,0.78,0.404,0.486
115,1975,Suriname,4,SUR,0.894,0.849,0.839,0.824,0.807,0.759
115,1976,Suriname,4,SUR,0.896,0.862,0.839,0.849,0.885,0.759
115,1977,Suriname,4,SUR,0.899,0.862,0.839,0.849,0.857,0.759
115,1978,Suriname,4,SUR,0.899,0.885,0.839,0.849,0.882,0.759
115,1979,Suriname,4,SUR,0.898,0.885,0.839,0.849,0.882,0.759
115,1980,Suriname,4,SUR,0.865,0.52,0.608,0.388,0.602,0.7150000000000001
115,1981,Suriname,4,SUR,0.226,0.503,0.595,0.37,0.573,0.7150000000000001
115,1982,Suriname,4,SUR,0.229,0.502,0.604,0.313,0.582,0.7150000000000001
115,1983,Suriname,4,SUR,0.229,0.489,0.604,0.291,0.58,0.7150000000000001
115,1984,Suriname,4,SUR,0.229,0.489,0.604,0.291,0.576,0.7150000000000001
115,1985,Suriname,4,SUR,0.227,0.574,0.604,0.335,0.583,0.7150000000000001
115,1986,Suriname,4,SUR,0.227,0.574,0.604,0.336,0.58,0.7150000000000001
115,1987,Suriname,4,SUR,0.853,0.587,0.604,0.393,0.822,0.7150000000000001
115,1988,Suriname,4,SUR,0.883,0.807,0.643,0.67,0.837,0.7150000000000001
115,1989,Suriname,4,SUR,0.883,0.926,0.726,0.813,0.858,0.687
115,1990,Suriname,4,SUR,0.871,0.926,0.824,0.84,0.658,0.687
115,1991,Suriname,4,SUR,0.874,0.926,0.847,0.872,0.864,0.687
115,1992,Suriname,4,SUR,0.875,0.926,0.851,0.879,0.866,0.687
115,1993,Suriname,4,SUR,0.874,0.935,0.851,0.879,0.877,0.7
115,1994,Suriname,4,SUR,0.874,0.935,0.851,0.879,0.884,0.7
115,1995,Suriname,4,SUR,0.874,0.935,0.851,0.879,0.886,0.7
115,1996,Suriname,4,SUR,0.89,0.935,0.851,0.893,0.884,0.7
115,1997,Suriname,4,SUR,0.89,0.935,0.851,0.899,0.887,0.7
115,1998,Suriname,4,SUR,0.89,0.935,0.851,0.899,0.883,0.7
115,1999,Suriname,4,SUR,0.89,0.935,0.851,0.899,0.887,0.7
115,2000,Suriname,4,SUR,0.896,0.935,0.851,0.904,0.885,0.7
115,2001,Suriname,4,SUR,0.895,0.935,0.852,0.895,0.887,0.7
115,2002,Suriname,4,SUR,0.895,0.935,0.852,0.895,0.886,0.7
115,2003,Suriname,4,SUR,0.895,0.935,0.852,0.895,0.886,0.7
115,2004,Suriname,4,SUR,0.895,0.935,0.852,0.895,0.884,0.7
115,2005,Suriname,4,SUR,0.882,0.935,0.852,0.895,0.885,0.7
115,2006,Suriname,4,SUR,0.881,0.935,0.852,0.895,0.885,0.7
115,2007,Suriname,4,SUR,0.881,0.935,0.852,0.893,0.884,0.7
115,2008,Suriname,4,SUR,0.882,0.928,0.852,0.894,0.884,0.7
115,2009,Suriname,4,SUR,0.881,0.928,0.852,0.894,0.885,0.7
115,2010,Suriname,4,SUR,0.87,0.935,0.844,0.89,0.865,0.663
115,2011,Suriname,4,SUR,0.869,0.935,0.844,0.88,0.867,0.663
115,2012,Suriname,4,SUR,0.87,0.935,0.844,0.88,0.851,0.663
115,2013,Suriname,4,SUR,0.871,0.948,0.846,0.868,0.838,0.5880000000000001
115,2014,Suriname,4,SUR,0.871,0.948,0.846,0.868,0.842,0.5880000000000001
115,2015,Suriname,4,SUR,0.878,0.948,0.846,0.868,0.839,0.5880000000000001
115,2016,Suriname,4,SUR,0.878,0.941,0.843,0.875,0.807,0.5880000000000001
115,2017,Suriname,4,SUR,0.878,0.927,0.844,0.863,0.835,0.5489999999999999
115,2018,Suriname,4,SUR,0.877,0.927,0.828,0.869,0.786,0.5489999999999999
115,2019,Suriname,4,SUR,0.879,0.927,0.766,0.857,0.782,0.5489999999999999
115,2020,Suriname,4,SUR,0.89,0.922,0.809,0.865,0.92,0.759
115,2021,Suriname,4,SUR,0.89,0.949,0.868,0.855,0.914,0.759
115,2022,Suriname,4,SUR,0.891,0.949,0.831,0.885,0.912,0.759
115,2023,Suriname,4,SUR,0.893,0.929,0.902,0.881,0.856,0.759
115,2024,Suriname,4,SUR,0.894,0.929,0.887,0.881,0.848,0.759
130,1968,Ecuador,75,ECU,0.726,0.512,0.441,0.589,0.464,0.263
130,1969,Ecuador,75,ECU,0.726,0.512,0.488,0.552,0.46,0.263
130,1970,Ecuador,75,ECU,0.728,0.512,0.488,0.552,0.186,0.263
130,1971,Ecuador,75,ECU,0.251,0.494,0.488,0.593,0.156,0.263
130,1972,Ecuador,75,ECU,0.196,0.494,0.472,0.588,0.088,0.263
130,1973,Ecuador,75,ECU,0.17,0.459,0.411,0.504,0.081,0.263
130,1974,Ecuador,75,ECU,0.166,0.459,0.448,0.504,0.071,0.263
130,1975,Ecuador,75,ECU,0.173,0.459,0.448,0.504,0.07,0.263
130,1976,Ecuador,75,ECU,0.167,0.469,0.448,0.504,0.085,0.263
130,1977,Ecuador,75,ECU,0.164,0.469,0.488,0.513,0.082,0.263
130,1978,Ecuador,75,ECU,0.729,0.469,0.503,0.595,0.131,0.29500000000000004
130,1979,Ecuador,75,ECU,0.811,0.627,0.615,0.71,0.413,0.591
130,1980,Ecuador,75,ECU,0.845,0.81,0.672,0.841,0.671,0.628
130,1981,Ecuador,75,ECU,0.844,0.81,0.681,0.841,0.669,0.628
130,1982,Ecuador,75,ECU,0.844,0.81,0.69,0.841,0.666,0.628
130,1983,Ecuador,75,ECU,0.844,0.81,0.699,0.838,0.665,0.628
130,1984,Ecuador,75,ECU,0.876,0.626,0.59,0.799,0.663,0.628
130,1985,Ecuador,75,ECU,0.875,0.626,0.588,0.766,0.641,0.513
130,1986,Ecuador,75,ECU,0.876,0.626,0.601,0.766,0.648,0.513
130,1987,Ecuador,75,ECU,0.876,0.626,0.601,0.766,0.646,0.513
130,1988,Ecuador,75,ECU,0.876,0.749,0.658,0.799,0.647,0.513
130,1989,Ecuador,75,ECU,0.876,0.877,0.735,0.822,0.664,0.628
130,1990,Ecuador,75,ECU,0.875,0.877,0.735,0.822,0.663,0.628
130,1991,Ecuador,75,ECU,0.876,0.877,0.735,0.822,0.668,0.628
130,1992,Ecuador,75,ECU,0.875,0.877,0.735,0.822,0.662,0.628
130,1993,Ecuador,75,ECU,0.875,0.856,0.736,0.813,0.66,0.508
130,1994,Ecuador,75,ECU,0.877,0.864,0.736,0.791,0.655,0.526
130,1995,Ecuador,75,ECU,0.875,0.864,0.736,0.791,0.657,0.498
130,1996,Ecuador,75,ECU,0.874,0.864,0.73,0.791,0.653,0.498
130,1997,Ecuador,75,ECU,0.874,0.864,0.718,0.791,0.661,0.345
130,1998,Ecuador,75,ECU,0.872,0.864,0.785,0.795,0.662,0.345
130,1999,Ecuador,75,ECU,0.873,0.861,0.785,0.795,0.651,0.345
130,2000,Ecuador,75,ECU,0.872,0.861,0.794,0.792,0.648,0.345
130,2001,Ecuador,75,ECU,0.872,0.861,0.794,0.792,0.648,0.345
130,2002,Ecuador,75,ECU,0.874,0.86,0.794,0.792,0.646,0.345
130,2003,Ecuador,75,ECU,0.874,0.86,0.794,0.792,0.644,0.345
130,2004,Ecuador,75,ECU,0.873,0.86,0.794,0.792,0.641,0.345
130,2005,Ecuador,75,ECU,0.874,0.86,0.794,0.792,0.633,0.391
130,2006,Ecuador,75,ECU,0.866,0.861,0.796,0.797,0.605,0.391
130,2007,Ecuador,75,ECU,0.847,0.838,0.835,0.81,0.424,0.41800000000000004
130,2008,Ecuador,75,ECU,0.832,0.777,0.837,0.779,0.344,0.492
130,2009,Ecuador,75,ECU,0.829,0.607,0.845,0.786,0.298,0.492
130,2010,Ecuador,75,ECU,0.829,0.508,0.83,0.749,0.294,0.47
130,2011,Ecuador,75,ECU,0.829,0.487,0.83,0.744,0.292,0.45399999999999996
130,2012,Ecuador,75,ECU,0.83,0.488,0.825,0.754,0.267,0.44099999999999995
130,2013,Ecuador,75,ECU,0.813,0.361,0.82,0.687,0.21,0.396
130,2014,Ecuador,75,ECU,0.814,0.347,0.82,0.692,0.202,0.396
130,2015,Ecuador,75,ECU,0.814,0.318,0.825,0.693,0.206,0.396
130,2016,Ecuador,75,ECU,0.814,0.331,0.825,0.707,0.209,0.398
130,2017,Ecuador,75,ECU,0.804,0.443,0.848,0.726,0.53,0.46499999999999997
130,2018,Ecuador,75,ECU,0.82,0.781,0.855,0.835,0.694,0.492
130,2019,Ecuador,75,ECU,0.819,0.659,0.857,0.806,0.715,0.492
130,2020,Ecuador,75,ECU,0.817,0.722,0.865,0.856,0.799,0.45799999999999996
130,2021,Ecuador,75,ECU,0.849,0.666,0.859,0.801,0.705,0.40800000000000003
130,2022,Ecuador,75,ECU,0.857,0.734,0.847,0.822,0.783,0.394
130,2023,Ecuador,75,ECU,0.873,0.73,0.753,0.755,0.796,0.33599999999999997
130,2024,Ecuador,75,ECU,0.878,0.705,0.696,0.748,0.741,0.352
135,1968,Peru,30,PER,0.686,0.603,0.435,0.469,0.478,0.759
135,1969,Peru,30,PER,0.161,0.284,0.315,0.261,0.027,0.759
135,1970,Peru,30,PER,0.178,0.284,0.306,0.256,0.026,0.759
135,1971,Peru,30,PER,0.175,0.284,0.306,0.256,0.027,0.759
135,1972,Peru,30,PER,0.18,0.284,0.306,0.256,0.025,0.759
135,1973,Peru,30,PER,0.179,0.258,0.306,0.223,0.027,0.759
135,1974,Peru,30,PER,0.177,0.259,0.292,0.209,0.026,0.759
135,1975,Peru,30,PER,0.176,0.259,0.302,0.209,0.039,0.759
135,1976,Peru,30,PER,0.177,0.259,0.313,0.277,0.039,0.759
135,1977,Peru,30,PER,0.178,0.281,0.313,0.285,0.037,0.759
135,1978,Peru,30,PER,0.771,0.401,0.332,0.285,0.194,0.759
135,1979,Peru,30,PER,0.246,0.542,0.332,0.44,0.189,0.759
135,1980,Peru,30,PER,0.855,0.701,0.412,0.803,0.513,0.8
135,1981,Peru,30,PER,0.855,0.713,0.634,0.862,0.652,0.8
135,1982,Peru,30,PER,0.856,0.705,0.595,0.862,0.654,0.8
135,1983,Peru,30,PER,0.856,0.705,0.595,0.862,0.663,0.8
135,1984,Peru,30,PER,0.855,0.705,0.595,0.862,0.662,0.8
135,1985,Peru,30,PER,0.863,0.669,0.568,0.85,0.639,0.791
135,1986,Peru,30,PER,0.863,0.669,0.518,0.855,0.631,0.778
135,1987,Peru,30,PER,0.864,0.669,0.537,0.855,0.632,0.778
135,1988,Peru,30,PER,0.863,0.669,0.537,0.855,0.627,0.778
135,1989,Peru,30,PER,0.863,0.669,0.537,0.855,0.628,0.778
135,1990,Peru,30,PER,0.851,0.673,0.528,0.75,0.781,0.778
135,1991,Peru,30,PER,0.843,0.673,0.528,0.72,0.806,0.778
135,1992,Peru,30,PER,0.707,0.48,0.516,0.452,0.419,0.778
135,1993,Peru,30,PER,0.726,0.48,0.335,0.386,0.202,0.778
135,1994,Peru,30,PER,0.722,0.58,0.335,0.331,0.204,0.778
135,1995,Peru,30,PER,0.712,0.58,0.344,0.331,0.201,0.778
135,1996,Peru,30,PER,0.723,0.58,0.344,0.381,0.204,0.778
135,1997,Peru,30,PER,0.721,0.58,0.313,0.381,0.207,0.778
135,1998,Peru,30,PER,0.72,0.58,0.313,0.333,0.201,0.778
135,1999,Peru,30,PER,0.72,0.58,0.313,0.333,0.201,0.778
135,2000,Peru,30,PER,0.621,0.659,0.368,0.685,0.475,0.782
135,2001,Peru,30,PER,0.903,0.867,0.794,0.932,0.805,0.8089999999999999
135,2002,Peru,30,PER,0.904,0.867,0.794,0.932,0.853,0.8089999999999999
135,2003,Peru,30,PER,0.903,0.867,0.794,0.932,0.87,0.8089999999999999
135,2004,Peru,30,PER,0.904,0.867,0.794,0.931,0.867,0.8089999999999999
135,2005,Peru,30,PER,0.904,0.867,0.794,0.931,0.869,0.8089999999999999
135,2006,Peru,30,PER,0.92,0.848,0.794,0.914,0.86,0.8029999999999999
135,2007,Peru,30,PER,0.92,0.843,0.794,0.91,0.832,0.8029999999999999
135,2008,Peru,30,PER,0.921,0.843,0.794,0.915,0.827,0.8029999999999999
135,2009,Peru,30,PER,0.92,0.841,0.794,0.912,0.832,0.8029999999999999
135,2010,Peru,30,PER,0.924,0.841,0.799,0.918,0.839,0.793
135,2011,Peru,30,PER,0.938,0.854,0.799,0.916,0.846,0.831
135,2012,Peru,30,PER,0.938,0.854,0.803,0.923,0.883,0.831
135,2013,Peru,30,PER,0.937,0.885,0.8,0.908,0.874,0.7969999999999999
135,2014,Peru,30,PER,0.938,0.885,0.811,0.906,0.876,0.7969999999999999
135,2015,Peru,30,PER,0.937,0.809,0.823,0.924,0.864,0.8260000000000001
135,2016,Peru,30,PER,0.9,0.809,0.823,0.917,0.907,0.825
135,2017,Peru,30,PER,0.908,0.809,0.823,0.916,0.936,0.825
135,2018,Peru,30,PER,0.908,0.884,0.823,0.924,0.95,0.838
135,2019,Peru,30,PER,0.898,0.884,0.831,0.924,0.947,0.7969999999999999
135,2020,Peru,30,PER,0.929,0.875,0.807,0.917,0.958,0.796
135,2021,Peru,30,PER,0.909,0.881,0.796,0.842,0.96,0.8
135,2022,Peru,30,PER,0.912,0.864,0.8,0.804,0.95,0.779
135,2023,Peru,30,PER,0.898,0.819,0.804,0.793,0.877,0.778
135,2024,Peru,30,PER,0.879,0.733,0.765,0.728,0.793,0.663
140,1968,Brazil,19,BRA,0.554,0.183,0.158,0.153,0.213,0.486
140,1969,Brazil,19,BRA,0.555,0.183,0.158,0.111,0.214,0.486
140,1970,Brazil,19,BRA,0.539,0.183,0.158,0.112,0.211,0.486
140,1971,Brazil,19,BRA,0.539,0.183,0.168,0.101,0.214,0.486
140,1972,Brazil,19,BRA,0.539,0.183,0.168,0.101,0.211,0.486
140,1973,Brazil,19,BRA,0.54,0.183,0.168,0.105,0.217,0.486
140,1974,Brazil,19,BRA,0.551,0.261,0.168,0.105,0.21,0.486
140,1975,Brazil,19,BRA,0.553,0.276,0.168,0.123,0.21,0.486
140,1976,Brazil,19,BRA,0.553,0.276,0.184,0.138,0.211,0.486
140,1977,Brazil,19,BRA,0.552,0.286,0.185,0.138,0.209,0.486
140,1978,Brazil,19,BRA,0.552,0.29,0.202,0.145,0.227,0.486
140,1979,Brazil,19,BRA,0.554,0.29,0.302,0.25,0.286,0.486
140,1980,Brazil,19,BRA,0.566,0.331,0.302,0.349,0.336,0.486
140,1981,Brazil,19,BRA,0.566,0.331,0.302,0.349,0.333,0.486
140,1982,Brazil,19,BRA,0.653,0.339,0.302,0.354,0.367,0.486
140,1983,Brazil,19,BRA,0.651,0.367,0.302,0.354,0.432,0.486
140,1984,Brazil,19,BRA,0.652,0.421,0.302,0.367,0.434,0.486
140,1985,Brazil,19,BRA,0.682,0.571,0.445,0.626,0.603,0.486
140,1986,Brazil,19,BRA,0.811,0.736,0.634,0.742,0.663,0.486
140,1987,Brazil,19,BRA,0.813,0.767,0.645,0.766,0.673,0.486
140,1988,Brazil,19,BRA,0.83,0.868,0.77,0.841,0.781,0.503
140,1989,Brazil,19,BRA,0.901,0.911,0.818,0.872,0.791,0.503
140,1990,Brazil,19,BRA,0.924,0.941,0.825,0.893,0.862,0.548
140,1991,Brazil,19,BRA,0.925,0.941,0.836,0.893,0.862,0.548
140,1992,Brazil,19,BRA,0.924,0.941,0.836,0.91,0.865,0.548
140,1993,Brazil,19,BRA,0.925,0.941,0.836,0.912,0.867,0.614
140,1994,Brazil,19,BRA,0.925,0.941,0.839,0.921,0.843,0.6799999999999999
140,1995,Brazil,19,BRA,0.925,0.941,0.844,0.925,0.846,0.677
140,1996,Brazil,19,BRA,0.926,0.941,0.844,0.925,0.844,0.692
140,1997,Brazil,19,BRA,0.926,0.941,0.844,0.925,0.844,0.704
140,1998,Brazil,19,BRA,0.928,0.948,0.844,0.925,0.844,0.704
140,1999,Brazil,19,BRA,0.929,0.948,0.844,0.925,0.844,0.704
140,2000,Brazil,19,BRA,0.93,0.948,0.845,0.928,0.844,0.704
140,2001,Brazil,19,BRA,0.93,0.948,0.845,0.928,0.846,0.704
140,2002,Brazil,19,BRA,0.931,0.948,0.854,0.929,0.844,0.704
140,2003,Brazil,19,BRA,0.93,0.948,0.854,0.924,0.862,0.704
140,2004,Brazil,19,BRA,0.93,0.948,0.854,0.924,0.861,0.704
140,2005,Brazil,19,BRA,0.941,0.948,0.865,0.936,0.886,0.704
140,2006,Brazil,19,BRA,0.945,0.948,0.865,0.936,0.873,0.704
140,2007,Brazil,19,BRA,0.945,0.948,0.865,0.928,0.876,0.704
140,2008,Brazil,19,BRA,0.946,0.948,0.865,0.928,0.878,0.704
140,2009,Brazil,19,BRA,0.945,0.948,0.865,0.928,0.877,0.704
140,2010,Brazil,19,BRA,0.95,0.952,0.865,0.929,0.889,0.704
140,2011,Brazil,19,BRA,0.95,0.95,0.865,0.929,0.895,0.704
140,2012,Brazil,19,BRA,0.95,0.939,0.865,0.927,0.895,0.704
140,2013,Brazil,19,BRA,0.95,0.939,0.856,0.932,0.914,0.704
140,2014,Brazil,19,BRA,0.948,0.939,0.856,0.935,0.916,0.704
140,2015,Brazil,19,BRA,0.945,0.939,0.858,0.923,0.922,0.704
140,2016,Brazil,19,BRA,0.94,0.855,0.831,0.815,0.822,0.706
140,2017,Brazil,19,BRA,0.935,0.844,0.814,0.817,0.785,0.706
140,2018,Brazil,19,BRA,0.896,0.817,0.79,0.794,0.784,0.706
140,2019,Brazil,19,BRA,0.895,0.802,0.681,0.732,0.741,0.683
140,2020,Brazil,19,BRA,0.909,0.847,0.673,0.714,0.743,0.683
140,2021,Brazil,19,BRA,0.914,0.837,0.656,0.692,0.77,0.6659999999999999
140,2022,Brazil,19,BRA,0.903,0.837,0.64,0.705,0.797,0.675
140,2023,Brazil,19,BRA,0.902,0.935,0.83,0.9,0.918,0.763
140,2024,Brazil,19,BRA,0.9,0.935,0.829,0.929,0.923,0.763
145,1968,Bolivia,25,BOL,0.427,0.287,0.109,0.214,0.08,0.08799999999999997
145,1969,Bolivia,25,BOL,0.43,0.354,0.109,0.224,0.071,0.08799999999999997
145,1970,Bolivia,25,BOL,0.135,0.384,0.133,0.243,0.084,0.124
145,1971,Bolivia,25,BOL,0.126,0.289,0.077,0.182,0.035,0.08799999999999997
145,1972,Bolivia,25,BOL,0.129,0.227,0.077,0.125,0.033,0.08799999999999997
145,1973,Bolivia,25,BOL,0.127,0.227,0.077,0.125,0.034,0.08799999999999997
145,1974,Bolivia,25,BOL,0.126,0.227,0.077,0.125,0.036,0.08799999999999997
145,1975,Bolivia,25,BOL,0.103,0.227,0.077,0.129,0.036,0.08799999999999997
145,1976,Bolivia,25,BOL,0.102,0.227,0.077,0.129,0.033,0.08799999999999997
145,1977,Bolivia,25,BOL,0.102,0.227,0.077,0.129,0.035,0.08799999999999997
145,1978,Bolivia,25,BOL,0.52,0.281,0.089,0.178,0.05,0.08799999999999997
145,1979,Bolivia,25,BOL,0.608,0.458,0.191,0.249,0.088,0.123
145,1980,Bolivia,25,BOL,0.625,0.319,0.123,0.094,0.076,0.123
145,1981,Bolivia,25,BOL,0.17,0.36,0.136,0.112,0.035,0.08799999999999997
145,1982,Bolivia,25,BOL,0.218,0.578,0.37,0.52,0.312,0.405
145,1983,Bolivia,25,BOL,0.243,0.851,0.43,0.825,0.497,0.46699999999999997
145,1984,Bolivia,25,BOL,0.245,0.878,0.419,0.825,0.571,0.46699999999999997
145,1985,Bolivia,25,BOL,0.828,0.651,0.728,0.815,0.488,0.46699999999999997
145,1986,Bolivia,25,BOL,0.829,0.619,0.728,0.804,0.49,0.504
145,1987,Bolivia,25,BOL,0.829,0.719,0.728,0.804,0.493,0.504
145,1988,Bolivia,25,BOL,0.83,0.751,0.728,0.804,0.494,0.504
145,1989,Bolivia,25,BOL,0.828,0.788,0.728,0.804,0.494,0.504
145,1990,Bolivia,25,BOL,0.834,0.788,0.728,0.818,0.494,0.504
145,1991,Bolivia,25,BOL,0.871,0.854,0.743,0.818,0.492,0.504
145,1992,Bolivia,25,BOL,0.883,0.854,0.743,0.818,0.492,0.504
145,1993,Bolivia,25,BOL,0.913,0.775,0.743,0.818,0.493,0.504
145,1994,Bolivia,25,BOL,0.912,0.814,0.751,0.818,0.515,0.504
145,1995,Bolivia,25,BOL,0.912,0.885,0.751,0.818,0.514,0.504
145,1996,Bolivia,25,BOL,0.913,0.885,0.751,0.818,0.514,0.504
145,1997,Bolivia,25,BOL,0.924,0.853,0.757,0.818,0.623,0.504
145,1998,Bolivia,25,BOL,0.924,0.822,0.757,0.818,0.621,0.504
145,1999,Bolivia,25,BOL,0.925,0.852,0.764,0.818,0.623,0.504
145,2000,Bolivia,25,BOL,0.924,0.863,0.764,0.818,0.635,0.504
145,2001,Bolivia,25,BOL,0.925,0.834,0.764,0.818,0.632,0.504
145,2002,Bolivia,25,BOL,0.911,0.811,0.764,0.818,0.632,0.479
145,2003,Bolivia,25,BOL,0.902,0.872,0.765,0.811,0.707,0.503
145,2004,Bolivia,25,BOL,0.902,0.898,0.763,0.864,0.663,0.525
145,2005,Bolivia,25,BOL,0.903,0.871,0.742,0.856,0.676,0.527
145,2006,Bolivia,25,BOL,0.886,0.873,0.735,0.816,0.434,0.45599999999999996
145,2007,Bolivia,25,BOL,0.886,0.873,0.738,0.816,0.44,0.45599999999999996
145,2008,Bolivia,25,BOL,0.885,0.873,0.739,0.816,0.438,0.45599999999999996
145,2009,Bolivia,25,BOL,0.869,0.873,0.747,0.816,0.416,0.45599999999999996
145,2010,Bolivia,25,BOL,0.865,0.861,0.751,0.783,0.399,0.46299999999999997
145,2011,Bolivia,25,BOL,0.865,0.829,0.751,0.783,0.4,0.46299999999999997
145,2012,Bolivia,25,BOL,0.858,0.817,0.742,0.778,0.401,0.46299999999999997
145,2013,Bolivia,25,BOL,0.856,0.769,0.747,0.77,0.428,0.5389999999999999
145,2014,Bolivia,25,BOL,0.827,0.769,0.747,0.76,0.428,0.5389999999999999
145,2015,Bolivia,25,BOL,0.825,0.742,0.768,0.742,0.428,0.571
145,2016,Bolivia,25,BOL,0.832,0.723,0.754,0.745,0.431,0.571
145,2017,Bolivia,25,BOL,0.83,0.738,0.775,0.734,0.369,0.571
145,2018,Bolivia,25,BOL,0.81,0.738,0.774,0.742,0.352,0.594
145,2019,Bolivia,25,BOL,0.685,0.645,0.629,0.6,0.312,0.613
145,2020,Bolivia,25,BOL,0.845,0.609,0.641,0.623,0.599,0.6779999999999999
145,2021,Bolivia,25,BOL,0.835,0.703,0.777,0.768,0.325,0.6859999999999999
145,2022,Bolivia,25,BOL,0.822,0.677,0.768,0.756,0.37,0.504
145,2023,Bolivia,25,BOL,0.818,0.679,0.746,0.742,0.409,0.504
145,2024,Bolivia,25,BOL,0.824,0.636,0.731,0.718,0.294,0.504
150,1968,Paraguay,189,PRY,0.336,0.06,0.093,0.045,0.076,0.06000000000000005
150,1969,Paraguay,189,PRY,0.338,0.09,0.093,0.045,0.076,0.06000000000000005
150,1970,Paraguay,189,PRY,0.338,0.09,0.093,0.045,0.078,0.06000000000000005
150,1971,Paraguay,189,PRY,0.339,0.09,0.093,0.045,0.077,0.06000000000000005
150,1972,Paraguay,189,PRY,0.338,0.09,0.093,0.045,0.078,0.06000000000000005
150,1973,Paraguay,189,PRY,0.337,0.09,0.093,0.045,0.075,0.06000000000000005
150,1974,Paraguay,189,PRY,0.336,0.075,0.093,0.045,0.076,0.06000000000000005
150,1975,Paraguay,189,PRY,0.336,0.075,0.093,0.045,0.077,0.06000000000000005
150,1976,Paraguay,189,PRY,0.337,0.075,0.093,0.045,0.078,0.06000000000000005
150,1977,Paraguay,189,PRY,0.331,0.075,0.093,0.045,0.077,0.06000000000000005
150,1978,Paraguay,189,PRY,0.335,0.075,0.093,0.045,0.077,0.06000000000000005
150,1979,Paraguay,189,PRY,0.337,0.075,0.093,0.045,0.075,0.06000000000000005
150,1980,Paraguay,189,PRY,0.337,0.104,0.118,0.045,0.077,0.06000000000000005
150,1981,Paraguay,189,PRY,0.338,0.104,0.118,0.045,0.077,0.06000000000000005
150,1982,Paraguay,189,PRY,0.336,0.104,0.118,0.045,0.077,0.06000000000000005
150,1983,Paraguay,189,PRY,0.349,0.104,0.118,0.045,0.076,0.06000000000000005
150,1984,Paraguay,189,PRY,0.347,0.104,0.118,0.045,0.078,0.06000000000000005
150,1985,Paraguay,189,PRY,0.349,0.104,0.118,0.05,0.078,0.06000000000000005
150,1986,Paraguay,189,PRY,0.349,0.104,0.118,0.05,0.079,0.06000000000000005
150,1987,Paraguay,189,PRY,0.349,0.155,0.127,0.05,0.101,0.06000000000000005
150,1988,Paraguay,189,PRY,0.355,0.155,0.127,0.05,0.102,0.06000000000000005
150,1989,Paraguay,189,PRY,0.521,0.302,0.136,0.058,0.245,0.06000000000000005
150,1990,Paraguay,189,PRY,0.594,0.74,0.635,0.605,0.356,0.06799999999999995
150,1991,Paraguay,189,PRY,0.708,0.74,0.635,0.605,0.36,0.06799999999999995
150,1992,Paraguay,189,PRY,0.713,0.809,0.739,0.643,0.719,0.06799999999999995
150,1993,Paraguay,189,PRY,0.773,0.809,0.75,0.674,0.684,0.06799999999999995
150,1994,Paraguay,189,PRY,0.772,0.809,0.75,0.675,0.717,0.06799999999999995
150,1995,Paraguay,189,PRY,0.773,0.809,0.75,0.675,0.712,0.06799999999999995
150,1996,Paraguay,189,PRY,0.777,0.809,0.75,0.675,0.721,0.06799999999999995
150,1997,Paraguay,189,PRY,0.784,0.809,0.75,0.675,0.716,0.06799999999999995
150,1998,Paraguay,189,PRY,0.782,0.809,0.75,0.675,0.719,0.06799999999999995
150,1999,Paraguay,189,PRY,0.782,0.809,0.757,0.675,0.712,0.06799999999999995
150,2000,Paraguay,189,PRY,0.781,0.809,0.772,0.689,0.715,0.16900000000000004
150,2001,Paraguay,189,PRY,0.781,0.809,0.772,0.689,0.714,0.16900000000000004
150,2002,Paraguay,189,PRY,0.781,0.823,0.772,0.689,0.717,0.16900000000000004
150,2003,Paraguay,189,PRY,0.817,0.823,0.777,0.689,0.714,0.28800000000000003
150,2004,Paraguay,189,PRY,0.817,0.823,0.777,0.734,0.716,0.28800000000000003
150,2005,Paraguay,189,PRY,0.817,0.823,0.777,0.734,0.711,0.28800000000000003
150,2006,Paraguay,189,PRY,0.817,0.823,0.777,0.734,0.715,0.28800000000000003
150,2007,Paraguay,189,PRY,0.817,0.823,0.777,0.734,0.745,0.28800000000000003
150,2008,Paraguay,189,PRY,0.82,0.867,0.784,0.786,0.819,0.406
150,2009,Paraguay,189,PRY,0.822,0.873,0.792,0.808,0.82,0.406
150,2010,Paraguay,189,PRY,0.824,0.873,0.792,0.815,0.82,0.406
150,2011,Paraguay,189,PRY,0.821,0.858,0.792,0.811,0.823,0.406
150,2012,Paraguay,189,PRY,0.816,0.807,0.785,0.773,0.789,0.30400000000000005
150,2013,Paraguay,189,PRY,0.832,0.762,0.764,0.714,0.638,0.31799999999999995
150,2014,Paraguay,189,PRY,0.831,0.788,0.783,0.724,0.642,0.31799999999999995
150,2015,Paraguay,189,PRY,0.827,0.778,0.796,0.726,0.632,0.30600000000000005
150,2016,Paraguay,189,PRY,0.827,0.791,0.805,0.717,0.67,0.30600000000000005
150,2017,Paraguay,189,PRY,0.827,0.791,0.77,0.724,0.667,0.30600000000000005
150,2018,Paraguay,189,PRY,0.815,0.791,0.785,0.741,0.656,0.32699999999999996
150,2019,Paraguay,189,PRY,0.815,0.791,0.785,0.741,0.675,0.365
150,2020,Paraguay,189,PRY,0.815,0.791,0.751,0.741,0.73,0.34199999999999997
150,2021,Paraguay,189,PRY,0.815,0.791,0.733,0.741,0.717,0.34199999999999997
150,2022,Paraguay,189,PRY,0.815,0.791,0.725,0.741,0.72,0.32499999999999996
150,2023,Paraguay,189,PRY,0.81,0.791,0.725,0.741,0.724,0.32499999999999996
150,2024,Paraguay,189,PRY,0.809,0.745,0.704,0.747,0.597,0.32499999999999996
155,1968,Chile,72,CHL,0.892,0.785,0.799,0.778,0.703,0.907
155,1969,Chile,72,CHL,0.894,0.785,0.786,0.778,0.694,0.907
155,1970,Chile,72,CHL,0.893,0.785,0.754,0.809,0.793,0.867
155,1971,Chile,72,CHL,0.895,0.785,0.754,0.809,0.794,0.867
155,1972,Chile,72,CHL,0.895,0.785,0.754,0.778,0.795,0.867
155,1973,Chile,72,CHL,0.881,0.317,0.215,0.176,0.76,0.819
155,1974,Chile,72,CHL,0.12,0.035,0.116,0.023,0.105,0.778
155,1975,Chile,72,CHL,0.12,0.035,0.116,0.023,0.107,0.778
155,1976,Chile,72,CHL,0.119,0.035,0.116,0.023,0.109,0.778
155,1977,Chile,72,CHL,0.12,0.062,0.116,0.023,0.103,0.778
155,1978,Chile,72,CHL,0.12,0.033,0.116,0.026,0.105,0.778
155,1979,Chile,72,CHL,0.117,0.061,0.116,0.033,0.111,0.778
155,1980,Chile,72,CHL,0.119,0.072,0.147,0.037,0.241,0.778
155,1981,Chile,72,CHL,0.119,0.072,0.148,0.039,0.242,0.778
155,1982,Chile,72,CHL,0.12,0.072,0.163,0.039,0.245,0.778
155,1983,Chile,72,CHL,0.121,0.072,0.186,0.039,0.243,0.778
155,1984,Chile,72,CHL,0.127,0.072,0.186,0.039,0.245,0.778
155,1985,Chile,72,CHL,0.124,0.105,0.186,0.048,0.256,0.778
155,1986,Chile,72,CHL,0.13,0.105,0.191,0.048,0.254,0.778
155,1987,Chile,72,CHL,0.137,0.131,0.233,0.059,0.243,0.778
155,1988,Chile,72,CHL,0.208,0.173,0.275,0.068,0.259,0.778
155,1989,Chile,72,CHL,0.903,0.176,0.43,0.156,0.212,0.778
155,1990,Chile,72,CHL,0.912,0.94,0.892,0.875,0.923,0.9319999999999999
155,1991,Chile,72,CHL,0.913,0.94,0.933,0.896,0.926,0.9319999999999999
155,1992,Chile,72,CHL,0.913,0.94,0.933,0.896,0.926,0.9319999999999999
155,1993,Chile,72,CHL,0.941,0.94,0.933,0.887,0.927,0.9319999999999999
155,1994,Chile,72,CHL,0.941,0.94,0.933,0.901,0.925,0.9319999999999999
155,1995,Chile,72,CHL,0.941,0.94,0.933,0.901,0.927,0.9319999999999999
155,1996,Chile,72,CHL,0.941,0.952,0.936,0.901,0.926,0.9319999999999999
155,1997,Chile,72,CHL,0.942,0.952,0.936,0.901,0.927,0.9319999999999999
155,1998,Chile,72,CHL,0.942,0.952,0.936,0.901,0.926,0.9319999999999999
155,1999,Chile,72,CHL,0.942,0.952,0.941,0.896,0.927,0.9319999999999999
155,2000,Chile,72,CHL,0.941,0.952,0.938,0.941,0.926,0.9319999999999999
155,2001,Chile,72,CHL,0.941,0.952,0.938,0.941,0.926,0.9319999999999999
155,2002,Chile,72,CHL,0.941,0.952,0.942,0.942,0.927,0.9319999999999999
155,2003,Chile,72,CHL,0.941,0.952,0.942,0.942,0.925,0.9319999999999999
155,2004,Chile,72,CHL,0.941,0.952,0.942,0.942,0.926,0.9319999999999999
155,2005,Chile,72,CHL,0.953,0.952,0.942,0.939,0.965,0.9319999999999999
155,2006,Chile,72,CHL,0.954,0.952,0.942,0.944,0.97,0.9319999999999999
155,2007,Chile,72,CHL,0.954,0.952,0.942,0.944,0.977,0.9319999999999999
155,2008,Chile,72,CHL,0.954,0.952,0.944,0.944,0.977,0.9319999999999999
155,2009,Chile,72,CHL,0.95,0.952,0.944,0.94,0.977,0.9319999999999999
155,2010,Chile,72,CHL,0.953,0.952,0.949,0.936,0.979,0.917
155,2011,Chile,72,CHL,0.953,0.945,0.949,0.941,0.979,0.917
155,2012,Chile,72,CHL,0.954,0.945,0.949,0.945,0.979,0.917
155,2013,Chile,72,CHL,0.95,0.943,0.958,0.953,0.976,0.903
155,2014,Chile,72,CHL,0.949,0.943,0.957,0.954,0.977,0.91
155,2015,Chile,72,CHL,0.952,0.936,0.947,0.941,0.975,0.9
155,2016,Chile,72,CHL,0.951,0.936,0.947,0.941,0.976,0.9
155,2017,Chile,72,CHL,0.95,0.936,0.947,0.946,0.978,0.9
155,2018,Chile,72,CHL,0.95,0.907,0.934,0.925,0.974,0.924
155,2019,Chile,72,CHL,0.95,0.888,0.915,0.868,0.978,0.915
155,2020,Chile,72,CHL,0.95,0.878,0.882,0.893,0.977,0.915
155,2021,Chile,72,CHL,0.942,0.849,0.901,0.901,0.98,0.926
155,2022,Chile,72,CHL,0.942,0.829,0.938,0.917,0.974,0.942
155,2023,Chile,72,CHL,0.94,0.85,0.942,0.911,0.979,0.924
155,2024,Chile,72,CHL,0.94,0.839,0.942,0.923,0.979,0.863
160,1968,Argentina,37,ARG,0.106,0.282,0.393,0.272,0.167,0.577
160,1969,Argentina,37,ARG,0.108,0.282,0.367,0.284,0.165,0.577
160,1970,Argentina,37,ARG,0.108,0.282,0.416,0.297,0.241,0.577
160,1971,Argentina,37,ARG,0.107,0.282,0.416,0.386,0.24,0.577
160,1972,Argentina,37,ARG,0.106,0.282,0.41,0.468,0.248,0.577
160,1973,Argentina,37,ARG,0.816,0.58,0.453,0.553,0.561,0.46799999999999997
160,1974,Argentina,37,ARG,0.837,0.685,0.424,0.665,0.544,0.46799999999999997
160,1975,Argentina,37,ARG,0.835,0.577,0.386,0.582,0.542,0.46799999999999997
160,1976,Argentina,37,ARG,0.784,0.117,0.118,0.089,0.452,0.46799999999999997
160,1977,Argentina,37,ARG,0.105,0.033,0.118,0.026,0.126,0.46799999999999997
160,1978,Argentina,37,ARG,0.105,0.033,0.117,0.026,0.122,0.46799999999999997
160,1979,Argentina,37,ARG,0.105,0.033,0.117,0.026,0.131,0.46799999999999997
160,1980,Argentina,37,ARG,0.106,0.033,0.127,0.026,0.133,0.46799999999999997
160,1981,Argentina,37,ARG,0.105,0.033,0.127,0.026,0.13,0.46799999999999997
160,1982,Argentina,37,ARG,0.104,0.099,0.127,0.033,0.132,0.46799999999999997
160,1983,Argentina,37,ARG,0.897,0.262,0.458,0.358,0.635,0.783
160,1984,Argentina,37,ARG,0.903,0.939,0.94,0.938,0.756,0.783
160,1985,Argentina,37,ARG,0.904,0.939,0.94,0.938,0.754,0.783
160,1986,Argentina,37,ARG,0.905,0.939,0.94,0.938,0.757,0.783
160,1987,Argentina,37,ARG,0.904,0.939,0.94,0.938,0.753,0.783
160,1988,Argentina,37,ARG,0.904,0.939,0.94,0.938,0.757,0.783
160,1989,Argentina,37,ARG,0.905,0.939,0.915,0.933,0.781,0.473
160,1990,Argentina,37,ARG,0.905,0.939,0.883,0.937,0.654,0.42000000000000004
160,1991,Argentina,37,ARG,0.905,0.939,0.905,0.941,0.695,0.42000000000000004
160,1992,Argentina,37,ARG,0.905,0.939,0.909,0.946,0.693,0.42000000000000004
160,1993,Argentina,37,ARG,0.905,0.939,0.909,0.946,0.69,0.515
160,1994,Argentina,37,ARG,0.906,0.939,0.909,0.946,0.695,0.515
160,1995,Argentina,37,ARG,0.904,0.939,0.909,0.946,0.719,0.515
160,1996,Argentina,37,ARG,0.904,0.939,0.909,0.943,0.701,0.515
160,1997,Argentina,37,ARG,0.904,0.939,0.909,0.943,0.697,0.515
160,1998,Argentina,37,ARG,0.905,0.939,0.909,0.943,0.704,0.515
160,1999,Argentina,37,ARG,0.905,0.939,0.926,0.943,0.707,0.5449999999999999
160,2000,Argentina,37,ARG,0.906,0.939,0.926,0.955,0.758,0.5449999999999999
160,2001,Argentina,37,ARG,0.904,0.939,0.919,0.953,0.795,0.5449999999999999
160,2002,Argentina,37,ARG,0.905,0.939,0.889,0.938,0.784,0.495
160,2003,Argentina,37,ARG,0.905,0.939,0.858,0.906,0.784,0.44299999999999995
160,2004,Argentina,37,ARG,0.903,0.879,0.875,0.914,0.785,0.44299999999999995
160,2005,Argentina,37,ARG,0.896,0.879,0.875,0.914,0.765,0.44299999999999995
160,2006,Argentina,37,ARG,0.896,0.879,0.875,0.907,0.762,0.44299999999999995
160,2007,Argentina,37,ARG,0.892,0.879,0.879,0.904,0.748,0.44299999999999995
160,2008,Argentina,37,ARG,0.89,0.861,0.876,0.896,0.734,0.44299999999999995
160,2009,Argentina,37,ARG,0.887,0.861,0.876,0.892,0.739,0.44299999999999995
160,2010,Argentina,37,ARG,0.887,0.844,0.876,0.889,0.744,0.44299999999999995
160,2011,Argentina,37,ARG,0.896,0.844,0.876,0.889,0.723,0.44299999999999995
160,2012,Argentina,37,ARG,0.896,0.844,0.867,0.889,0.716,0.44299999999999995
160,2013,Argentina,37,ARG,0.905,0.847,0.865,0.895,0.728,0.42300000000000004
160,2014,Argentina,37,ARG,0.903,0.847,0.865,0.904,0.745,0.42300000000000004
160,2015,Argentina,37,ARG,0.893,0.847,0.858,0.88,0.765,0.44199999999999995
160,2016,Argentina,37,ARG,0.892,0.898,0.861,0.862,0.832,0.569
160,2017,Argentina,37,ARG,0.915,0.88,0.853,0.848,0.816,0.569
160,2018,Argentina,37,ARG,0.917,0.903,0.859,0.858,0.796,0.569
160,2019,Argentina,37,ARG,0.92,0.903,0.835,0.863,0.793,0.5860000000000001
160,2020,Argentina,37,ARG,0.924,0.888,0.852,0.879,0.759,0.48
160,2021,Argentina,37,ARG,0.93,0.888,0.831,0.867,0.756,0.48
160,2022,Argentina,37,ARG,0.93,0.888,0.845,0.92,0.752,0.48
160,2023,Argentina,37,ARG,0.916,0.888,0.869,0.937,0.807,0.48
160,2024,Argentina,37,ARG,0.913,0.833,0.853,0.761,0.784,0.527
165,1968,Uruguay,102,URY,0.916,0.616,0.783,0.644,0.786,0.9
165,1969,Uruguay,102,URY,0.916,0.59,0.783,0.629,0.789,0.9
165,1970,Uruguay,102,URY,0.917,0.553,0.632,0.577,0.779,0.9
165,1971,Uruguay,102,URY,0.827,0.553,0.59,0.521,0.781,0.9
165,1972,Uruguay,102,URY,0.827,0.463,0.501,0.517,0.774,0.9
165,1973,Uruguay,102,URY,0.25,0.251,0.269,0.167,0.102,0.806
165,1974,Uruguay,102,URY,0.158,0.207,0.21,0.122,0.114,0.767
165,1975,Uruguay,102,URY,0.158,0.207,0.21,0.122,0.113,0.767
165,1976,Uruguay,102,URY,0.161,0.147,0.21,0.086,0.112,0.767
165,1977,Uruguay,102,URY,0.158,0.147,0.21,0.086,0.107,0.767
165,1978,Uruguay,102,URY,0.157,0.147,0.21,0.086,0.103,0.767
165,1979,Uruguay,102,URY,0.158,0.147,0.21,0.096,0.105,0.767
165,1980,Uruguay,102,URY,0.158,0.332,0.227,0.132,0.104,0.767
165,1981,Uruguay,102,URY,0.16,0.388,0.227,0.123,0.101,0.767
165,1982,Uruguay,102,URY,0.176,0.388,0.227,0.125,0.104,0.767
165,1983,Uruguay,102,URY,0.176,0.388,0.227,0.125,0.101,0.767
165,1984,Uruguay,102,URY,0.894,0.388,0.302,0.153,0.082,0.767
165,1985,Uruguay,102,URY,0.927,0.87,0.862,0.763,0.907,0.895
165,1986,Uruguay,102,URY,0.927,0.878,0.957,0.902,0.903,0.895
165,1987,Uruguay,102,URY,0.927,0.878,0.957,0.902,0.914,0.895
165,1988,Uruguay,102,URY,0.928,0.878,0.957,0.902,0.916,0.895
165,1989,Uruguay,102,URY,0.935,0.878,0.957,0.902,0.914,0.895
165,1990,Uruguay,102,URY,0.936,0.878,0.957,0.92,0.931,0.895
165,1991,Uruguay,102,URY,0.935,0.878,0.957,0.923,0.931,0.895
165,1992,Uruguay,102,URY,0.936,0.878,0.957,0.923,0.93,0.895
165,1993,Uruguay,102,URY,0.935,0.878,0.957,0.923,0.927,0.895
165,1994,Uruguay,102,URY,0.935,0.878,0.952,0.923,0.932,0.895
165,1995,Uruguay,102,URY,0.936,0.953,0.952,0.931,0.931,0.895
165,1996,Uruguay,102,URY,0.936,0.953,0.963,0.931,0.93,0.895
165,1997,Uruguay,102,URY,0.936,0.953,0.963,0.931,0.927,0.895
165,1998,Uruguay,102,URY,0.935,0.953,0.963,0.942,0.931,0.895
165,1999,Uruguay,102,URY,0.93,0.953,0.963,0.942,0.93,0.895
165,2000,Uruguay,102,URY,0.93,0.953,0.963,0.948,0.928,0.895
165,2001,Uruguay,102,URY,0.93,0.953,0.963,0.948,0.933,0.895
165,2002,Uruguay,102,URY,0.931,0.953,0.963,0.948,0.932,0.895
165,2003,Uruguay,102,URY,0.93,0.953,0.963,0.948,0.925,0.895
165,2004,Uruguay,102,URY,0.935,0.953,0.963,0.948,0.944,0.895
165,2005,Uruguay,102,URY,0.936,0.953,0.964,0.966,0.915,0.895
165,2006,Uruguay,102,URY,0.935,0.953,0.964,0.97,0.913,0.895
165,2007,Uruguay,102,URY,0.936,0.953,0.964,0.97,0.911,0.895
165,2008,Uruguay,102,URY,0.936,0.953,0.964,0.97,0.911,0.895
165,2009,Uruguay,102,URY,0.95,0.953,0.964,0.97,0.912,0.895
165,2010,Uruguay,102,URY,0.95,0.961,0.964,0.976,0.926,0.895
165,2011,Uruguay,102,URY,0.951,0.961,0.964,0.975,0.928,0.895
165,2012,Uruguay,102,URY,0.951,0.961,0.964,0.975,0.928,0.895
165,2013,Uruguay,102,URY,0.951,0.961,0.95,0.973,0.929,0.895
165,2014,Uruguay,102,URY,0.947,0.961,0.955,0.973,0.929,0.895
165,2015,Uruguay,102,URY,0.946,0.935,0.955,0.973,0.93,0.895
165,2016,Uruguay,102,URY,0.946,0.935,0.955,0.973,0.929,0.895
165,2017,Uruguay,102,URY,0.947,0.905,0.965,0.972,0.931,0.895
165,2018,Uruguay,102,URY,0.948,0.911,0.965,0.974,0.929,0.895
165,2019,Uruguay,102,URY,0.941,0.911,0.965,0.972,0.931,0.895
165,2020,Uruguay,102,URY,0.941,0.909,0.961,0.946,0.938,0.873
165,2021,Uruguay,102,URY,0.941,0.919,0.946,0.911,0.936,0.873
165,2022,Uruguay,102,URY,0.933,0.881,0.947,0.869,0.933,0.845
165,2023,Uruguay,102,URY,0.939,0.862,0.947,0.892,0.906,0.853
165,2024,Uruguay,102,URY,0.93,0.862,0.929,0.918,0.911,0.878
200,1968,United Kingdom,101,GBR,0.897,0.925,0.924,0.908,0.897,0.989
200,1969,United Kingdom,101,GBR,0.898,0.925,0.928,0.908,0.895,0.989
200,1970,United Kingdom,101,GBR,0.898,0.925,0.933,0.916,0.896,0.973
200,1971,United Kingdom,101,GBR,0.897,0.925,0.933,0.916,0.919,0.973
200,1972,United Kingdom,101,GBR,0.898,0.925,0.933,0.916,0.92,0.973
200,1973,United Kingdom,101,GBR,0.897,0.925,0.933,0.916,0.918,0.973
200,1974,United Kingdom,101,GBR,0.897,0.925,0.933,0.916,0.92,0.973
200,1975,United Kingdom,101,GBR,0.896,0.925,0.933,0.916,0.918,0.973
200,1976,United Kingdom,101,GBR,0.897,0.913,0.933,0.916,0.92,0.973
200,1977,United Kingdom,101,GBR,0.897,0.913,0.933,0.916,0.917,0.973
200,1978,United Kingdom,101,GBR,0.897,0.913,0.933,0.916,0.918,0.973
200,1979,United Kingdom,101,GBR,0.897,0.913,0.933,0.905,0.916,0.973
200,1980,United Kingdom,101,GBR,0.9,0.904,0.951,0.895,0.916,0.973
200,1981,United Kingdom,101,GBR,0.899,0.904,0.951,0.895,0.947,0.973
200,1982,United Kingdom,101,GBR,0.9,0.904,0.951,0.895,0.947,0.973
200,1983,United Kingdom,101,GBR,0.891,0.904,0.951,0.895,0.949,0.973
200,1984,United Kingdom,101,GBR,0.891,0.904,0.951,0.895,0.949,0.973
200,1985,United Kingdom,101,GBR,0.891,0.904,0.951,0.895,0.948,0.973
200,1986,United Kingdom,101,GBR,0.891,0.904,0.951,0.895,0.948,0.973
200,1987,United Kingdom,101,GBR,0.891,0.904,0.951,0.895,0.949,0.973
200,1988,United Kingdom,101,GBR,0.891,0.904,0.951,0.895,0.947,0.973
200,1989,United Kingdom,101,GBR,0.891,0.904,0.951,0.895,0.947,0.973
200,1990,United Kingdom,101,GBR,0.891,0.919,0.957,0.916,0.951,0.973
200,1991,United Kingdom,101,GBR,0.891,0.919,0.957,0.916,0.951,0.973
200,1992,United Kingdom,101,GBR,0.888,0.919,0.957,0.916,0.951,0.973
200,1993,United Kingdom,101,GBR,0.889,0.919,0.957,0.916,0.951,0.973
200,1994,United Kingdom,101,GBR,0.889,0.919,0.967,0.916,0.953,0.973
200,1995,United Kingdom,101,GBR,0.888,0.919,0.967,0.916,0.951,0.973
200,1996,United Kingdom,101,GBR,0.889,0.919,0.967,0.916,0.953,0.973
200,1997,United Kingdom,101,GBR,0.889,0.919,0.967,0.916,0.952,0.973
200,1998,United Kingdom,101,GBR,0.896,0.919,0.974,0.916,0.951,0.973
200,1999,United Kingdom,101,GBR,0.898,0.919,0.979,0.944,0.951,0.973
200,2000,United Kingdom,101,GBR,0.916,0.919,0.98,0.956,0.95,0.973
200,2001,United Kingdom,101,GBR,0.923,0.919,0.97,0.961,0.95,0.973
200,2002,United Kingdom,101,GBR,0.923,0.907,0.969,0.961,0.954,0.973
200,2003,United Kingdom,101,GBR,0.924,0.907,0.969,0.961,0.953,0.973
200,2004,United Kingdom,101,GBR,0.923,0.907,0.969,0.961,0.953,0.973
200,2005,United Kingdom,101,GBR,0.929,0.907,0.969,0.961,0.954,0.973
200,2006,United Kingdom,101,GBR,0.929,0.907,0.969,0.964,0.954,0.973
200,2007,United Kingdom,101,GBR,0.929,0.907,0.969,0.964,0.955,0.973
200,2008,United Kingdom,101,GBR,0.929,0.907,0.969,0.964,0.953,0.973
200,2009,United Kingdom,101,GBR,0.929,0.907,0.969,0.964,0.954,0.973
200,2010,United Kingdom,101,GBR,0.929,0.907,0.964,0.961,0.953,0.973
200,2011,United Kingdom,101,GBR,0.929,0.907,0.964,0.961,0.956,0.973
200,2012,United Kingdom,101,GBR,0.929,0.907,0.957,0.963,0.956,0.973
200,2013,United Kingdom,101,GBR,0.929,0.914,0.937,0.954,0.957,0.973
200,2014,United Kingdom,101,GBR,0.93,0.914,0.937,0.949,0.957,0.973
200,2015,United Kingdom,101,GBR,0.919,0.914,0.937,0.949,0.956,0.973
200,2016,United Kingdom,101,GBR,0.92,0.914,0.937,0.949,0.957,0.973
200,2017,United Kingdom,101,GBR,0.931,0.914,0.951,0.961,0.957,0.983
200,2018,United Kingdom,101,GBR,0.933,0.914,0.949,0.961,0.957,0.983
200,2019,United Kingdom,101,GBR,0.935,0.893,0.933,0.958,0.964,0.983
200,2020,United Kingdom,101,GBR,0.939,0.909,0.919,0.957,0.953,0.977
200,2021,United Kingdom,101,GBR,0.933,0.909,0.903,0.941,0.945,0.977
200,2022,United Kingdom,101,GBR,0.928,0.909,0.909,0.931,0.945,0.977
200,2023,United Kingdom,101,GBR,0.924,0.891,0.904,0.936,0.948,0.984
200,2024,United Kingdom,101,GBR,0.914,0.875,0.875,0.914,0.949,0.984
205,1968,Ireland,81,IRL,0.907,0.883,0.936,0.893,0.839,0.949
205,1969,Ireland,81,IRL,0.907,0.883,0.936,0.894,0.835,0.949
205,1970,Ireland,81,IRL,0.906,0.883,0.936,0.906,0.841,0.949
205,1971,Ireland,81,IRL,0.907,0.883,0.94,0.906,0.839,0.949
205,1972,Ireland,81,IRL,0.906,0.883,0.94,0.906,0.839,0.949
205,1973,Ireland,81,IRL,0.905,0.883,0.94,0.906,0.841,0.949
205,1974,Ireland,81,IRL,0.907,0.883,0.944,0.925,0.862,0.949
205,1975,Ireland,81,IRL,0.908,0.883,0.944,0.925,0.861,0.949
205,1976,Ireland,81,IRL,0.908,0.883,0.944,0.925,0.859,0.949
205,1977,Ireland,81,IRL,0.909,0.883,0.944,0.925,0.86,0.949
205,1978,Ireland,81,IRL,0.907,0.883,0.944,0.925,0.857,0.949
205,1979,Ireland,81,IRL,0.909,0.883,0.944,0.925,0.863,0.949
205,1980,Ireland,81,IRL,0.908,0.883,0.944,0.922,0.861,0.949
205,1981,Ireland,81,IRL,0.914,0.883,0.956,0.922,0.858,0.949
205,1982,Ireland,81,IRL,0.912,0.883,0.956,0.93,0.853,0.949
205,1983,Ireland,81,IRL,0.912,0.883,0.961,0.93,0.858,0.949
205,1984,Ireland,81,IRL,0.912,0.883,0.961,0.93,0.875,0.949
205,1985,Ireland,81,IRL,0.912,0.883,0.961,0.937,0.874,0.949
205,1986,Ireland,81,IRL,0.912,0.883,0.961,0.937,0.883,0.949
205,1987,Ireland,81,IRL,0.915,0.883,0.961,0.937,0.884,0.949
205,1988,Ireland,81,IRL,0.915,0.883,0.961,0.937,0.884,0.949
205,1989,Ireland,81,IRL,0.914,0.883,0.961,0.937,0.884,0.949
205,1990,Ireland,81,IRL,0.913,0.883,0.961,0.955,0.882,0.949
205,1991,Ireland,81,IRL,0.913,0.948,0.961,0.962,0.883,0.949
205,1992,Ireland,81,IRL,0.914,0.948,0.961,0.962,0.902,0.949
205,1993,Ireland,81,IRL,0.913,0.948,0.961,0.962,0.902,0.949
205,1994,Ireland,81,IRL,0.913,0.948,0.961,0.962,0.905,0.949
205,1995,Ireland,81,IRL,0.916,0.948,0.961,0.962,0.902,0.949
205,1996,Ireland,81,IRL,0.915,0.948,0.961,0.969,0.902,0.949
205,1997,Ireland,81,IRL,0.921,0.948,0.961,0.969,0.93,0.949
205,1998,Ireland,81,IRL,0.92,0.948,0.961,0.969,0.931,0.97
205,1999,Ireland,81,IRL,0.921,0.948,0.961,0.969,0.93,0.97
205,2000,Ireland,81,IRL,0.921,0.948,0.961,0.976,0.932,0.97
205,2001,Ireland,81,IRL,0.921,0.948,0.961,0.976,0.93,0.97
205,2002,Ireland,81,IRL,0.921,0.948,0.961,0.976,0.932,0.97
205,2003,Ireland,81,IRL,0.92,0.948,0.961,0.976,0.93,0.97
205,2004,Ireland,81,IRL,0.92,0.948,0.961,0.976,0.93,0.97
205,2005,Ireland,81,IRL,0.919,0.948,0.961,0.976,0.932,0.97
205,2006,Ireland,81,IRL,0.92,0.948,0.961,0.976,0.931,0.97
205,2007,Ireland,81,IRL,0.933,0.948,0.961,0.976,0.932,0.97
205,2008,Ireland,81,IRL,0.933,0.948,0.961,0.976,0.93,0.97
205,2009,Ireland,81,IRL,0.934,0.948,0.961,0.976,0.931,0.975
205,2010,Ireland,81,IRL,0.933,0.948,0.961,0.976,0.932,0.977
205,2011,Ireland,81,IRL,0.934,0.948,0.961,0.976,0.933,0.977
205,2012,Ireland,81,IRL,0.934,0.948,0.964,0.977,0.931,0.977
205,2013,Ireland,81,IRL,0.933,0.948,0.966,0.974,0.938,0.977
205,2014,Ireland,81,IRL,0.934,0.948,0.966,0.974,0.939,0.977
205,2015,Ireland,81,IRL,0.934,0.948,0.967,0.974,0.938,0.977
205,2016,Ireland,81,IRL,0.924,0.948,0.967,0.974,0.939,0.977
205,2017,Ireland,81,IRL,0.925,0.959,0.97,0.974,0.948,0.98
205,2018,Ireland,81,IRL,0.925,0.964,0.966,0.974,0.949,0.98
205,2019,Ireland,81,IRL,0.925,0.959,0.975,0.97,0.949,0.98
205,2020,Ireland,81,IRL,0.924,0.949,0.976,0.975,0.949,0.98
205,2021,Ireland,81,IRL,0.937,0.949,0.973,0.975,0.948,0.98
205,2022,Ireland,81,IRL,0.936,0.949,0.977,0.972,0.949,0.98
205,2023,Ireland,81,IRL,0.937,0.949,0.977,0.974,0.949,0.98
205,2024,Ireland,81,IRL,0.93,0.949,0.977,0.974,0.948,0.98
210,1968,Netherlands,91,NLD,0.921,0.816,0.977,0.917,0.949,0.986
210,1969,Netherlands,91,NLD,0.921,0.816,0.977,0.937,0.948,0.986
210,1970,Netherlands,91,NLD,0.921,0.848,0.977,0.944,0.965,0.986
210,1971,Netherlands,91,NLD,0.921,0.848,0.977,0.944,0.965,0.986
210,1972,Netherlands,91,NLD,0.929,0.848,0.977,0.944,0.965,0.986
210,1973,Netherlands,91,NLD,0.929,0.848,0.977,0.944,0.964,0.986
210,1974,Netherlands,91,NLD,0.929,0.848,0.977,0.944,0.964,0.986
210,1975,Netherlands,91,NLD,0.929,0.848,0.977,0.944,0.965,0.986
210,1976,Netherlands,91,NLD,0.929,0.848,0.977,0.944,0.965,0.986
210,1977,Netherlands,91,NLD,0.928,0.848,0.977,0.951,0.965,0.986
210,1978,Netherlands,91,NLD,0.929,0.843,0.977,0.951,0.964,0.986
210,1979,Netherlands,91,NLD,0.929,0.868,0.977,0.951,0.964,0.986
210,1980,Netherlands,91,NLD,0.929,0.847,0.977,0.961,0.972,0.978
210,1981,Netherlands,91,NLD,0.93,0.847,0.977,0.961,0.972,0.978
210,1982,Netherlands,91,NLD,0.929,0.847,0.977,0.961,0.979,0.978
210,1983,Netherlands,91,NLD,0.93,0.847,0.977,0.961,0.979,0.978
210,1984,Netherlands,91,NLD,0.929,0.84,0.977,0.961,0.979,0.978
210,1985,Netherlands,91,NLD,0.929,0.84,0.977,0.961,0.979,0.978
210,1986,Netherlands,91,NLD,0.93,0.84,0.977,0.961,0.979,0.978
210,1987,Netherlands,91,NLD,0.929,0.84,0.977,0.961,0.979,0.978
210,1988,Netherlands,91,NLD,0.93,0.84,0.977,0.961,0.98,0.978
210,1989,Netherlands,91,NLD,0.929,0.84,0.977,0.961,0.979,0.978
210,1990,Netherlands,91,NLD,0.93,0.84,0.977,0.961,0.979,0.978
210,1991,Netherlands,91,NLD,0.93,0.84,0.977,0.961,0.98,0.978
210,1992,Netherlands,91,NLD,0.93,0.84,0.977,0.961,0.979,0.978
210,1993,Netherlands,91,NLD,0.929,0.84,0.977,0.961,0.979,0.978
210,1994,Netherlands,91,NLD,0.93,0.84,0.977,0.961,0.979,0.978
210,1995,Netherlands,91,NLD,0.93,0.84,0.977,0.961,0.979,0.978
210,1996,Netherlands,91,NLD,0.929,0.84,0.977,0.961,0.979,0.978
210,1997,Netherlands,91,NLD,0.929,0.84,0.977,0.961,0.979,0.978
210,1998,Netherlands,91,NLD,0.928,0.84,0.977,0.954,0.98,0.978
210,1999,Netherlands,91,NLD,0.93,0.84,0.977,0.954,0.979,0.978
210,2000,Netherlands,91,NLD,0.93,0.814,0.977,0.954,0.979,0.978
210,2001,Netherlands,91,NLD,0.93,0.814,0.977,0.954,0.979,0.978
210,2002,Netherlands,91,NLD,0.929,0.814,0.977,0.948,0.979,0.978
210,2003,Netherlands,91,NLD,0.929,0.814,0.977,0.956,0.979,0.978
210,2004,Netherlands,91,NLD,0.93,0.814,0.977,0.956,0.979,0.978
210,2005,Netherlands,91,NLD,0.929,0.814,0.977,0.956,0.98,0.978
210,2006,Netherlands,91,NLD,0.944,0.814,0.977,0.956,0.979,0.978
210,2007,Netherlands,91,NLD,0.944,0.814,0.976,0.956,0.98,0.978
210,2008,Netherlands,91,NLD,0.944,0.814,0.976,0.956,0.979,0.978
210,2009,Netherlands,91,NLD,0.944,0.814,0.976,0.956,0.979,0.978
210,2010,Netherlands,91,NLD,0.945,0.814,0.976,0.959,0.979,0.978
210,2011,Netherlands,91,NLD,0.95,0.797,0.976,0.959,0.979,0.978
210,2012,Netherlands,91,NLD,0.95,0.797,0.975,0.955,0.979,0.978
210,2013,Netherlands,91,NLD,0.949,0.797,0.969,0.957,0.98,0.978
210,2014,Netherlands,91,NLD,0.95,0.817,0.966,0.957,0.979,0.978
210,2015,Netherlands,91,NLD,0.95,0.817,0.966,0.957,0.979,0.978
210,2016,Netherlands,91,NLD,0.95,0.817,0.966,0.957,0.979,0.978
210,2017,Netherlands,91,NLD,0.948,0.817,0.968,0.957,0.98,0.978
210,2018,Netherlands,91,NLD,0.947,0.88,0.962,0.945,0.982,0.978
210,2019,Netherlands,91,NLD,0.948,0.845,0.967,0.931,0.973,0.978
210,2020,Netherlands,91,NLD,0.945,0.845,0.959,0.929,0.971,0.978
210,2021,Netherlands,91,NLD,0.941,0.888,0.956,0.932,0.965,0.978
210,2022,Netherlands,91,NLD,0.941,0.863,0.951,0.924,0.967,0.978
210,2023,Netherlands,91,NLD,0.942,0.863,0.949,0.911,0.968,0.978
210,2024,Netherlands,91,NLD,0.942,0.803,0.949,0.888,0.954,0.978
211,1968,Belgium,148,BEL,0.923,0.91,0.977,0.923,0.888,0.967
211,1969,Belgium,148,BEL,0.923,0.91,0.977,0.923,0.887,0.967
211,1970,Belgium,148,BEL,0.922,0.91,0.981,0.933,0.886,0.967
211,1971,Belgium,148,BEL,0.924,0.91,0.981,0.933,0.887,0.967
211,1972,Belgium,148,BEL,0.923,0.91,0.983,0.933,0.888,0.967
211,1973,Belgium,148,BEL,0.924,0.91,0.983,0.933,0.89,0.967
211,1974,Belgium,148,BEL,0.923,0.91,0.983,0.933,0.89,0.967
211,1975,Belgium,148,BEL,0.923,0.91,0.983,0.933,0.89,0.967
211,1976,Belgium,148,BEL,0.923,0.91,0.983,0.938,0.888,0.967
211,1977,Belgium,148,BEL,0.923,0.91,0.983,0.938,0.888,0.967
211,1978,Belgium,148,BEL,0.923,0.91,0.983,0.938,0.886,0.967
211,1979,Belgium,148,BEL,0.923,0.91,0.983,0.938,0.891,0.967
211,1980,Belgium,148,BEL,0.923,0.935,0.983,0.945,0.892,0.967
211,1981,Belgium,148,BEL,0.923,0.889,0.983,0.945,0.89,0.967
211,1982,Belgium,148,BEL,0.924,0.889,0.983,0.945,0.893,0.967
211,1983,Belgium,148,BEL,0.924,0.889,0.983,0.945,0.895,0.967
211,1984,Belgium,148,BEL,0.924,0.889,0.983,0.945,0.891,0.967
211,1985,Belgium,148,BEL,0.923,0.889,0.983,0.945,0.894,0.967
211,1986,Belgium,148,BEL,0.923,0.908,0.983,0.945,0.895,0.967
211,1987,Belgium,148,BEL,0.922,0.908,0.983,0.943,0.894,0.967
211,1988,Belgium,148,BEL,0.922,0.908,0.983,0.943,0.895,0.967
211,1989,Belgium,148,BEL,0.923,0.908,0.983,0.95,0.881,0.967
211,1990,Belgium,148,BEL,0.922,0.908,0.983,0.968,0.913,0.967
211,1991,Belgium,148,BEL,0.923,0.908,0.981,0.968,0.913,0.967
211,1992,Belgium,148,BEL,0.922,0.908,0.985,0.968,0.919,0.967
211,1993,Belgium,148,BEL,0.922,0.908,0.985,0.968,0.917,0.967
211,1994,Belgium,148,BEL,0.922,0.908,0.985,0.968,0.917,0.967
211,1995,Belgium,148,BEL,0.923,0.908,0.985,0.973,0.918,0.967
211,1996,Belgium,148,BEL,0.923,0.908,0.985,0.973,0.927,0.967
211,1997,Belgium,148,BEL,0.923,0.908,0.985,0.973,0.928,0.967
211,1998,Belgium,148,BEL,0.923,0.908,0.985,0.973,0.927,0.967
211,1999,Belgium,148,BEL,0.922,0.908,0.985,0.973,0.939,0.967
211,2000,Belgium,148,BEL,0.924,0.908,0.985,0.973,0.938,0.967
211,2001,Belgium,148,BEL,0.925,0.908,0.985,0.973,0.937,0.967
211,2002,Belgium,148,BEL,0.924,0.908,0.985,0.973,0.938,0.967
211,2003,Belgium,148,BEL,0.925,0.908,0.985,0.973,0.938,0.967
211,2004,Belgium,148,BEL,0.923,0.908,0.985,0.973,0.939,0.967
211,2005,Belgium,148,BEL,0.925,0.908,0.985,0.973,0.937,0.967
211,2006,Belgium,148,BEL,0.931,0.908,0.985,0.973,0.938,0.967
211,2007,Belgium,148,BEL,0.945,0.908,0.985,0.974,0.947,0.967
211,2008,Belgium,148,BEL,0.945,0.908,0.985,0.977,0.936,0.967
211,2009,Belgium,148,BEL,0.945,0.908,0.985,0.977,0.946,0.967
211,2010,Belgium,148,BEL,0.944,0.908,0.985,0.977,0.939,0.967
211,2011,Belgium,148,BEL,0.944,0.908,0.985,0.977,0.938,0.967
211,2012,Belgium,148,BEL,0.944,0.908,0.985,0.977,0.939,0.967
211,2013,Belgium,148,BEL,0.947,0.908,0.985,0.977,0.944,0.967
211,2014,Belgium,148,BEL,0.946,0.908,0.985,0.977,0.944,0.967
211,2015,Belgium,148,BEL,0.946,0.908,0.981,0.977,0.942,0.967
211,2016,Belgium,148,BEL,0.946,0.908,0.981,0.977,0.944,0.967
211,2017,Belgium,148,BEL,0.946,0.908,0.981,0.974,0.944,0.967
211,2018,Belgium,148,BEL,0.946,0.908,0.981,0.974,0.943,0.967
211,2019,Belgium,148,BEL,0.944,0.908,0.981,0.973,0.951,0.967
211,2020,Belgium,148,BEL,0.948,0.908,0.978,0.968,0.926,0.967
211,2021,Belgium,148,BEL,0.949,0.908,0.979,0.966,0.924,0.967
211,2022,Belgium,148,BEL,0.943,0.908,0.979,0.97,0.949,0.967
211,2023,Belgium,148,BEL,0.943,0.908,0.979,0.97,0.914,0.967
211,2024,Belgium,148,BEL,0.938,0.908,0.979,0.969,0.915,0.967
212,1968,Luxembourg,174,LUX,0.928,0.969,0.977,0.95,0.919,0.979
212,1969,Luxembourg,174,LUX,0.928,0.969,0.977,0.95,0.919,0.979
212,1970,Luxembourg,174,LUX,0.929,0.969,0.977,0.95,0.923,0.979
212,1971,Luxembourg,174,LUX,0.928,0.969,0.977,0.95,0.92,0.979
212,1972,Luxembourg,174,LUX,0.927,0.969,0.977,0.95,0.923,0.979
212,1973,Luxembourg,174,LUX,0.929,0.969,0.977,0.95,0.921,0.979
212,1974,Luxembourg,174,LUX,0.929,0.969,0.977,0.958,0.921,0.979
212,1975,Luxembourg,174,LUX,0.929,0.969,0.977,0.958,0.921,0.979
212,1976,Luxembourg,174,LUX,0.929,0.969,0.977,0.958,0.921,0.979
212,1977,Luxembourg,174,LUX,0.929,0.969,0.977,0.958,0.92,0.979
212,1978,Luxembourg,174,LUX,0.929,0.969,0.977,0.958,0.921,0.979
212,1979,Luxembourg,174,LUX,0.929,0.969,0.977,0.958,0.922,0.979
212,1980,Luxembourg,174,LUX,0.929,0.969,0.977,0.958,0.922,0.979
212,1981,Luxembourg,174,LUX,0.929,0.969,0.977,0.958,0.924,0.979
212,1982,Luxembourg,174,LUX,0.929,0.969,0.977,0.958,0.922,0.979
212,1983,Luxembourg,174,LUX,0.93,0.969,0.977,0.958,0.922,0.979
212,1984,Luxembourg,174,LUX,0.929,0.969,0.977,0.958,0.923,0.979
212,1985,Luxembourg,174,LUX,0.93,0.969,0.977,0.958,0.921,0.979
212,1986,Luxembourg,174,LUX,0.929,0.969,0.977,0.958,0.922,0.979
212,1987,Luxembourg,174,LUX,0.929,0.969,0.977,0.958,0.922,0.979
212,1988,Luxembourg,174,LUX,0.929,0.969,0.977,0.958,0.923,0.979
212,1989,Luxembourg,174,LUX,0.929,0.969,0.977,0.958,0.922,0.979
212,1990,Luxembourg,174,LUX,0.929,0.969,0.977,0.958,0.926,0.979
212,1991,Luxembourg,174,LUX,0.929,0.969,0.977,0.958,0.925,0.979
212,1992,Luxembourg,174,LUX,0.928,0.969,0.977,0.958,0.926,0.979
212,1993,Luxembourg,174,LUX,0.928,0.969,0.977,0.958,0.926,0.979
212,1994,Luxembourg,174,LUX,0.929,0.969,0.977,0.958,0.926,0.979
212,1995,Luxembourg,174,LUX,0.929,0.969,0.977,0.958,0.926,0.979
212,1996,Luxembourg,174,LUX,0.928,0.969,0.977,0.958,0.927,0.979
212,1997,Luxembourg,174,LUX,0.929,0.969,0.977,0.958,0.926,0.979
212,1998,Luxembourg,174,LUX,0.929,0.969,0.977,0.958,0.924,0.979
212,1999,Luxembourg,174,LUX,0.929,0.969,0.977,0.958,0.926,0.979
212,2000,Luxembourg,174,LUX,0.928,0.969,0.977,0.958,0.925,0.979
212,2001,Luxembourg,174,LUX,0.929,0.969,0.977,0.958,0.925,0.979
212,2002,Luxembourg,174,LUX,0.93,0.969,0.977,0.958,0.926,0.979
212,2003,Luxembourg,174,LUX,0.929,0.969,0.977,0.958,0.927,0.979
212,2004,Luxembourg,174,LUX,0.929,0.969,0.977,0.958,0.924,0.979
212,2005,Luxembourg,174,LUX,0.93,0.969,0.977,0.958,0.925,0.979
212,2006,Luxembourg,174,LUX,0.93,0.969,0.977,0.958,0.925,0.979
212,2007,Luxembourg,174,LUX,0.929,0.969,0.977,0.958,0.927,0.979
212,2008,Luxembourg,174,LUX,0.928,0.969,0.977,0.958,0.927,0.979
212,2009,Luxembourg,174,LUX,0.933,0.969,0.977,0.958,0.925,0.979
212,2010,Luxembourg,174,LUX,0.934,0.969,0.977,0.958,0.924,0.979
212,2011,Luxembourg,174,LUX,0.934,0.969,0.977,0.958,0.927,0.979
212,2012,Luxembourg,174,LUX,0.935,0.969,0.977,0.958,0.926,0.979
212,2013,Luxembourg,174,LUX,0.935,0.969,0.977,0.958,0.926,0.979
212,2014,Luxembourg,174,LUX,0.934,0.969,0.977,0.958,0.926,0.979
212,2015,Luxembourg,174,LUX,0.934,0.969,0.977,0.958,0.926,0.979
212,2016,Luxembourg,174,LUX,0.935,0.969,0.977,0.958,0.926,0.979
212,2017,Luxembourg,174,LUX,0.935,0.969,0.977,0.958,0.927,0.979
212,2018,Luxembourg,174,LUX,0.934,0.969,0.977,0.958,0.925,0.979
212,2019,Luxembourg,174,LUX,0.934,0.964,0.976,0.958,0.926,0.979
212,2020,Luxembourg,174,LUX,0.934,0.964,0.964,0.958,0.919,0.979
212,2021,Luxembourg,174,LUX,0.934,0.964,0.964,0.958,0.92,0.979
212,2022,Luxembourg,174,LUX,0.934,0.964,0.976,0.958,0.917,0.979
212,2023,Luxembourg,174,LUX,0.93,0.964,0.979,0.958,0.922,0.979
212,2024,Luxembourg,174,LUX,0.93,0.964,0.979,0.958,0.898,0.979
220,1968,France,76,FRA,0.891,0.94,0.951,0.858,0.841,0.959
220,1969,France,76,FRA,0.9,0.94,0.965,0.901,0.885,0.959
220,1970,France,76,FRA,0.903,0.94,0.965,0.933,0.901,0.959
220,1971,France,76,FRA,0.906,0.94,0.965,0.933,0.906,0.959
220,1972,France,76,FRA,0.906,0.94,0.965,0.921,0.903,0.959
220,1973,France,76,FRA,0.918,0.94,0.965,0.921,0.904,0.959
220,1974,France,76,FRA,0.917,0.94,0.965,0.921,0.904,0.959
220,1975,France,76,FRA,0.918,0.94,0.965,0.933,0.904,0.959
220,1976,France,76,FRA,0.917,0.94,0.966,0.933,0.904,0.959
220,1977,France,76,FRA,0.918,0.94,0.966,0.933,0.902,0.959
220,1978,France,76,FRA,0.923,0.94,0.966,0.933,0.904,0.959
220,1979,France,76,FRA,0.924,0.94,0.966,0.933,0.905,0.959
220,1980,France,76,FRA,0.924,0.94,0.966,0.933,0.903,0.959
220,1981,France,76,FRA,0.923,0.94,0.966,0.947,0.909,0.959
220,1982,France,76,FRA,0.923,0.94,0.971,0.954,0.91,0.959
220,1983,France,76,FRA,0.923,0.94,0.971,0.954,0.911,0.959
220,1984,France,76,FRA,0.923,0.94,0.971,0.954,0.909,0.959
220,1985,France,76,FRA,0.923,0.94,0.971,0.954,0.91,0.959
220,1986,France,76,FRA,0.924,0.94,0.971,0.954,0.909,0.959
220,1987,France,76,FRA,0.924,0.94,0.971,0.954,0.911,0.959
220,1988,France,76,FRA,0.924,0.94,0.971,0.963,0.909,0.959
220,1989,France,76,FRA,0.924,0.94,0.971,0.963,0.91,0.959
220,1990,France,76,FRA,0.924,0.94,0.971,0.963,0.909,0.959
220,1991,France,76,FRA,0.923,0.94,0.971,0.963,0.91,0.959
220,1992,France,76,FRA,0.924,0.94,0.974,0.963,0.909,0.959
220,1993,France,76,FRA,0.924,0.94,0.974,0.963,0.906,0.959
220,1994,France,76,FRA,0.924,0.94,0.974,0.963,0.909,0.959
220,1995,France,76,FRA,0.924,0.94,0.974,0.954,0.908,0.959
220,1996,France,76,FRA,0.923,0.94,0.974,0.963,0.909,0.959
220,1997,France,76,FRA,0.924,0.94,0.974,0.963,0.911,0.959
220,1998,France,76,FRA,0.925,0.94,0.974,0.963,0.91,0.959
220,1999,France,76,FRA,0.924,0.94,0.974,0.963,0.91,0.959
220,2000,France,76,FRA,0.925,0.94,0.974,0.963,0.909,0.959
220,2001,France,76,FRA,0.925,0.94,0.974,0.963,0.91,0.959
220,2002,France,76,FRA,0.923,0.94,0.974,0.963,0.91,0.959
220,2003,France,76,FRA,0.924,0.94,0.974,0.963,0.909,0.959
220,2004,France,76,FRA,0.924,0.94,0.974,0.963,0.909,0.959
220,2005,France,76,FRA,0.924,0.94,0.974,0.963,0.908,0.959
220,2006,France,76,FRA,0.923,0.94,0.974,0.963,0.91,0.959
220,2007,France,76,FRA,0.934,0.94,0.974,0.96,0.916,0.959
220,2008,France,76,FRA,0.934,0.94,0.974,0.967,0.915,0.959
220,2009,France,76,FRA,0.934,0.94,0.974,0.967,0.913,0.959
220,2010,France,76,FRA,0.934,0.94,0.974,0.967,0.915,0.959
220,2011,France,76,FRA,0.934,0.94,0.974,0.971,0.913,0.959
220,2012,France,76,FRA,0.935,0.94,0.972,0.971,0.913,0.959
220,2013,France,76,FRA,0.936,0.94,0.972,0.971,0.917,0.959
220,2014,France,76,FRA,0.936,0.934,0.97,0.971,0.915,0.959
220,2015,France,76,FRA,0.936,0.911,0.97,0.971,0.913,0.959
220,2016,France,76,FRA,0.936,0.911,0.97,0.971,0.914,0.959
220,2017,France,76,FRA,0.937,0.927,0.97,0.971,0.915,0.959
220,2018,France,76,FRA,0.937,0.888,0.965,0.969,0.903,0.959
220,2019,France,76,FRA,0.937,0.889,0.965,0.967,0.914,0.959
220,2020,France,76,FRA,0.936,0.835,0.952,0.967,0.911,0.959
220,2021,France,76,FRA,0.936,0.835,0.939,0.971,0.909,0.959
220,2022,France,76,FRA,0.932,0.88,0.938,0.963,0.938,0.959
220,2023,France,76,FRA,0.931,0.88,0.936,0.958,0.953,0.986
220,2024,France,76,FRA,0.928,0.856,0.936,0.958,0.954,0.981
225,1968,Switzerland,6,CHE,0.91,0.939,0.944,0.947,0.941,0.98
225,1969,Switzerland,6,CHE,0.909,0.939,0.944,0.947,0.941,0.98
225,1970,Switzerland,6,CHE,0.91,0.933,0.949,0.952,0.943,0.98
225,1971,Switzerland,6,CHE,0.911,0.933,0.949,0.952,0.94,0.98
225,1972,Switzerland,6,CHE,0.913,0.933,0.949,0.952,0.941,0.98
225,1973,Switzerland,6,CHE,0.913,0.933,0.949,0.952,0.941,0.98
225,1974,Switzerland,6,CHE,0.913,0.933,0.97,0.952,0.942,0.98
225,1975,Switzerland,6,CHE,0.912,0.933,0.97,0.952,0.941,0.98
225,1976,Switzerland,6,CHE,0.911,0.933,0.97,0.952,0.942,0.98
225,1977,Switzerland,6,CHE,0.912,0.933,0.97,0.952,0.94,0.98
225,1978,Switzerland,6,CHE,0.912,0.933,0.97,0.952,0.942,0.98
225,1979,Switzerland,6,CHE,0.913,0.933,0.97,0.952,0.942,0.98
225,1980,Switzerland,6,CHE,0.913,0.954,0.972,0.952,0.941,0.98
225,1981,Switzerland,6,CHE,0.912,0.954,0.972,0.952,0.947,0.98
225,1982,Switzerland,6,CHE,0.913,0.954,0.972,0.952,0.946,0.98
225,1983,Switzerland,6,CHE,0.911,0.954,0.972,0.952,0.947,0.98
225,1984,Switzerland,6,CHE,0.912,0.954,0.972,0.952,0.945,0.98
225,1985,Switzerland,6,CHE,0.912,0.954,0.972,0.952,0.947,0.98
225,1986,Switzerland,6,CHE,0.912,0.954,0.972,0.952,0.946,0.98
225,1987,Switzerland,6,CHE,0.913,0.954,0.972,0.952,0.946,0.98
225,1988,Switzerland,6,CHE,0.913,0.954,0.972,0.952,0.946,0.98
225,1989,Switzerland,6,CHE,0.913,0.954,0.972,0.956,0.946,0.98
225,1990,Switzerland,6,CHE,0.912,0.954,0.974,0.974,0.947,0.98
225,1991,Switzerland,6,CHE,0.911,0.954,0.978,0.978,0.945,0.98
225,1992,Switzerland,6,CHE,0.912,0.954,0.978,0.978,0.946,0.98
225,1993,Switzerland,6,CHE,0.911,0.954,0.978,0.978,0.957,0.98
225,1994,Switzerland,6,CHE,0.911,0.954,0.978,0.978,0.956,0.98
225,1995,Switzerland,6,CHE,0.913,0.954,0.978,0.978,0.957,0.98
225,1996,Switzerland,6,CHE,0.913,0.954,0.978,0.978,0.957,0.98
225,1997,Switzerland,6,CHE,0.913,0.954,0.978,0.978,0.957,0.98
225,1998,Switzerland,6,CHE,0.912,0.954,0.978,0.978,0.956,0.98
225,1999,Switzerland,6,CHE,0.911,0.954,0.979,0.978,0.957,0.98
225,2000,Switzerland,6,CHE,0.912,0.954,0.981,0.978,0.956,0.98
225,2001,Switzerland,6,CHE,0.912,0.954,0.981,0.978,0.956,0.98
225,2002,Switzerland,6,CHE,0.912,0.954,0.983,0.978,0.956,0.98
225,2003,Switzerland,6,CHE,0.913,0.954,0.983,0.978,0.967,0.98
225,2004,Switzerland,6,CHE,0.914,0.954,0.983,0.978,0.967,0.98
225,2005,Switzerland,6,CHE,0.914,0.954,0.983,0.978,0.966,0.98
225,2006,Switzerland,6,CHE,0.914,0.954,0.983,0.978,0.966,0.98
225,2007,Switzerland,6,CHE,0.925,0.954,0.983,0.978,0.968,0.98
225,2008,Switzerland,6,CHE,0.926,0.954,0.983,0.978,0.967,0.98
225,2009,Switzerland,6,CHE,0.926,0.954,0.982,0.978,0.966,0.98
225,2010,Switzerland,6,CHE,0.926,0.954,0.981,0.978,0.967,0.98
225,2011,Switzerland,6,CHE,0.928,0.954,0.981,0.978,0.967,0.98
225,2012,Switzerland,6,CHE,0.929,0.954,0.981,0.978,0.968,0.98
225,2013,Switzerland,6,CHE,0.929,0.954,0.981,0.978,0.967,0.98
225,2014,Switzerland,6,CHE,0.929,0.954,0.981,0.978,0.966,0.98
225,2015,Switzerland,6,CHE,0.924,0.954,0.983,0.978,0.966,0.994
225,2016,Switzerland,6,CHE,0.924,0.954,0.983,0.978,0.968,0.994
225,2017,Switzerland,6,CHE,0.927,0.954,0.983,0.978,0.975,0.988
225,2018,Switzerland,6,CHE,0.927,0.954,0.985,0.978,0.976,0.988
225,2019,Switzerland,6,CHE,0.925,0.954,0.985,0.978,0.975,0.988
225,2020,Switzerland,6,CHE,0.925,0.954,0.981,0.978,0.968,0.988
225,2021,Switzerland,6,CHE,0.924,0.954,0.983,0.978,0.967,0.993
225,2022,Switzerland,6,CHE,0.924,0.954,0.983,0.978,0.968,0.993
225,2023,Switzerland,6,CHE,0.918,0.954,0.983,0.974,0.968,0.993
225,2024,Switzerland,6,CHE,0.921,0.954,0.983,0.974,0.968,0.993
230,1968,Spain,96,ESP,0.375,0.136,0.323,0.092,0.115,0.687
230,1969,Spain,96,ESP,0.376,0.136,0.323,0.092,0.114,0.687
230,1970,Spain,96,ESP,0.377,0.136,0.345,0.092,0.112,0.687
230,1971,Spain,96,ESP,0.417,0.136,0.345,0.092,0.113,0.687
230,1972,Spain,96,ESP,0.416,0.136,0.345,0.092,0.112,0.687
230,1973,Spain,96,ESP,0.415,0.136,0.353,0.092,0.115,0.687
230,1974,Spain,96,ESP,0.419,0.136,0.353,0.092,0.116,0.735
230,1975,Spain,96,ESP,0.437,0.146,0.373,0.117,0.32,0.781
230,1976,Spain,96,ESP,0.437,0.304,0.442,0.32,0.325,0.781
230,1977,Spain,96,ESP,0.86,0.708,0.652,0.614,0.643,0.954
230,1978,Spain,96,ESP,0.887,0.889,0.887,0.903,0.816,0.954
230,1979,Spain,96,ESP,0.932,0.966,0.947,0.937,0.917,0.972
230,1980,Spain,96,ESP,0.931,0.966,0.947,0.937,0.915,0.972
230,1981,Spain,96,ESP,0.931,0.966,0.947,0.937,0.914,0.972
230,1982,Spain,96,ESP,0.938,0.966,0.947,0.954,0.892,0.972
230,1983,Spain,96,ESP,0.938,0.966,0.957,0.954,0.891,0.972
230,1984,Spain,96,ESP,0.939,0.966,0.957,0.954,0.892,0.972
230,1985,Spain,96,ESP,0.938,0.966,0.957,0.954,0.893,0.972
230,1986,Spain,96,ESP,0.939,0.966,0.96,0.958,0.891,0.972
230,1987,Spain,96,ESP,0.941,0.966,0.974,0.958,0.893,0.972
230,1988,Spain,96,ESP,0.941,0.966,0.974,0.958,0.892,0.972
230,1989,Spain,96,ESP,0.94,0.966,0.974,0.958,0.894,0.972
230,1990,Spain,96,ESP,0.941,0.966,0.974,0.958,0.892,0.972
230,1991,Spain,96,ESP,0.94,0.966,0.974,0.958,0.891,0.972
230,1992,Spain,96,ESP,0.941,0.966,0.974,0.958,0.89,0.972
230,1993,Spain,96,ESP,0.939,0.966,0.974,0.958,0.916,0.972
230,1994,Spain,96,ESP,0.939,0.966,0.974,0.958,0.914,0.972
230,1995,Spain,96,ESP,0.939,0.966,0.974,0.958,0.915,0.972
230,1996,Spain,96,ESP,0.941,0.966,0.978,0.958,0.915,0.972
230,1997,Spain,96,ESP,0.941,0.966,0.978,0.958,0.914,0.972
230,1998,Spain,96,ESP,0.941,0.966,0.978,0.958,0.916,0.972
230,1999,Spain,96,ESP,0.941,0.966,0.978,0.958,0.916,0.972
230,2000,Spain,96,ESP,0.941,0.966,0.978,0.958,0.893,0.972
230,2001,Spain,96,ESP,0.941,0.966,0.978,0.958,0.892,0.972
230,2002,Spain,96,ESP,0.94,0.966,0.978,0.958,0.89,0.972
230,2003,Spain,96,ESP,0.94,0.966,0.978,0.958,0.893,0.972
230,2004,Spain,96,ESP,0.939,0.966,0.978,0.958,0.922,0.972
230,2005,Spain,96,ESP,0.94,0.966,0.978,0.958,0.919,0.972
230,2006,Spain,96,ESP,0.939,0.966,0.979,0.958,0.92,0.972
230,2007,Spain,96,ESP,0.939,0.966,0.979,0.958,0.921,0.972
230,2008,Spain,96,ESP,0.951,0.966,0.979,0.958,0.921,0.972
230,2009,Spain,96,ESP,0.95,0.969,0.979,0.958,0.92,0.972
230,2010,Spain,96,ESP,0.951,0.969,0.979,0.958,0.919,0.972
230,2011,Spain,96,ESP,0.949,0.969,0.979,0.958,0.912,0.972
230,2012,Spain,96,ESP,0.947,0.963,0.971,0.947,0.882,0.972
230,2013,Spain,96,ESP,0.946,0.944,0.969,0.932,0.864,0.972
230,2014,Spain,96,ESP,0.946,0.94,0.969,0.93,0.864,0.972
230,2015,Spain,96,ESP,0.935,0.944,0.97,0.901,0.86,0.972
230,2016,Spain,96,ESP,0.933,0.944,0.975,0.901,0.91,0.972
230,2017,Spain,96,ESP,0.932,0.919,0.969,0.895,0.916,0.972
230,2018,Spain,96,ESP,0.937,0.926,0.969,0.91,0.919,0.972
230,2019,Spain,96,ESP,0.954,0.939,0.974,0.923,0.929,0.972
230,2020,Spain,96,ESP,0.954,0.954,0.971,0.919,0.868,0.972
230,2021,Spain,96,ESP,0.953,0.926,0.97,0.893,0.881,0.972
230,2022,Spain,96,ESP,0.955,0.942,0.976,0.903,0.877,0.972
230,2023,Spain,96,ESP,0.94,0.921,0.973,0.888,0.87,0.959
230,2024,Spain,96,ESP,0.943,0.943,0.974,0.86,0.885,0.959
235,1968,Portugal,21,PRT,0.123,0.195,0.308,0.063,0.09,0.8160000000000001
235,1969,Portugal,21,PRT,0.364,0.206,0.337,0.106,0.092,0.8160000000000001
235,1970,Portugal,21,PRT,0.363,0.206,0.337,0.094,0.088,0.8160000000000001
235,1971,Portugal,21,PRT,0.363,0.206,0.337,0.094,0.089,0.8160000000000001
235,1972,Portugal,21,PRT,0.365,0.206,0.337,0.094,0.091,0.8160000000000001
235,1973,Portugal,21,PRT,0.447,0.206,0.349,0.098,0.092,0.8160000000000001
235,1974,Portugal,21,PRT,0.546,0.752,0.872,0.761,0.79,0.868
235,1975,Portugal,21,PRT,0.793,0.886,0.929,0.91,0.891,0.868
235,1976,Portugal,21,PRT,0.838,0.896,0.962,0.953,0.932,0.868
235,1977,Portugal,21,PRT,0.838,0.906,0.979,0.97,0.938,0.868
235,1978,Portugal,21,PRT,0.838,0.889,0.979,0.97,0.938,0.868
235,1979,Portugal,21,PRT,0.872,0.889,0.979,0.97,0.937,0.868
235,1980,Portugal,21,PRT,0.893,0.889,0.979,0.97,0.938,0.868
235,1981,Portugal,21,PRT,0.893,0.889,0.979,0.97,0.94,0.868
235,1982,Portugal,21,PRT,0.893,0.889,0.979,0.97,0.939,0.868
235,1983,Portugal,21,PRT,0.918,0.889,0.979,0.97,0.945,0.868
235,1984,Portugal,21,PRT,0.918,0.889,0.979,0.97,0.946,0.868
235,1985,Portugal,21,PRT,0.921,0.889,0.979,0.97,0.947,0.868
235,1986,Portugal,21,PRT,0.915,0.889,0.979,0.97,0.947,0.868
235,1987,Portugal,21,PRT,0.923,0.889,0.979,0.97,0.948,0.868
235,1988,Portugal,21,PRT,0.922,0.889,0.979,0.97,0.948,0.868
235,1989,Portugal,21,PRT,0.923,0.889,0.979,0.97,0.947,0.868
235,1990,Portugal,21,PRT,0.923,0.889,0.979,0.972,0.948,0.868
235,1991,Portugal,21,PRT,0.914,0.889,0.979,0.972,0.949,0.868
235,1992,Portugal,21,PRT,0.915,0.889,0.979,0.972,0.947,0.891
235,1993,Portugal,21,PRT,0.913,0.889,0.979,0.972,0.948,0.891
235,1994,Portugal,21,PRT,0.914,0.889,0.979,0.972,0.947,0.891
235,1995,Portugal,21,PRT,0.922,0.889,0.979,0.972,0.945,0.891
235,1996,Portugal,21,PRT,0.922,0.889,0.979,0.972,0.949,0.903
235,1997,Portugal,21,PRT,0.922,0.889,0.979,0.972,0.948,0.903
235,1998,Portugal,21,PRT,0.922,0.889,0.979,0.972,0.949,0.903
235,1999,Portugal,21,PRT,0.921,0.889,0.979,0.972,0.948,0.903
235,2000,Portugal,21,PRT,0.92,0.889,0.979,0.972,0.949,0.903
235,2001,Portugal,21,PRT,0.922,0.889,0.979,0.972,0.947,0.903
235,2002,Portugal,21,PRT,0.931,0.889,0.979,0.972,0.948,0.903
235,2003,Portugal,21,PRT,0.932,0.889,0.979,0.972,0.948,0.903
235,2004,Portugal,21,PRT,0.932,0.889,0.979,0.972,0.947,0.903
235,2005,Portugal,21,PRT,0.948,0.902,0.974,0.97,0.949,0.903
235,2006,Portugal,21,PRT,0.948,0.902,0.974,0.972,0.948,0.903
235,2007,Portugal,21,PRT,0.947,0.902,0.974,0.972,0.948,0.903
235,2008,Portugal,21,PRT,0.946,0.902,0.974,0.972,0.948,0.903
235,2009,Portugal,21,PRT,0.948,0.902,0.974,0.972,0.948,0.903
235,2010,Portugal,21,PRT,0.948,0.925,0.971,0.972,0.945,0.903
235,2011,Portugal,21,PRT,0.943,0.925,0.971,0.967,0.947,0.903
235,2012,Portugal,21,PRT,0.945,0.911,0.971,0.969,0.949,0.903
235,2013,Portugal,21,PRT,0.946,0.903,0.96,0.969,0.95,0.903
235,2014,Portugal,21,PRT,0.945,0.903,0.96,0.969,0.949,0.903
235,2015,Portugal,21,PRT,0.94,0.919,0.971,0.971,0.937,0.935
235,2016,Portugal,21,PRT,0.94,0.9,0.97,0.97,0.936,0.903
235,2017,Portugal,21,PRT,0.947,0.927,0.973,0.972,0.949,0.938
235,2018,Portugal,21,PRT,0.947,0.928,0.971,0.972,0.953,0.906
235,2019,Portugal,21,PRT,0.943,0.888,0.969,0.968,0.938,0.906
235,2020,Portugal,21,PRT,0.943,0.884,0.925,0.965,0.935,0.891
235,2021,Portugal,21,PRT,0.935,0.915,0.913,0.967,0.952,0.891
235,2022,Portugal,21,PRT,0.924,0.849,0.913,0.935,0.92,0.914
235,2023,Portugal,21,PRT,0.924,0.867,0.907,0.942,0.891,0.866
235,2024,Portugal,21,PRT,0.924,0.935,0.885,0.893,0.932,0.884
260,1968,Germany,77,DEU,0.949,0.882,0.977,0.959,0.981,0.992
260,1969,Germany,77,DEU,0.953,0.882,0.977,0.959,0.98,0.992
260,1970,Germany,77,DEU,0.953,0.882,0.981,0.968,0.98,0.992
260,1971,Germany,77,DEU,0.953,0.882,0.981,0.969,0.98,0.992
260,1972,Germany,77,DEU,0.951,0.882,0.981,0.969,0.981,0.992
260,1973,Germany,77,DEU,0.951,0.882,0.981,0.969,0.981,0.992
260,1974,Germany,77,DEU,0.951,0.882,0.981,0.969,0.981,0.992
260,1975,Germany,77,DEU,0.951,0.882,0.981,0.969,0.981,0.992
260,1976,Germany,77,DEU,0.951,0.882,0.981,0.967,0.981,0.992
260,1977,Germany,77,DEU,0.951,0.882,0.981,0.963,0.981,0.992
260,1978,Germany,77,DEU,0.951,0.882,0.984,0.969,0.981,0.992
260,1979,Germany,77,DEU,0.951,0.882,0.984,0.976,0.981,0.992
260,1980,Germany,77,DEU,0.958,0.888,0.988,0.98,0.981,0.992
260,1981,Germany,77,DEU,0.958,0.888,0.988,0.98,0.981,0.992
260,1982,Germany,77,DEU,0.959,0.888,0.988,0.98,0.981,0.992
260,1983,Germany,77,DEU,0.958,0.888,0.988,0.98,0.981,0.992
260,1984,Germany,77,DEU,0.959,0.888,0.988,0.98,0.981,0.992
260,1985,Germany,77,DEU,0.959,0.888,0.988,0.98,0.981,0.992
260,1986,Germany,77,DEU,0.959,0.888,0.988,0.98,0.98,0.992
260,1987,Germany,77,DEU,0.959,0.888,0.988,0.98,0.981,0.992
260,1988,Germany,77,DEU,0.959,0.888,0.988,0.98,0.981,0.992
260,1989,Germany,77,DEU,0.959,0.888,0.988,0.98,0.981,0.992
260,1990,Germany,77,DEU,0.959,0.888,0.993,0.985,0.981,0.993
260,1991,Germany,77,DEU,0.959,0.888,0.993,0.985,0.981,0.993
260,1992,Germany,77,DEU,0.958,0.888,0.993,0.985,0.981,0.993
260,1993,Germany,77,DEU,0.959,0.888,0.993,0.985,0.981,0.993
260,1994,Germany,77,DEU,0.96,0.888,0.993,0.985,0.981,0.993
260,1995,Germany,77,DEU,0.96,0.888,0.993,0.985,0.981,0.993
260,1996,Germany,77,DEU,0.96,0.888,0.993,0.985,0.981,0.993
260,1997,Germany,77,DEU,0.96,0.888,0.993,0.985,0.98,0.993
260,1998,Germany,77,DEU,0.96,0.888,0.993,0.985,0.981,0.993
260,1999,Germany,77,DEU,0.96,0.888,0.993,0.985,0.981,0.993
260,2000,Germany,77,DEU,0.96,0.888,0.993,0.985,0.981,0.993
260,2001,Germany,77,DEU,0.96,0.888,0.993,0.985,0.98,0.993
260,2002,Germany,77,DEU,0.96,0.888,0.993,0.985,0.981,0.993
260,2003,Germany,77,DEU,0.96,0.888,0.993,0.985,0.981,0.993
260,2004,Germany,77,DEU,0.96,0.888,0.993,0.985,0.981,0.993
260,2005,Germany,77,DEU,0.964,0.888,0.993,0.985,0.987,0.993
260,2006,Germany,77,DEU,0.964,0.888,0.993,0.985,0.982,0.993
260,2007,Germany,77,DEU,0.964,0.888,0.993,0.985,0.982,0.993
260,2008,Germany,77,DEU,0.964,0.888,0.993,0.985,0.983,0.993
260,2009,Germany,77,DEU,0.963,0.888,0.993,0.985,0.983,0.993
260,2010,Germany,77,DEU,0.963,0.888,0.993,0.985,0.987,0.993
260,2011,Germany,77,DEU,0.963,0.888,0.993,0.985,0.988,0.993
260,2012,Germany,77,DEU,0.963,0.888,0.993,0.984,0.988,0.993
260,2013,Germany,77,DEU,0.949,0.888,0.992,0.984,0.984,0.993
260,2014,Germany,77,DEU,0.949,0.888,0.992,0.984,0.984,0.993
260,2015,Germany,77,DEU,0.949,0.888,0.992,0.98,0.984,0.993
260,2016,Germany,77,DEU,0.95,0.888,0.992,0.98,0.984,0.991
260,2017,Germany,77,DEU,0.952,0.888,0.992,0.978,0.981,0.991
260,2018,Germany,77,DEU,0.952,0.888,0.992,0.962,0.982,0.986
260,2019,Germany,77,DEU,0.952,0.897,0.992,0.962,0.981,0.986
260,2020,Germany,77,DEU,0.951,0.897,0.989,0.955,0.981,0.986
260,2021,Germany,77,DEU,0.943,0.897,0.989,0.955,0.981,0.986
260,2022,Germany,77,DEU,0.943,0.897,0.989,0.947,0.981,0.986
260,2023,Germany,77,DEU,0.943,0.897,0.989,0.947,0.983,0.986
260,2024,Germany,77,DEU,0.943,0.872,0.987,0.936,0.979,0.987
265,1968,German Democratic Republic,137,DDR,0.354,0.062,0.304,0.064,0.098,0.631
265,1969,German Democratic Republic,137,DDR,0.354,0.062,0.304,0.064,0.099,0.631
265,1970,German Democratic Republic,137,DDR,0.354,0.062,0.328,0.064,0.099,0.631
265,1971,German Democratic Republic,137,DDR,0.355,0.062,0.328,0.064,0.099,0.631
265,1972,German Democratic Republic,137,DDR,0.354,0.062,0.328,0.064,0.096,0.631
265,1973,German Democratic Republic,137,DDR,0.355,0.062,0.337,0.065,0.1,0.631
265,1974,German Democratic Republic,137,DDR,0.355,0.062,0.337,0.067,0.099,0.631
265,1975,German Democratic Republic,137,DDR,0.353,0.062,0.337,0.067,0.101,0.631
265,1976,German Democratic Republic,137,DDR,0.354,0.062,0.337,0.067,0.099,0.631
265,1977,German Democratic Republic,137,DDR,0.355,0.062,0.337,0.067,0.099,0.631
265,1978,German Democratic Republic,137,DDR,0.354,0.062,0.337,0.067,0.098,0.631
265,1979,German Democratic Republic,137,DDR,0.356,0.062,0.337,0.067,0.099,0.631
265,1980,German Democratic Republic,137,DDR,0.355,0.062,0.339,0.067,0.099,0.631
265,1981,German Democratic Republic,137,DDR,0.355,0.062,0.339,0.067,0.098,0.631
265,1982,German Democratic Republic,137,DDR,0.356,0.062,0.339,0.067,0.098,0.631
265,1983,German Democratic Republic,137,DDR,0.354,0.062,0.339,0.067,0.1,0.631
265,1984,German Democratic Republic,137,DDR,0.356,0.078,0.339,0.067,0.1,0.631
265,1985,German Democratic Republic,137,DDR,0.355,0.078,0.339,0.067,0.099,0.631
265,1986,German Democratic Republic,137,DDR,0.389,0.078,0.338,0.067,0.098,0.631
265,1987,German Democratic Republic,137,DDR,0.388,0.082,0.338,0.067,0.098,0.631
265,1988,German Democratic Republic,137,DDR,0.388,0.082,0.338,0.067,0.098,0.631
265,1989,German Democratic Republic,137,DDR,0.393,0.218,0.338,0.067,0.119,0.631
265,1990,German Democratic Republic,137,DDR,0.863,0.82,0.921,0.931,0.639,0.848
290,1968,Poland,17,POL,0.385,0.202,0.498,0.12,0.252,0.747
290,1969,Poland,17,POL,0.385,0.202,0.514,0.12,0.255,0.747
290,1970,Poland,17,POL,0.386,0.202,0.519,0.12,0.253,0.7050000000000001
290,1971,Poland,17,POL,0.386,0.243,0.528,0.13,0.254,0.7050000000000001
290,1972,Poland,17,POL,0.393,0.243,0.528,0.13,0.252,0.7050000000000001
290,1973,Poland,17,POL,0.394,0.243,0.528,0.13,0.252,0.7050000000000001
290,1974,Poland,17,POL,0.393,0.243,0.534,0.13,0.247,0.7050000000000001
290,1975,Poland,17,POL,0.392,0.243,0.533,0.13,0.25,0.7050000000000001
290,1976,Poland,17,POL,0.374,0.201,0.528,0.128,0.257,0.681
290,1977,Poland,17,POL,0.373,0.201,0.528,0.128,0.256,0.681
290,1978,Poland,17,POL,0.373,0.201,0.528,0.128,0.254,0.681
290,1979,Poland,17,POL,0.373,0.201,0.528,0.128,0.256,0.681
290,1980,Poland,17,POL,0.384,0.634,0.528,0.218,0.255,0.661
290,1981,Poland,17,POL,0.386,0.655,0.454,0.209,0.247,0.661
290,1982,Poland,17,POL,0.385,0.164,0.346,0.107,0.256,0.748
290,1983,Poland,17,POL,0.384,0.164,0.386,0.107,0.259,0.6839999999999999
290,1984,Poland,17,POL,0.385,0.201,0.507,0.14,0.251,0.6839999999999999
290,1985,Poland,17,POL,0.382,0.201,0.549,0.14,0.264,0.6839999999999999
290,1986,Poland,17,POL,0.382,0.201,0.614,0.142,0.268,0.6839999999999999
290,1987,Poland,17,POL,0.381,0.201,0.614,0.132,0.28,0.6839999999999999
290,1988,Poland,17,POL,0.381,0.201,0.614,0.168,0.327,0.6839999999999999
290,1989,Poland,17,POL,0.678,0.715,0.807,0.699,0.494,0.749
290,1990,Poland,17,POL,0.894,0.887,0.943,0.936,0.905,0.883
290,1991,Poland,17,POL,0.944,0.936,0.943,0.936,0.906,0.883
290,1992,Poland,17,POL,0.944,0.936,0.943,0.957,0.913,0.883
290,1993,Poland,17,POL,0.945,0.936,0.959,0.957,0.912,0.883
290,1994,Poland,17,POL,0.944,0.936,0.959,0.962,0.913,0.883
290,1995,Poland,17,POL,0.932,0.936,0.959,0.962,0.911,0.883
290,1996,Poland,17,POL,0.931,0.936,0.959,0.962,0.913,0.883
290,1997,Poland,17,POL,0.943,0.89,0.959,0.962,0.915,0.883
290,1998,Poland,17,POL,0.943,0.89,0.96,0.962,0.915,0.883
290,1999,Poland,17,POL,0.943,0.89,0.96,0.962,0.921,0.883
290,2000,Poland,17,POL,0.943,0.89,0.96,0.962,0.918,0.883
290,2001,Poland,17,POL,0.944,0.89,0.96,0.962,0.919,0.883
290,2002,Poland,17,POL,0.944,0.89,0.96,0.962,0.92,0.883
290,2003,Poland,17,POL,0.943,0.89,0.96,0.962,0.919,0.883
290,2004,Poland,17,POL,0.943,0.89,0.96,0.962,0.918,0.883
290,2005,Poland,17,POL,0.952,0.89,0.96,0.962,0.919,0.884
290,2006,Poland,17,POL,0.952,0.878,0.96,0.951,0.915,0.889
290,2007,Poland,17,POL,0.948,0.867,0.962,0.951,0.914,0.889
290,2008,Poland,17,POL,0.949,0.891,0.967,0.973,0.915,0.881
290,2009,Poland,17,POL,0.949,0.891,0.967,0.973,0.917,0.881
290,2010,Poland,17,POL,0.95,0.891,0.966,0.97,0.925,0.881
290,2011,Poland,17,POL,0.95,0.891,0.967,0.97,0.925,0.881
290,2012,Poland,17,POL,0.95,0.891,0.966,0.97,0.927,0.876
290,2013,Poland,17,POL,0.95,0.891,0.956,0.97,0.922,0.876
290,2014,Poland,17,POL,0.936,0.891,0.957,0.97,0.918,0.876
290,2015,Poland,17,POL,0.941,0.891,0.956,0.951,0.87,0.893
290,2016,Poland,17,POL,0.941,0.779,0.917,0.72,0.796,0.87
290,2017,Poland,17,POL,0.925,0.723,0.873,0.695,0.772,0.861
290,2018,Poland,17,POL,0.922,0.723,0.867,0.695,0.758,0.846
290,2019,Poland,17,POL,0.845,0.714,0.858,0.682,0.752,0.846
290,2020,Poland,17,POL,0.811,0.697,0.821,0.681,0.73,0.846
290,2021,Poland,17,POL,0.812,0.705,0.816,0.633,0.729,0.846
290,2022,Poland,17,POL,0.812,0.705,0.812,0.608,0.723,0.846
290,2023,Poland,17,POL,0.819,0.718,0.84,0.646,0.834,0.846
290,2024,Poland,17,POL,0.827,0.819,0.886,0.912,0.906,0.889
305,1968,Austria,144,AUT,0.905,0.874,0.937,0.942,0.813,0.951
305,1969,Austria,144,AUT,0.906,0.874,0.937,0.942,0.811,0.951
305,1970,Austria,144,AUT,0.905,0.874,0.942,0.942,0.812,0.951
305,1971,Austria,144,AUT,0.906,0.874,0.954,0.942,0.812,0.951
305,1972,Austria,144,AUT,0.906,0.902,0.954,0.945,0.81,0.951
305,1973,Austria,144,AUT,0.906,0.902,0.954,0.953,0.841,0.951
305,1974,Austria,144,AUT,0.905,0.936,0.954,0.953,0.841,0.951
305,1975,Austria,144,AUT,0.905,0.936,0.957,0.953,0.842,0.951
305,1976,Austria,144,AUT,0.905,0.936,0.964,0.961,0.845,0.951
305,1977,Austria,144,AUT,0.905,0.936,0.964,0.961,0.845,0.951
305,1978,Austria,144,AUT,0.906,0.936,0.964,0.961,0.844,0.951
305,1979,Austria,144,AUT,0.906,0.936,0.964,0.961,0.846,0.951
305,1980,Austria,144,AUT,0.905,0.936,0.96,0.961,0.849,0.882
305,1981,Austria,144,AUT,0.905,0.936,0.964,0.961,0.888,0.882
305,1982,Austria,144,AUT,0.906,0.936,0.964,0.961,0.888,0.882
305,1983,Austria,144,AUT,0.905,0.936,0.964,0.961,0.891,0.882
305,1984,Austria,144,AUT,0.905,0.936,0.964,0.961,0.892,0.882
305,1985,Austria,144,AUT,0.906,0.936,0.964,0.962,0.888,0.882
305,1986,Austria,144,AUT,0.905,0.936,0.966,0.962,0.888,0.882
305,1987,Austria,144,AUT,0.905,0.936,0.966,0.962,0.928,0.935
305,1988,Austria,144,AUT,0.905,0.936,0.966,0.962,0.93,0.935
305,1989,Austria,144,AUT,0.905,0.936,0.966,0.962,0.931,0.935
305,1990,Austria,144,AUT,0.906,0.936,0.966,0.965,0.916,0.935
305,1991,Austria,144,AUT,0.906,0.936,0.966,0.965,0.915,0.935
305,1992,Austria,144,AUT,0.905,0.936,0.966,0.965,0.915,0.935
305,1993,Austria,144,AUT,0.904,0.936,0.966,0.965,0.916,0.935
305,1994,Austria,144,AUT,0.905,0.936,0.966,0.965,0.915,0.935
305,1995,Austria,144,AUT,0.905,0.936,0.962,0.965,0.919,0.935
305,1996,Austria,144,AUT,0.905,0.928,0.966,0.965,0.916,0.935
305,1997,Austria,144,AUT,0.905,0.928,0.966,0.965,0.918,0.935
305,1998,Austria,144,AUT,0.905,0.928,0.966,0.965,0.917,0.935
305,1999,Austria,144,AUT,0.906,0.928,0.966,0.965,0.917,0.935
305,2000,Austria,144,AUT,0.906,0.928,0.966,0.965,0.933,0.935
305,2001,Austria,144,AUT,0.906,0.928,0.966,0.965,0.932,0.935
305,2002,Austria,144,AUT,0.905,0.928,0.966,0.965,0.932,0.935
305,2003,Austria,144,AUT,0.905,0.928,0.966,0.965,0.932,0.935
305,2004,Austria,144,AUT,0.905,0.928,0.966,0.965,0.93,0.935
305,2005,Austria,144,AUT,0.906,0.928,0.966,0.965,0.933,0.935
305,2006,Austria,144,AUT,0.92,0.928,0.966,0.965,0.93,0.935
305,2007,Austria,144,AUT,0.921,0.928,0.966,0.965,0.94,0.935
305,2008,Austria,144,AUT,0.919,0.928,0.965,0.965,0.94,0.935
305,2009,Austria,144,AUT,0.92,0.928,0.965,0.965,0.942,0.935
305,2010,Austria,144,AUT,0.92,0.928,0.965,0.962,0.94,0.935
305,2011,Austria,144,AUT,0.919,0.919,0.965,0.965,0.941,0.935
305,2012,Austria,144,AUT,0.919,0.926,0.965,0.965,0.941,0.935
305,2013,Austria,144,AUT,0.919,0.935,0.968,0.965,0.949,0.97
305,2014,Austria,144,AUT,0.919,0.935,0.968,0.965,0.95,0.97
305,2015,Austria,144,AUT,0.919,0.935,0.967,0.965,0.951,0.97
305,2016,Austria,144,AUT,0.886,0.935,0.967,0.965,0.952,0.97
305,2017,Austria,144,AUT,0.918,0.935,0.96,0.961,0.952,0.97
305,2018,Austria,144,AUT,0.918,0.914,0.943,0.938,0.945,0.97
305,2019,Austria,144,AUT,0.913,0.938,0.946,0.942,0.95,0.952
305,2020,Austria,144,AUT,0.913,0.931,0.956,0.95,0.946,0.952
305,2021,Austria,144,AUT,0.913,0.898,0.949,0.946,0.951,0.927
305,2022,Austria,144,AUT,0.911,0.898,0.934,0.918,0.927,0.909
305,2023,Austria,144,AUT,0.912,0.912,0.937,0.927,0.947,0.909
305,2024,Austria,144,AUT,0.907,0.912,0.928,0.917,0.919,0.909
310,1968,Hungary,210,HUN,0.419,0.09,0.301,0.092,0.243,0.7110000000000001
310,1969,Hungary,210,HUN,0.418,0.09,0.33,0.092,0.243,0.7110000000000001
310,1970,Hungary,210,HUN,0.421,0.106,0.345,0.092,0.24,0.7110000000000001
310,1971,Hungary,210,HUN,0.417,0.106,0.354,0.092,0.243,0.7110000000000001
310,1972,Hungary,210,HUN,0.421,0.106,0.354,0.092,0.241,0.7110000000000001
310,1973,Hungary,210,HUN,0.419,0.106,0.354,0.092,0.238,0.7110000000000001
310,1974,Hungary,210,HUN,0.419,0.106,0.354,0.092,0.244,0.7110000000000001
310,1975,Hungary,210,HUN,0.418,0.106,0.354,0.092,0.241,0.6859999999999999
310,1976,Hungary,210,HUN,0.419,0.106,0.365,0.092,0.243,0.6859999999999999
310,1977,Hungary,210,HUN,0.418,0.106,0.365,0.092,0.244,0.6859999999999999
310,1978,Hungary,210,HUN,0.418,0.106,0.365,0.092,0.241,0.6859999999999999
310,1979,Hungary,210,HUN,0.42,0.106,0.365,0.092,0.238,0.6859999999999999
310,1980,Hungary,210,HUN,0.422,0.106,0.381,0.107,0.24,0.6859999999999999
310,1981,Hungary,210,HUN,0.423,0.106,0.381,0.121,0.242,0.6859999999999999
310,1982,Hungary,210,HUN,0.423,0.106,0.381,0.127,0.241,0.6859999999999999
310,1983,Hungary,210,HUN,0.422,0.106,0.381,0.127,0.243,0.6859999999999999
310,1984,Hungary,210,HUN,0.422,0.106,0.381,0.127,0.24,0.6859999999999999
310,1985,Hungary,210,HUN,0.427,0.106,0.383,0.17,0.255,0.6859999999999999
310,1986,Hungary,210,HUN,0.428,0.106,0.387,0.2,0.264,0.6859999999999999
310,1987,Hungary,210,HUN,0.431,0.106,0.393,0.235,0.262,0.716
310,1988,Hungary,210,HUN,0.438,0.155,0.464,0.316,0.261,0.716
310,1989,Hungary,210,HUN,0.475,0.541,0.611,0.549,0.424,0.6990000000000001
310,1990,Hungary,210,HUN,0.913,0.856,0.956,0.964,0.897,0.875
310,1991,Hungary,210,HUN,0.914,0.856,0.96,0.952,0.899,0.913
310,1992,Hungary,210,HUN,0.915,0.856,0.96,0.952,0.895,0.868
310,1993,Hungary,210,HUN,0.914,0.856,0.96,0.952,0.898,0.868
310,1994,Hungary,210,HUN,0.914,0.856,0.96,0.952,0.898,0.868
310,1995,Hungary,210,HUN,0.914,0.856,0.96,0.955,0.896,0.868
310,1996,Hungary,210,HUN,0.914,0.856,0.96,0.955,0.897,0.868
310,1997,Hungary,210,HUN,0.914,0.856,0.96,0.955,0.897,0.868
310,1998,Hungary,210,HUN,0.913,0.856,0.96,0.949,0.898,0.868
310,1999,Hungary,210,HUN,0.914,0.856,0.96,0.949,0.881,0.862
310,2000,Hungary,210,HUN,0.913,0.856,0.96,0.949,0.884,0.862
310,2001,Hungary,210,HUN,0.912,0.856,0.96,0.949,0.883,0.862
310,2002,Hungary,210,HUN,0.913,0.856,0.96,0.957,0.889,0.862
310,2003,Hungary,210,HUN,0.913,0.856,0.96,0.956,0.907,0.844
310,2004,Hungary,210,HUN,0.913,0.856,0.96,0.956,0.907,0.844
310,2005,Hungary,210,HUN,0.913,0.856,0.96,0.956,0.9,0.844
310,2006,Hungary,210,HUN,0.923,0.755,0.942,0.946,0.906,0.844
310,2007,Hungary,210,HUN,0.922,0.857,0.957,0.951,0.903,0.844
310,2008,Hungary,210,HUN,0.923,0.857,0.957,0.951,0.907,0.844
310,2009,Hungary,210,HUN,0.923,0.857,0.957,0.951,0.91,0.844
310,2010,Hungary,210,HUN,0.921,0.766,0.934,0.882,0.799,0.829
310,2011,Hungary,210,HUN,0.915,0.725,0.925,0.864,0.784,0.8180000000000001
310,2012,Hungary,210,HUN,0.913,0.73,0.927,0.856,0.745,0.8
310,2013,Hungary,210,HUN,0.908,0.672,0.907,0.774,0.721,0.795
310,2014,Hungary,210,HUN,0.816,0.655,0.907,0.769,0.719,0.795
310,2015,Hungary,210,HUN,0.818,0.629,0.907,0.713,0.707,0.795
310,2016,Hungary,210,HUN,0.815,0.63,0.902,0.695,0.701,0.795
310,2017,Hungary,210,HUN,0.809,0.547,0.908,0.644,0.703,0.795
310,2018,Hungary,210,HUN,0.756,0.528,0.896,0.581,0.669,0.795
310,2019,Hungary,210,HUN,0.754,0.55,0.894,0.576,0.674,0.795
310,2020,Hungary,210,HUN,0.758,0.521,0.878,0.541,0.661,0.806
310,2021,Hungary,210,HUN,0.755,0.501,0.882,0.523,0.668,0.786
310,2022,Hungary,210,HUN,0.758,0.514,0.884,0.513,0.629,0.776
310,2023,Hungary,210,HUN,0.758,0.495,0.873,0.509,0.603,0.776
310,2024,Hungary,210,HUN,0.757,0.51,0.873,0.493,0.582,0.795
315,1968,Czechia,157,CZE,0.411,0.206,0.269,0.263,0.148,0.40900000000000003
315,1969,Czechia,157,CZE,0.411,0.112,0.245,0.124,0.147,0.40900000000000003
315,1970,Czechia,157,CZE,0.412,0.096,0.224,0.071,0.11,0.40900000000000003
315,1971,Czechia,157,CZE,0.411,0.096,0.224,0.069,0.11,0.40900000000000003
315,1972,Czechia,157,CZE,0.412,0.069,0.224,0.069,0.099,0.40900000000000003
315,1973,Czechia,157,CZE,0.414,0.098,0.224,0.069,0.1,0.40900000000000003
315,1974,Czechia,157,CZE,0.412,0.098,0.224,0.069,0.101,0.40900000000000003
315,1975,Czechia,157,CZE,0.429,0.098,0.224,0.069,0.099,0.40900000000000003
315,1976,Czechia,157,CZE,0.426,0.1,0.224,0.069,0.101,0.40900000000000003
315,1977,Czechia,157,CZE,0.426,0.1,0.224,0.069,0.1,0.40900000000000003
315,1978,Czechia,157,CZE,0.427,0.1,0.224,0.069,0.102,0.40900000000000003
315,1979,Czechia,157,CZE,0.428,0.1,0.224,0.069,0.101,0.40900000000000003
315,1980,Czechia,157,CZE,0.427,0.1,0.224,0.069,0.108,0.45599999999999996
315,1981,Czechia,157,CZE,0.426,0.1,0.224,0.069,0.116,0.45599999999999996
315,1982,Czechia,157,CZE,0.429,0.1,0.224,0.069,0.116,0.45599999999999996
315,1983,Czechia,157,CZE,0.429,0.1,0.224,0.069,0.117,0.45599999999999996
315,1984,Czechia,157,CZE,0.428,0.1,0.224,0.069,0.118,0.45599999999999996
315,1985,Czechia,157,CZE,0.428,0.1,0.226,0.069,0.119,0.45599999999999996
315,1986,Czechia,157,CZE,0.426,0.1,0.226,0.076,0.119,0.45599999999999996
315,1987,Czechia,157,CZE,0.41,0.1,0.226,0.092,0.114,0.45599999999999996
315,1988,Czechia,157,CZE,0.41,0.1,0.226,0.092,0.121,0.45599999999999996
315,1989,Czechia,157,CZE,0.427,0.11,0.307,0.132,0.121,0.45599999999999996
315,1990,Czechia,157,CZE,0.912,0.903,0.96,0.976,0.895,0.6839999999999999
315,1991,Czechia,157,CZE,0.911,0.903,0.96,0.976,0.902,0.6839999999999999
315,1992,Czechia,157,CZE,0.913,0.903,0.96,0.976,0.908,0.6839999999999999
316,1993,Czechia,157,CZE,0.929,0.903,0.96,0.976,0.911,0.6839999999999999
316,1994,Czechia,157,CZE,0.929,0.903,0.96,0.976,0.91,0.6839999999999999
316,1995,Czechia,157,CZE,0.93,0.903,0.96,0.976,0.91,0.6839999999999999
316,1996,Czechia,157,CZE,0.93,0.903,0.96,0.976,0.911,0.6839999999999999
316,1997,Czechia,157,CZE,0.931,0.903,0.96,0.976,0.911,0.6839999999999999
316,1998,Czechia,157,CZE,0.908,0.903,0.96,0.976,0.91,0.6839999999999999
316,1999,Czechia,157,CZE,0.907,0.903,0.96,0.976,0.91,0.6839999999999999
316,2000,Czechia,157,CZE,0.908,0.908,0.96,0.976,0.907,0.6839999999999999
316,2001,Czechia,157,CZE,0.908,0.908,0.96,0.976,0.906,0.6839999999999999
316,2002,Czechia,157,CZE,0.93,0.908,0.96,0.976,0.907,0.6839999999999999
316,2003,Czechia,157,CZE,0.929,0.908,0.96,0.976,0.909,0.6839999999999999
316,2004,Czechia,157,CZE,0.929,0.908,0.96,0.977,0.906,0.6839999999999999
316,2005,Czechia,157,CZE,0.929,0.908,0.961,0.977,0.907,0.6839999999999999
316,2006,Czechia,157,CZE,0.937,0.908,0.967,0.977,0.908,0.6839999999999999
316,2007,Czechia,157,CZE,0.937,0.908,0.967,0.975,0.906,0.6839999999999999
316,2008,Czechia,157,CZE,0.937,0.908,0.967,0.975,0.898,0.6839999999999999
316,2009,Czechia,157,CZE,0.937,0.908,0.967,0.974,0.905,0.6839999999999999
316,2010,Czechia,157,CZE,0.937,0.908,0.967,0.974,0.911,0.712
316,2011,Czechia,157,CZE,0.937,0.908,0.967,0.974,0.897,0.712
316,2012,Czechia,157,CZE,0.938,0.908,0.967,0.974,0.909,0.712
316,2013,Czechia,157,CZE,0.936,0.908,0.967,0.937,0.9,0.712
316,2014,Czechia,157,CZE,0.936,0.908,0.967,0.915,0.89,0.767
316,2015,Czechia,157,CZE,0.936,0.908,0.965,0.915,0.892,0.767
316,2016,Czechia,157,CZE,0.936,0.908,0.952,0.915,0.892,0.767
316,2017,Czechia,157,CZE,0.913,0.918,0.953,0.917,0.869,0.77
316,2018,Czechia,157,CZE,0.906,0.911,0.957,0.907,0.877,0.77
316,2019,Czechia,157,CZE,0.895,0.919,0.958,0.904,0.887,0.747
316,2020,Czechia,157,CZE,0.908,0.919,0.943,0.892,0.896,0.769
316,2021,Czechia,157,CZE,0.923,0.89,0.939,0.878,0.934,0.794
316,2022,Czechia,157,CZE,0.923,0.89,0.979,0.949,0.942,0.763
316,2023,Czechia,157,CZE,0.926,0.89,0.98,0.958,0.948,0.763
316,2024,Czechia,157,CZE,0.926,0.89,0.978,0.961,0.954,0.829
317,1993,Slovakia,201,SVK,0.826,0.792,0.922,0.809,0.813,0.719
317,1994,Slovakia,201,SVK,0.901,0.768,0.899,0.77,0.718,0.6930000000000001
317,1995,Slovakia,201,SVK,0.901,0.768,0.899,0.765,0.717,0.6930000000000001
317,1996,Slovakia,201,SVK,0.9,0.768,0.89,0.765,0.715,0.6930000000000001
317,1997,Slovakia,201,SVK,0.901,0.768,0.898,0.765,0.715,0.6930000000000001
317,1998,Slovakia,201,SVK,0.894,0.789,0.91,0.817,0.77,0.791
317,1999,Slovakia,201,SVK,0.919,0.857,0.937,0.929,0.892,0.791
317,2000,Slovakia,201,SVK,0.919,0.857,0.937,0.929,0.891,0.791
317,2001,Slovakia,201,SVK,0.919,0.857,0.937,0.929,0.894,0.791
317,2002,Slovakia,201,SVK,0.919,0.857,0.937,0.929,0.893,0.791
317,2003,Slovakia,201,SVK,0.92,0.857,0.947,0.929,0.893,0.791
317,2004,Slovakia,201,SVK,0.92,0.857,0.947,0.929,0.893,0.791
317,2005,Slovakia,201,SVK,0.919,0.857,0.947,0.929,0.892,0.791
317,2006,Slovakia,201,SVK,0.927,0.826,0.947,0.918,0.889,0.791
317,2007,Slovakia,201,SVK,0.927,0.826,0.942,0.918,0.89,0.791
317,2008,Slovakia,201,SVK,0.928,0.826,0.942,0.918,0.887,0.791
317,2009,Slovakia,201,SVK,0.929,0.826,0.939,0.916,0.888,0.791
317,2010,Slovakia,201,SVK,0.928,0.826,0.954,0.94,0.887,0.802
317,2011,Slovakia,201,SVK,0.928,0.857,0.956,0.943,0.885,0.802
317,2012,Slovakia,201,SVK,0.93,0.828,0.946,0.939,0.883,0.792
317,2013,Slovakia,201,SVK,0.929,0.799,0.936,0.923,0.883,0.804
317,2014,Slovakia,201,SVK,0.928,0.799,0.936,0.923,0.88,0.804
317,2015,Slovakia,201,SVK,0.927,0.798,0.931,0.931,0.875,0.804
317,2016,Slovakia,201,SVK,0.93,0.798,0.93,0.931,0.877,0.804
317,2017,Slovakia,201,SVK,0.93,0.78,0.924,0.932,0.877,0.804
317,2018,Slovakia,201,SVK,0.93,0.78,0.919,0.896,0.88,0.804
317,2019,Slovakia,201,SVK,0.934,0.783,0.915,0.938,0.916,0.792
317,2020,Slovakia,201,SVK,0.934,0.783,0.91,0.946,0.943,0.83
317,2021,Slovakia,201,SVK,0.934,0.783,0.915,0.948,0.942,0.83
317,2022,Slovakia,201,SVK,0.934,0.783,0.924,0.942,0.946,0.83
317,2023,Slovakia,201,SVK,0.923,0.744,0.923,0.937,0.931,0.83
317,2024,Slovakia,201,SVK,0.929,0.677,0.881,0.806,0.689,0.8180000000000001
325,1968,Italy,82,ITA,0.908,0.845,0.887,0.789,0.909,0.838
325,1969,Italy,82,ITA,0.909,0.845,0.885,0.809,0.91,0.838
325,1970,Italy,82,ITA,0.909,0.79,0.892,0.835,0.907,0.838
325,1971,Italy,82,ITA,0.908,0.79,0.9,0.835,0.91,0.838
325,1972,Italy,82,ITA,0.908,0.79,0.9,0.835,0.909,0.838
325,1973,Italy,82,ITA,0.909,0.788,0.895,0.827,0.909,0.838
325,1974,Italy,82,ITA,0.908,0.788,0.895,0.827,0.911,0.838
325,1975,Italy,82,ITA,0.908,0.788,0.895,0.842,0.911,0.838
325,1976,Italy,82,ITA,0.909,0.788,0.914,0.858,0.91,0.838
325,1977,Italy,82,ITA,0.909,0.788,0.922,0.867,0.914,0.838
325,1978,Italy,82,ITA,0.909,0.788,0.922,0.867,0.912,0.838
325,1979,Italy,82,ITA,0.908,0.788,0.922,0.867,0.91,0.838
325,1980,Italy,82,ITA,0.908,0.871,0.941,0.897,0.911,0.8009999999999999
325,1981,Italy,82,ITA,0.909,0.871,0.944,0.92,0.913,0.8009999999999999
325,1982,Italy,82,ITA,0.909,0.871,0.945,0.92,0.913,0.8009999999999999
325,1983,Italy,82,ITA,0.908,0.871,0.945,0.92,0.913,0.8009999999999999
325,1984,Italy,82,ITA,0.909,0.925,0.945,0.92,0.912,0.8009999999999999
325,1985,Italy,82,ITA,0.909,0.925,0.945,0.92,0.914,0.8009999999999999
325,1986,Italy,82,ITA,0.909,0.925,0.945,0.92,0.913,0.8009999999999999
325,1987,Italy,82,ITA,0.91,0.925,0.945,0.92,0.912,0.8009999999999999
325,1988,Italy,82,ITA,0.908,0.925,0.945,0.92,0.912,0.8009999999999999
325,1989,Italy,82,ITA,0.909,0.925,0.945,0.92,0.913,0.768
325,1990,Italy,82,ITA,0.909,0.938,0.945,0.92,0.917,0.768
325,1991,Italy,82,ITA,0.909,0.938,0.946,0.931,0.916,0.768
325,1992,Italy,82,ITA,0.909,0.923,0.946,0.949,0.927,0.768
325,1993,Italy,82,ITA,0.916,0.923,0.948,0.949,0.926,0.768
325,1994,Italy,82,ITA,0.905,0.939,0.948,0.941,0.928,0.768
325,1995,Italy,82,ITA,0.904,0.939,0.948,0.941,0.93,0.768
325,1996,Italy,82,ITA,0.918,0.939,0.948,0.941,0.933,0.841
325,1997,Italy,82,ITA,0.917,0.939,0.948,0.95,0.932,0.841
325,1998,Italy,82,ITA,0.918,0.939,0.948,0.95,0.933,0.841
325,1999,Italy,82,ITA,0.917,0.939,0.948,0.95,0.932,0.841
325,2000,Italy,82,ITA,0.917,0.926,0.948,0.95,0.935,0.8089999999999999
325,2001,Italy,82,ITA,0.918,0.914,0.948,0.936,0.93,0.8089999999999999
325,2002,Italy,82,ITA,0.919,0.941,0.948,0.929,0.931,0.8089999999999999
325,2003,Italy,82,ITA,0.918,0.941,0.948,0.929,0.93,0.8089999999999999
325,2004,Italy,82,ITA,0.919,0.941,0.948,0.929,0.93,0.8089999999999999
325,2005,Italy,82,ITA,0.919,0.973,0.948,0.929,0.93,0.8089999999999999
325,2006,Italy,82,ITA,0.922,0.973,0.948,0.942,0.947,0.825
325,2007,Italy,82,ITA,0.922,0.973,0.948,0.955,0.944,0.825
325,2008,Italy,82,ITA,0.924,0.965,0.945,0.939,0.926,0.808
325,2009,Italy,82,ITA,0.923,0.973,0.946,0.928,0.926,0.808
325,2010,Italy,82,ITA,0.923,0.973,0.946,0.929,0.933,0.8260000000000001
325,2011,Italy,82,ITA,0.923,0.973,0.946,0.939,0.946,0.842
325,2012,Italy,82,ITA,0.924,0.973,0.947,0.953,0.948,0.842
325,2013,Italy,82,ITA,0.93,0.958,0.946,0.949,0.948,0.8140000000000001
325,2014,Italy,82,ITA,0.931,0.958,0.946,0.949,0.949,0.8140000000000001
325,2015,Italy,82,ITA,0.931,0.958,0.946,0.949,0.948,0.8140000000000001
325,2016,Italy,82,ITA,0.93,0.97,0.946,0.949,0.948,0.8140000000000001
325,2017,Italy,82,ITA,0.932,0.97,0.95,0.945,0.949,0.8140000000000001
325,2018,Italy,82,ITA,0.932,0.958,0.947,0.955,0.946,0.8140000000000001
325,2019,Italy,82,ITA,0.932,0.958,0.949,0.939,0.947,0.8140000000000001
325,2020,Italy,82,ITA,0.932,0.95,0.926,0.941,0.948,0.8140000000000001
325,2021,Italy,82,ITA,0.931,0.95,0.927,0.941,0.948,0.8140000000000001
325,2022,Italy,82,ITA,0.934,0.919,0.944,0.933,0.945,0.8140000000000001
325,2023,Italy,82,ITA,0.934,0.919,0.944,0.867,0.944,0.8140000000000001
325,2024,Italy,82,ITA,0.935,0.919,0.944,0.844,0.939,0.855
339,1968,Albania,12,ALB,0.362,0.022,0.006,0.014,0.121,0.973
339,1969,Albania,12,ALB,0.362,0.022,0.006,0.014,0.125,0.973
339,1970,Albania,12,ALB,0.362,0.022,0.006,0.014,0.124,0.973
339,1971,Albania,12,ALB,0.362,0.022,0.006,0.014,0.125,0.973
339,1972,Albania,12,ALB,0.363,0.022,0.006,0.014,0.124,0.973
339,1973,Albania,12,ALB,0.363,0.022,0.006,0.014,0.123,0.973
339,1974,Albania,12,ALB,0.361,0.022,0.006,0.014,0.122,0.973
339,1975,Albania,12,ALB,0.362,0.022,0.006,0.014,0.122,0.973
339,1976,Albania,12,ALB,0.361,0.022,0.006,0.014,0.129,0.973
339,1977,Albania,12,ALB,0.363,0.022,0.006,0.014,0.128,0.9359999999999999
339,1978,Albania,12,ALB,0.358,0.022,0.006,0.014,0.127,0.9359999999999999
339,1979,Albania,12,ALB,0.362,0.022,0.006,0.014,0.126,0.9359999999999999
339,1980,Albania,12,ALB,0.36,0.022,0.006,0.014,0.128,0.9359999999999999
339,1981,Albania,12,ALB,0.361,0.022,0.006,0.014,0.127,0.9359999999999999
339,1982,Albania,12,ALB,0.362,0.022,0.006,0.014,0.13,0.9359999999999999
339,1983,Albania,12,ALB,0.362,0.022,0.006,0.014,0.125,0.9359999999999999
339,1984,Albania,12,ALB,0.361,0.022,0.006,0.014,0.13,0.9359999999999999
339,1985,Albania,12,ALB,0.361,0.022,0.007,0.014,0.129,0.883
339,1986,Albania,12,ALB,0.363,0.022,0.008,0.014,0.136,0.883
339,1987,Albania,12,ALB,0.362,0.022,0.008,0.014,0.134,0.883
339,1988,Albania,12,ALB,0.364,0.029,0.008,0.014,0.134,0.883
339,1989,Albania,12,ALB,0.363,0.029,0.008,0.014,0.135,0.86
339,1990,Albania,12,ALB,0.372,0.114,0.042,0.046,0.161,0.808
339,1991,Albania,12,ALB,0.58,0.553,0.609,0.74,0.594,0.61
339,1992,Albania,12,ALB,0.647,0.724,0.68,0.77,0.862,0.5840000000000001
339,1993,Albania,12,ALB,0.643,0.741,0.712,0.744,0.71,0.5840000000000001
339,1994,Albania,12,ALB,0.643,0.708,0.712,0.753,0.863,0.5840000000000001
339,1995,Albania,12,ALB,0.644,0.708,0.725,0.766,0.862,0.5840000000000001
339,1996,Albania,12,ALB,0.536,0.715,0.725,0.76,0.862,0.5840000000000001
339,1997,Albania,12,ALB,0.577,0.707,0.698,0.76,0.87,0.488
339,1998,Albania,12,ALB,0.583,0.77,0.714,0.774,0.867,0.45599999999999996
339,1999,Albania,12,ALB,0.583,0.791,0.742,0.8,0.862,0.44199999999999995
339,2000,Albania,12,ALB,0.609,0.775,0.822,0.811,0.869,0.45699999999999996
339,2001,Albania,12,ALB,0.684,0.824,0.848,0.808,0.869,0.499
339,2002,Albania,12,ALB,0.689,0.824,0.862,0.804,0.869,0.45399999999999996
339,2003,Albania,12,ALB,0.692,0.809,0.862,0.804,0.869,0.45399999999999996
339,2004,Albania,12,ALB,0.701,0.837,0.874,0.804,0.87,0.45399999999999996
339,2005,Albania,12,ALB,0.76,0.837,0.874,0.809,0.873,0.496
339,2006,Albania,12,ALB,0.761,0.873,0.874,0.805,0.872,0.496
339,2007,Albania,12,ALB,0.759,0.873,0.874,0.813,0.871,0.496
339,2008,Albania,12,ALB,0.759,0.873,0.874,0.813,0.872,0.373
339,2009,Albania,12,ALB,0.752,0.873,0.887,0.813,0.87,0.373
339,2010,Albania,12,ALB,0.753,0.873,0.882,0.82,0.866,0.378
339,2011,Albania,12,ALB,0.753,0.873,0.891,0.82,0.864,0.378
339,2012,Albania,12,ALB,0.753,0.866,0.891,0.82,0.866,0.378
339,2013,Albania,12,ALB,0.767,0.822,0.916,0.764,0.829,0.41300000000000003
339,2014,Albania,12,ALB,0.768,0.822,0.916,0.764,0.833,0.41300000000000003
339,2015,Albania,12,ALB,0.77,0.822,0.916,0.761,0.832,0.41300000000000003
339,2016,Albania,12,ALB,0.769,0.822,0.916,0.758,0.829,0.41300000000000003
339,2017,Albania,12,ALB,0.771,0.823,0.9,0.776,0.824,0.36
339,2018,Albania,12,ALB,0.769,0.847,0.907,0.725,0.826,0.36
339,2019,Albania,12,ALB,0.771,0.831,0.925,0.704,0.823,0.36
339,2020,Albania,12,ALB,0.77,0.846,0.912,0.723,0.83,0.36
339,2021,Albania,12,ALB,0.758,0.858,0.915,0.726,0.829,0.406
339,2022,Albania,12,ALB,0.758,0.852,0.912,0.713,0.841,0.406
339,2023,Albania,12,ALB,0.756,0.857,0.908,0.693,0.778,0.359
339,2024,Albania,12,ALB,0.757,0.805,0.9,0.698,0.753,0.359
340,2006,Serbia,198,SRB,0.819,0.815,0.925,0.812,0.896,0.373
340,2007,Serbia,198,SRB,0.814,0.815,0.933,0.812,0.9,0.373
340,2008,Serbia,198,SRB,0.816,0.815,0.933,0.809,0.909,0.373
340,2009,Serbia,198,SRB,0.817,0.815,0.933,0.801,0.908,0.367
340,2010,Serbia,198,SRB,0.814,0.797,0.932,0.784,0.906,0.367
340,2011,Serbia,198,SRB,0.813,0.797,0.932,0.793,0.904,0.367
340,2012,Serbia,198,SRB,0.801,0.774,0.932,0.769,0.875,0.367
340,2013,Serbia,198,SRB,0.786,0.728,0.901,0.583,0.855,0.367
340,2014,Serbia,198,SRB,0.746,0.72,0.901,0.527,0.782,0.383
340,2015,Serbia,198,SRB,0.745,0.717,0.901,0.504,0.778,0.383
340,2016,Serbia,198,SRB,0.721,0.717,0.892,0.497,0.708,0.349
340,2017,Serbia,198,SRB,0.698,0.712,0.872,0.448,0.665,0.364
340,2018,Serbia,198,SRB,0.7,0.673,0.843,0.403,0.644,0.364
340,2019,Serbia,198,SRB,0.7,0.673,0.873,0.435,0.589,0.33799999999999997
340,2020,Serbia,198,SRB,0.638,0.672,0.852,0.441,0.426,0.31799999999999995
340,2021,Serbia,198,SRB,0.633,0.697,0.852,0.417,0.444,0.33999999999999997
340,2022,Serbia,198,SRB,0.687,0.669,0.866,0.427,0.513,0.40700000000000003
340,2023,Serbia,198,SRB,0.599,0.66,0.862,0.442,0.449,0.402
340,2024,Serbia,198,SRB,0.598,0.669,0.86,0.425,0.396,0.368
341,2006,Montenegro,183,MNE,0.707,0.805,0.844,0.701,0.651,0.642
341,2007,Montenegro,183,MNE,0.709,0.826,0.866,0.704,0.738,0.665
341,2008,Montenegro,183,MNE,0.718,0.826,0.871,0.704,0.745,0.665
341,2009,Montenegro,183,MNE,0.718,0.826,0.873,0.704,0.749,0.665
341,2010,Montenegro,183,MNE,0.719,0.817,0.877,0.704,0.746,0.665
341,2011,Montenegro,183,MNE,0.718,0.817,0.88,0.704,0.749,0.665
341,2012,Montenegro,183,MNE,0.72,0.817,0.88,0.704,0.744,0.665
341,2013,Montenegro,183,MNE,0.685,0.817,0.899,0.718,0.699,0.6699999999999999
341,2014,Montenegro,183,MNE,0.686,0.817,0.899,0.718,0.697,0.6699999999999999
341,2015,Montenegro,183,MNE,0.686,0.817,0.899,0.718,0.699,0.6699999999999999
341,2016,Montenegro,183,MNE,0.663,0.817,0.883,0.718,0.696,0.6699999999999999
341,2017,Montenegro,183,MNE,0.664,0.784,0.882,0.726,0.699,0.6699999999999999
341,2018,Montenegro,183,MNE,0.679,0.816,0.856,0.729,0.698,0.6699999999999999
341,2019,Montenegro,183,MNE,0.675,0.856,0.853,0.704,0.687,0.69
341,2020,Montenegro,183,MNE,0.709,0.856,0.804,0.718,0.743,0.6990000000000001
341,2021,Montenegro,183,MNE,0.723,0.847,0.867,0.797,0.796,0.739
341,2022,Montenegro,183,MNE,0.727,0.847,0.886,0.777,0.779,0.739
341,2023,Montenegro,183,MNE,0.794,0.857,0.903,0.791,0.801,0.739
341,2024,Montenegro,183,MNE,0.8,0.885,0.903,0.808,0.8,0.7170000000000001
343,1991,North Macedonia,176,MKD,0.234,0.42,0.695,0.599,0.778,0.669
343,1992,North Macedonia,176,MKD,0.238,0.42,0.697,0.599,0.782,0.669
343,1993,North Macedonia,176,MKD,0.239,0.429,0.705,0.614,0.781,0.631
343,1994,North Macedonia,176,MKD,0.67,0.49,0.724,0.634,0.777,0.631
343,1995,North Macedonia,176,MKD,0.689,0.49,0.727,0.657,0.782,0.631
343,1996,North Macedonia,176,MKD,0.688,0.555,0.727,0.695,0.775,0.631
343,1997,North Macedonia,176,MKD,0.694,0.561,0.727,0.723,0.772,0.631
343,1998,North Macedonia,176,MKD,0.836,0.622,0.728,0.723,0.784,0.631
343,1999,North Macedonia,176,MKD,0.695,0.697,0.728,0.723,0.787,0.631
343,2000,North Macedonia,176,MKD,0.702,0.711,0.727,0.706,0.764,0.631
343,2001,North Macedonia,176,MKD,0.701,0.753,0.695,0.678,0.755,0.631
343,2002,North Macedonia,176,MKD,0.83,0.779,0.784,0.781,0.764,0.631
343,2003,North Macedonia,176,MKD,0.831,0.834,0.821,0.808,0.758,0.591
343,2004,North Macedonia,176,MKD,0.814,0.834,0.84,0.795,0.755,0.591
343,2005,North Macedonia,176,MKD,0.806,0.795,0.834,0.782,0.761,0.591
343,2006,North Macedonia,176,MKD,0.812,0.785,0.843,0.759,0.756,0.591
343,2007,North Macedonia,176,MKD,0.807,0.774,0.839,0.753,0.758,0.591
343,2008,North Macedonia,176,MKD,0.789,0.78,0.84,0.719,0.738,0.5800000000000001
343,2009,North Macedonia,176,MKD,0.788,0.741,0.85,0.7,0.721,0.5800000000000001
343,2010,North Macedonia,176,MKD,0.785,0.727,0.852,0.688,0.712,0.5800000000000001
343,2011,North Macedonia,176,MKD,0.772,0.727,0.841,0.595,0.71,0.552
343,2012,North Macedonia,176,MKD,0.767,0.708,0.817,0.543,0.69,0.552
343,2013,North Macedonia,176,MKD,0.762,0.703,0.763,0.525,0.644,0.552
343,2014,North Macedonia,176,MKD,0.752,0.713,0.756,0.544,0.611,0.552
343,2015,North Macedonia,176,MKD,0.756,0.692,0.744,0.533,0.604,0.552
343,2016,North Macedonia,176,MKD,0.791,0.608,0.733,0.57,0.637,0.552
343,2017,North Macedonia,176,MKD,0.793,0.772,0.769,0.686,0.74,0.5780000000000001
343,2018,North Macedonia,176,MKD,0.795,0.807,0.762,0.737,0.691,0.521
343,2019,North Macedonia,176,MKD,0.827,0.857,0.793,0.725,0.689,0.521
343,2020,North Macedonia,176,MKD,0.81,0.868,0.78,0.745,0.657,0.521
343,2021,North Macedonia,176,MKD,0.809,0.868,0.765,0.743,0.669,0.521
343,2022,North Macedonia,176,MKD,0.794,0.805,0.749,0.736,0.667,0.504
343,2023,North Macedonia,176,MKD,0.793,0.844,0.746,0.736,0.628,0.504
343,2024,North Macedonia,176,MKD,0.817,0.789,0.74,0.662,0.671,0.504
344,1992,Croatia,154,HRV,0.717,0.453,0.566,0.452,0.466,0.30400000000000005
344,1993,Croatia,154,HRV,0.719,0.47,0.601,0.458,0.467,0.30400000000000005
344,1994,Croatia,154,HRV,0.717,0.47,0.599,0.479,0.468,0.30400000000000005
344,1995,Croatia,154,HRV,0.719,0.47,0.607,0.496,0.464,0.30400000000000005
344,1996,Croatia,154,HRV,0.72,0.47,0.73,0.557,0.472,0.32899999999999996
344,1997,Croatia,154,HRV,0.736,0.524,0.764,0.559,0.507,0.32899999999999996
344,1998,Croatia,154,HRV,0.735,0.524,0.75,0.559,0.504,0.32899999999999996
344,1999,Croatia,154,HRV,0.739,0.524,0.787,0.579,0.566,0.32899999999999996
344,2000,Croatia,154,HRV,0.868,0.813,0.918,0.927,0.766,0.7090000000000001
344,2001,Croatia,154,HRV,0.868,0.835,0.918,0.929,0.775,0.7090000000000001
344,2002,Croatia,154,HRV,0.867,0.835,0.918,0.924,0.775,0.7090000000000001
344,2003,Croatia,154,HRV,0.857,0.835,0.919,0.932,0.772,0.7090000000000001
344,2004,Croatia,154,HRV,0.857,0.835,0.919,0.906,0.758,0.513
344,2005,Croatia,154,HRV,0.887,0.835,0.915,0.897,0.819,0.513
344,2006,Croatia,154,HRV,0.888,0.835,0.915,0.897,0.794,0.513
344,2007,Croatia,154,HRV,0.884,0.835,0.918,0.898,0.799,0.513
344,2008,Croatia,154,HRV,0.885,0.835,0.918,0.908,0.805,0.513
344,2009,Croatia,154,HRV,0.921,0.842,0.924,0.905,0.831,0.629
344,2010,Croatia,154,HRV,0.924,0.895,0.933,0.924,0.864,0.735
344,2011,Croatia,154,HRV,0.923,0.893,0.933,0.938,0.877,0.735
344,2012,Croatia,154,HRV,0.925,0.893,0.935,0.941,0.88,0.735
344,2013,Croatia,154,HRV,0.922,0.857,0.926,0.912,0.859,0.766
344,2014,Croatia,154,HRV,0.927,0.857,0.923,0.907,0.854,0.766
344,2015,Croatia,154,HRV,0.928,0.821,0.923,0.903,0.872,0.766
344,2016,Croatia,154,HRV,0.914,0.755,0.908,0.833,0.88,0.721
344,2017,Croatia,154,HRV,0.913,0.781,0.903,0.796,0.893,0.681
344,2018,Croatia,154,HRV,0.91,0.781,0.906,0.791,0.874,0.681
344,2019,Croatia,154,HRV,0.907,0.799,0.869,0.796,0.894,0.681
344,2020,Croatia,154,HRV,0.919,0.785,0.855,0.824,0.921,0.681
344,2021,Croatia,154,HRV,0.918,0.787,0.874,0.83,0.918,0.681
344,2022,Croatia,154,HRV,0.918,0.787,0.905,0.804,0.927,0.698
344,2023,Croatia,154,HRV,0.917,0.787,0.909,0.806,0.918,0.698
344,2024,Croatia,154,HRV,0.894,0.787,0.908,0.786,0.91,0.7110000000000001
345,1968,Serbia,198,SRB,0.334,0.077,0.612,0.077,0.411,0.265
345,1969,Serbia,198,SRB,0.332,0.056,0.612,0.077,0.408,0.265
345,1970,Serbia,198,SRB,0.332,0.078,0.612,0.077,0.403,0.24
345,1971,Serbia,198,SRB,0.332,0.078,0.612,0.077,0.411,0.24
345,1972,Serbia,198,SRB,0.333,0.051,0.612,0.077,0.412,0.24
345,1973,Serbia,198,SRB,0.333,0.051,0.612,0.077,0.402,0.24
345,1974,Serbia,198,SRB,0.334,0.079,0.614,0.077,0.449,0.24
345,1975,Serbia,198,SRB,0.335,0.079,0.616,0.077,0.453,0.24
345,1976,Serbia,198,SRB,0.334,0.079,0.616,0.077,0.446,0.24
345,1977,Serbia,198,SRB,0.335,0.08,0.616,0.077,0.448,0.24
345,1978,Serbia,198,SRB,0.335,0.08,0.616,0.077,0.451,0.24
345,1979,Serbia,198,SRB,0.332,0.08,0.616,0.077,0.436,0.24
345,1980,Serbia,198,SRB,0.344,0.099,0.631,0.077,0.441,0.24
345,1981,Serbia,198,SRB,0.344,0.241,0.672,0.127,0.44,0.24
345,1982,Serbia,198,SRB,0.345,0.255,0.686,0.127,0.435,0.24
345,1983,Serbia,198,SRB,0.345,0.255,0.686,0.127,0.441,0.24
345,1984,Serbia,198,SRB,0.345,0.255,0.693,0.127,0.438,0.24
345,1985,Serbia,198,SRB,0.344,0.255,0.693,0.127,0.438,0.24
345,1986,Serbia,198,SRB,0.344,0.261,0.693,0.127,0.441,0.24
345,1987,Serbia,198,SRB,0.345,0.261,0.693,0.138,0.441,0.24
345,1988,Serbia,198,SRB,0.344,0.205,0.712,0.147,0.438,0.24
345,1989,Serbia,198,SRB,0.344,0.195,0.712,0.147,0.353,0.18500000000000005
345,1990,Serbia,198,SRB,0.416,0.323,0.654,0.318,0.395,0.17700000000000005
345,1991,Serbia,198,SRB,0.225,0.322,0.622,0.366,0.244,0.16700000000000004
345,1992,Serbia,198,SRB,0.619,0.31,0.642,0.345,0.402,0.16700000000000004
345,1993,Serbia,198,SRB,0.617,0.299,0.642,0.345,0.405,0.16700000000000004
345,1994,Serbia,198,SRB,0.617,0.299,0.657,0.345,0.404,0.16700000000000004
345,1995,Serbia,198,SRB,0.617,0.299,0.657,0.345,0.402,0.16700000000000004
345,1996,Serbia,198,SRB,0.618,0.313,0.678,0.365,0.399,0.16700000000000004
345,1997,Serbia,198,SRB,0.616,0.327,0.678,0.375,0.398,0.16700000000000004
345,1998,Serbia,198,SRB,0.617,0.3,0.663,0.375,0.4,0.16700000000000004
345,1999,Serbia,198,SRB,0.615,0.316,0.653,0.375,0.404,0.16700000000000004
345,2000,Serbia,198,SRB,0.771,0.622,0.803,0.69,0.616,0.132
345,2001,Serbia,198,SRB,0.792,0.821,0.911,0.811,0.884,0.31999999999999995
345,2002,Serbia,198,SRB,0.827,0.881,0.903,0.816,0.884,0.373
345,2003,Serbia,198,SRB,0.819,0.845,0.895,0.816,0.896,0.373
345,2004,Serbia,198,SRB,0.818,0.815,0.909,0.808,0.897,0.373
345,2005,Serbia,198,SRB,0.819,0.815,0.918,0.808,0.896,0.373
346,1992,Bosnia and Herzegovina,150,BIH,0.24,0.536,0.212,0.351,0.226,0.275
346,1993,Bosnia and Herzegovina,150,BIH,0.24,0.536,0.212,0.351,0.229,0.275
346,1994,Bosnia and Herzegovina,150,BIH,0.239,0.536,0.212,0.351,0.257,0.275
346,1995,Bosnia and Herzegovina,150,BIH,0.238,0.536,0.244,0.351,0.256,0.275
346,1996,Bosnia and Herzegovina,150,BIH,0.835,0.88,0.586,0.687,0.298,0.275
346,1997,Bosnia and Herzegovina,150,BIH,0.835,0.88,0.61,0.718,0.467,0.275
346,1998,Bosnia and Herzegovina,150,BIH,0.87,0.921,0.634,0.718,0.475,0.275
346,1999,Bosnia and Herzegovina,150,BIH,0.869,0.91,0.64,0.717,0.47,0.275
346,2000,Bosnia and Herzegovina,150,BIH,0.878,0.91,0.799,0.745,0.475,0.275
346,2001,Bosnia and Herzegovina,150,BIH,0.879,0.91,0.815,0.751,0.487,0.275
346,2002,Bosnia and Herzegovina,150,BIH,0.884,0.91,0.812,0.742,0.474,0.275
346,2003,Bosnia and Herzegovina,150,BIH,0.884,0.91,0.817,0.742,0.483,0.275
346,2004,Bosnia and Herzegovina,150,BIH,0.862,0.91,0.797,0.742,0.481,0.275
346,2005,Bosnia and Herzegovina,150,BIH,0.862,0.91,0.811,0.742,0.48,0.275
346,2006,Bosnia and Herzegovina,150,BIH,0.789,0.91,0.81,0.742,0.482,0.275
346,2007,Bosnia and Herzegovina,150,BIH,0.79,0.91,0.806,0.742,0.474,0.275
346,2008,Bosnia and Herzegovina,150,BIH,0.791,0.91,0.814,0.746,0.48,0.28400000000000003
346,2009,Bosnia and Herzegovina,150,BIH,0.79,0.902,0.821,0.742,0.479,0.28400000000000003
346,2010,Bosnia and Herzegovina,150,BIH,0.789,0.912,0.825,0.744,0.481,0.29400000000000004
346,2011,Bosnia and Herzegovina,150,BIH,0.787,0.912,0.825,0.744,0.48,0.29400000000000004
346,2012,Bosnia and Herzegovina,150,BIH,0.786,0.912,0.825,0.744,0.484,0.29400000000000004
346,2013,Bosnia and Herzegovina,150,BIH,0.783,0.912,0.818,0.739,0.491,0.29400000000000004
346,2014,Bosnia and Herzegovina,150,BIH,0.772,0.91,0.828,0.734,0.492,0.29400000000000004
346,2015,Bosnia and Herzegovina,150,BIH,0.772,0.901,0.825,0.734,0.483,0.28900000000000003
346,2016,Bosnia and Herzegovina,150,BIH,0.777,0.933,0.824,0.738,0.456,0.28900000000000003
346,2017,Bosnia and Herzegovina,150,BIH,0.775,0.933,0.828,0.731,0.462,0.28900000000000003
346,2018,Bosnia and Herzegovina,150,BIH,0.764,0.905,0.787,0.689,0.492,0.28600000000000003
346,2019,Bosnia and Herzegovina,150,BIH,0.77,0.905,0.803,0.689,0.484,0.29100000000000004
346,2020,Bosnia and Herzegovina,150,BIH,0.773,0.921,0.792,0.674,0.476,0.28
346,2021,Bosnia and Herzegovina,150,BIH,0.772,0.923,0.785,0.636,0.488,0.28
346,2022,Bosnia and Herzegovina,150,BIH,0.777,0.914,0.788,0.664,0.48,0.28
346,2023,Bosnia and Herzegovina,150,BIH,0.777,0.832,0.807,0.652,0.51,0.29800000000000004
346,2024,Bosnia and Herzegovina,150,BIH,0.776,0.837,0.807,0.653,0.491,0.28300000000000003
347,2008,Kosovo,43,XKX,0.742,0.834,0.672,0.706,0.663,0.532
347,2009,Kosovo,43,XKX,0.742,0.834,0.703,0.719,0.688,0.53
347,2010,Kosovo,43,XKX,0.731,0.836,0.722,0.749,0.684,0.536
347,2011,Kosovo,43,XKX,0.721,0.836,0.719,0.759,0.726,0.536
347,2012,Kosovo,43,XKX,0.73,0.836,0.719,0.759,0.723,0.5589999999999999
347,2013,Kosovo,43,XKX,0.735,0.742,0.731,0.786,0.711,0.589
347,2014,Kosovo,43,XKX,0.844,0.742,0.732,0.786,0.723,0.627
347,2015,Kosovo,43,XKX,0.844,0.742,0.73,0.796,0.72,0.627
347,2016,Kosovo,43,XKX,0.843,0.792,0.721,0.782,0.731,0.627
347,2017,Kosovo,43,XKX,0.842,0.798,0.727,0.783,0.748,0.698
347,2018,Kosovo,43,XKX,0.846,0.856,0.768,0.776,0.727,0.716
347,2019,Kosovo,43,XKX,0.851,0.862,0.773,0.81,0.742,0.696
347,2020,Kosovo,43,XKX,0.851,0.862,0.791,0.794,0.735,0.696
347,2021,Kosovo,43,XKX,0.851,0.808,0.794,0.806,0.728,0.696
347,2022,Kosovo,43,XKX,0.85,0.827,0.791,0.811,0.746,0.696
347,2023,Kosovo,43,XKX,0.851,0.824,0.791,0.816,0.74,0.696
347,2024,Kosovo,43,XKX,0.849,0.799,0.759,0.767,0.739,0.696
349,1992,Slovenia,202,SVN,0.91,0.914,0.955,0.944,0.899,0.846
349,1993,Slovenia,202,SVN,0.908,0.894,0.955,0.941,0.902,0.846
349,1994,Slovenia,202,SVN,0.908,0.894,0.955,0.949,0.903,0.859
349,1995,Slovenia,202,SVN,0.908,0.893,0.955,0.941,0.902,0.859
349,1996,Slovenia,202,SVN,0.912,0.893,0.955,0.95,0.893,0.916
349,1997,Slovenia,202,SVN,0.908,0.907,0.96,0.939,0.904,0.916
349,1998,Slovenia,202,SVN,0.915,0.907,0.96,0.928,0.917,0.916
349,1999,Slovenia,202,SVN,0.912,0.907,0.96,0.924,0.911,0.916
349,2000,Slovenia,202,SVN,0.916,0.907,0.96,0.924,0.903,0.916
349,2001,Slovenia,202,SVN,0.912,0.907,0.96,0.924,0.914,0.916
349,2002,Slovenia,202,SVN,0.915,0.907,0.96,0.926,0.915,0.916
349,2003,Slovenia,202,SVN,0.912,0.907,0.96,0.926,0.919,0.917
349,2004,Slovenia,202,SVN,0.914,0.907,0.96,0.891,0.911,0.917
349,2005,Slovenia,202,SVN,0.913,0.907,0.96,0.891,0.92,0.917
349,2006,Slovenia,202,SVN,0.911,0.907,0.96,0.895,0.918,0.917
349,2007,Slovenia,202,SVN,0.925,0.899,0.96,0.897,0.919,0.904
349,2008,Slovenia,202,SVN,0.926,0.887,0.958,0.89,0.921,0.904
349,2009,Slovenia,202,SVN,0.925,0.924,0.962,0.963,0.924,0.904
349,2010,Slovenia,202,SVN,0.924,0.93,0.965,0.954,0.932,0.904
349,2011,Slovenia,202,SVN,0.928,0.92,0.965,0.94,0.937,0.904
349,2012,Slovenia,202,SVN,0.926,0.928,0.963,0.908,0.943,0.904
349,2013,Slovenia,202,SVN,0.926,0.943,0.959,0.921,0.945,0.904
349,2014,Slovenia,202,SVN,0.912,0.926,0.962,0.941,0.953,0.904
349,2015,Slovenia,202,SVN,0.914,0.94,0.961,0.951,0.955,0.904
349,2016,Slovenia,202,SVN,0.915,0.937,0.963,0.934,0.959,0.904
349,2017,Slovenia,202,SVN,0.921,0.917,0.96,0.902,0.962,0.897
349,2018,Slovenia,202,SVN,0.909,0.917,0.96,0.896,0.948,0.921
349,2019,Slovenia,202,SVN,0.917,0.881,0.956,0.861,0.952,0.899
349,2020,Slovenia,202,SVN,0.912,0.783,0.928,0.804,0.932,0.878
349,2021,Slovenia,202,SVN,0.904,0.783,0.918,0.754,0.881,0.793
349,2022,Slovenia,202,SVN,0.915,0.887,0.958,0.872,0.91,0.933
349,2023,Slovenia,202,SVN,0.917,0.823,0.949,0.802,0.894,0.933
349,2024,Slovenia,202,SVN,0.906,0.823,0.944,0.735,0.9,0.933
350,1968,Greece,164,GRC,0.088,0.053,0.223,0.05,0.778,0.74
350,1969,Greece,164,GRC,0.093,0.053,0.223,0.05,0.781,0.74
350,1970,Greece,164,GRC,0.088,0.053,0.223,0.05,0.777,0.74
350,1971,Greece,164,GRC,0.086,0.053,0.223,0.05,0.776,0.74
350,1972,Greece,164,GRC,0.089,0.053,0.223,0.05,0.775,0.74
350,1973,Greece,164,GRC,0.089,0.053,0.223,0.05,0.776,0.74
350,1974,Greece,164,GRC,0.89,0.13,0.301,0.189,0.777,0.74
350,1975,Greece,164,GRC,0.917,0.599,0.885,0.802,0.878,0.74
350,1976,Greece,164,GRC,0.916,0.761,0.93,0.911,0.89,0.74
350,1977,Greece,164,GRC,0.916,0.761,0.941,0.937,0.897,0.74
350,1978,Greece,164,GRC,0.916,0.761,0.941,0.937,0.897,0.74
350,1979,Greece,164,GRC,0.916,0.761,0.941,0.937,0.898,0.74
350,1980,Greece,164,GRC,0.917,0.761,0.941,0.937,0.898,0.74
350,1981,Greece,164,GRC,0.917,0.761,0.941,0.947,0.9,0.74
350,1982,Greece,164,GRC,0.917,0.784,0.953,0.956,0.897,0.74
350,1983,Greece,164,GRC,0.917,0.784,0.953,0.956,0.897,0.74
350,1984,Greece,164,GRC,0.917,0.875,0.953,0.956,0.906,0.74
350,1985,Greece,164,GRC,0.919,0.875,0.952,0.956,0.905,0.74
350,1986,Greece,164,GRC,0.919,0.875,0.952,0.956,0.906,0.74
350,1987,Greece,164,GRC,0.918,0.875,0.952,0.959,0.905,0.74
350,1988,Greece,164,GRC,0.919,0.883,0.952,0.959,0.909,0.74
350,1989,Greece,164,GRC,0.921,0.883,0.952,0.965,0.907,0.74
350,1990,Greece,164,GRC,0.922,0.938,0.952,0.96,0.906,0.74
350,1991,Greece,164,GRC,0.922,0.938,0.952,0.96,0.906,0.74
350,1992,Greece,164,GRC,0.922,0.938,0.961,0.96,0.907,0.74
350,1993,Greece,164,GRC,0.922,0.938,0.964,0.96,0.906,0.74
350,1994,Greece,164,GRC,0.922,0.938,0.964,0.96,0.909,0.74
350,1995,Greece,164,GRC,0.923,0.938,0.966,0.96,0.91,0.74
350,1996,Greece,164,GRC,0.923,0.938,0.966,0.96,0.916,0.74
350,1997,Greece,164,GRC,0.923,0.938,0.966,0.96,0.917,0.74
350,1998,Greece,164,GRC,0.923,0.938,0.966,0.96,0.919,0.74
350,1999,Greece,164,GRC,0.923,0.938,0.966,0.96,0.918,0.74
350,2000,Greece,164,GRC,0.922,0.938,0.967,0.96,0.918,0.74
350,2001,Greece,164,GRC,0.934,0.938,0.967,0.96,0.916,0.74
350,2002,Greece,164,GRC,0.934,0.938,0.967,0.96,0.918,0.74
350,2003,Greece,164,GRC,0.932,0.938,0.967,0.96,0.916,0.74
350,2004,Greece,164,GRC,0.933,0.938,0.967,0.96,0.918,0.74
350,2005,Greece,164,GRC,0.933,0.938,0.967,0.96,0.917,0.74
350,2006,Greece,164,GRC,0.932,0.938,0.967,0.96,0.911,0.74
350,2007,Greece,164,GRC,0.946,0.938,0.967,0.964,0.911,0.74
350,2008,Greece,164,GRC,0.946,0.938,0.967,0.965,0.912,0.74
350,2009,Greece,164,GRC,0.946,0.938,0.969,0.962,0.911,0.74
350,2010,Greece,164,GRC,0.947,0.939,0.966,0.964,0.91,0.8280000000000001
350,2011,Greece,164,GRC,0.946,0.939,0.966,0.964,0.917,0.835
350,2012,Greece,164,GRC,0.945,0.939,0.964,0.959,0.913,0.835
350,2013,Greece,164,GRC,0.944,0.939,0.953,0.943,0.912,0.844
350,2014,Greece,164,GRC,0.944,0.939,0.96,0.941,0.914,0.844
350,2015,Greece,164,GRC,0.942,0.939,0.959,0.927,0.904,0.844
350,2016,Greece,164,GRC,0.941,0.939,0.958,0.92,0.907,0.844
350,2017,Greece,164,GRC,0.943,0.939,0.957,0.915,0.907,0.844
350,2018,Greece,164,GRC,0.943,0.939,0.948,0.904,0.909,0.844
350,2019,Greece,164,GRC,0.943,0.939,0.949,0.91,0.885,0.854
350,2020,Greece,164,GRC,0.937,0.897,0.949,0.818,0.824,0.854
350,2021,Greece,164,GRC,0.933,0.886,0.946,0.804,0.784,0.854
350,2022,Greece,164,GRC,0.933,0.893,0.942,0.804,0.699,0.832
350,2023,Greece,164,GRC,0.925,0.873,0.929,0.801,0.68,0.832
350,2024,Greece,164,GRC,0.925,0.889,0.903,0.82,0.654,0.832
352,1968,Cyprus,156,CYP,0.727,0.443,0.586,0.708,0.729,0.731
352,1969,Cyprus,156,CYP,0.729,0.443,0.586,0.708,0.728,0.731
352,1970,Cyprus,156,CYP,0.758,0.443,0.589,0.714,0.768,0.731
352,1971,Cyprus,156,CYP,0.756,0.443,0.589,0.714,0.798,0.731
352,1972,Cyprus,156,CYP,0.757,0.443,0.589,0.714,0.796,0.731
352,1973,Cyprus,156,CYP,0.757,0.443,0.603,0.714,0.798,0.731
352,1974,Cyprus,156,CYP,0.755,0.639,0.519,0.722,0.798,0.731
352,1975,Cyprus,156,CYP,0.761,0.776,0.751,0.762,0.821,0.8180000000000001
352,1976,Cyprus,156,CYP,0.784,0.776,0.768,0.762,0.83,0.836
352,1977,Cyprus,156,CYP,0.784,0.776,0.768,0.762,0.828,0.836
352,1978,Cyprus,156,CYP,0.784,0.776,0.768,0.762,0.833,0.836
352,1979,Cyprus,156,CYP,0.782,0.776,0.768,0.762,0.83,0.836
352,1980,Cyprus,156,CYP,0.788,0.789,0.795,0.809,0.834,0.836
352,1981,Cyprus,156,CYP,0.836,0.789,0.795,0.809,0.832,0.836
352,1982,Cyprus,156,CYP,0.836,0.789,0.795,0.818,0.834,0.836
352,1983,Cyprus,156,CYP,0.868,0.789,0.795,0.818,0.829,0.836
352,1984,Cyprus,156,CYP,0.867,0.789,0.789,0.818,0.831,0.836
352,1985,Cyprus,156,CYP,0.866,0.789,0.789,0.818,0.83,0.836
352,1986,Cyprus,156,CYP,0.867,0.789,0.798,0.818,0.83,0.836
352,1987,Cyprus,156,CYP,0.867,0.789,0.798,0.818,0.831,0.836
352,1988,Cyprus,156,CYP,0.878,0.789,0.798,0.818,0.83,0.836
352,1989,Cyprus,156,CYP,0.879,0.792,0.798,0.818,0.83,0.836
352,1990,Cyprus,156,CYP,0.883,0.894,0.817,0.839,0.833,0.836
352,1991,Cyprus,156,CYP,0.89,0.897,0.817,0.849,0.837,0.836
352,1992,Cyprus,156,CYP,0.891,0.897,0.817,0.849,0.833,0.836
352,1993,Cyprus,156,CYP,0.891,0.897,0.817,0.849,0.843,0.836
352,1994,Cyprus,156,CYP,0.891,0.897,0.826,0.849,0.833,0.836
352,1995,Cyprus,156,CYP,0.892,0.897,0.814,0.849,0.836,0.836
352,1996,Cyprus,156,CYP,0.891,0.897,0.814,0.849,0.837,0.836
352,1997,Cyprus,156,CYP,0.891,0.897,0.814,0.849,0.835,0.836
352,1998,Cyprus,156,CYP,0.887,0.897,0.814,0.849,0.835,0.836
352,1999,Cyprus,156,CYP,0.887,0.897,0.818,0.853,0.839,0.81
352,2000,Cyprus,156,CYP,0.898,0.91,0.847,0.889,0.84,0.81
352,2001,Cyprus,156,CYP,0.907,0.91,0.847,0.887,0.841,0.81
352,2002,Cyprus,156,CYP,0.907,0.91,0.847,0.887,0.834,0.81
352,2003,Cyprus,156,CYP,0.907,0.91,0.847,0.887,0.791,0.81
352,2004,Cyprus,156,CYP,0.906,0.928,0.9,0.911,0.801,0.81
352,2005,Cyprus,156,CYP,0.907,0.928,0.9,0.91,0.804,0.81
352,2006,Cyprus,156,CYP,0.918,0.928,0.9,0.91,0.8,0.81
352,2007,Cyprus,156,CYP,0.919,0.928,0.909,0.912,0.811,0.81
352,2008,Cyprus,156,CYP,0.919,0.928,0.911,0.912,0.81,0.81
352,2009,Cyprus,156,CYP,0.919,0.928,0.919,0.911,0.798,0.81
352,2010,Cyprus,156,CYP,0.919,0.928,0.928,0.924,0.801,0.81
352,2011,Cyprus,156,CYP,0.919,0.934,0.928,0.923,0.797,0.81
352,2012,Cyprus,156,CYP,0.919,0.934,0.928,0.921,0.802,0.81
352,2013,Cyprus,156,CYP,0.918,0.921,0.945,0.931,0.796,0.8009999999999999
352,2014,Cyprus,156,CYP,0.918,0.921,0.945,0.928,0.799,0.8009999999999999
352,2015,Cyprus,156,CYP,0.918,0.922,0.945,0.936,0.797,0.8009999999999999
352,2016,Cyprus,156,CYP,0.918,0.922,0.945,0.934,0.802,0.8009999999999999
352,2017,Cyprus,156,CYP,0.918,0.932,0.948,0.917,0.813,0.7989999999999999
352,2018,Cyprus,156,CYP,0.916,0.916,0.948,0.916,0.811,0.7989999999999999
352,2019,Cyprus,156,CYP,0.916,0.916,0.933,0.924,0.746,0.7989999999999999
352,2020,Cyprus,156,CYP,0.916,0.913,0.925,0.86,0.805,0.7989999999999999
352,2021,Cyprus,156,CYP,0.915,0.922,0.912,0.844,0.753,0.7989999999999999
352,2022,Cyprus,156,CYP,0.915,0.88,0.923,0.831,0.765,0.7989999999999999
352,2023,Cyprus,156,CYP,0.916,0.884,0.932,0.824,0.748,0.789
352,2024,Cyprus,156,CYP,0.916,0.878,0.94,0.817,0.764,0.789
355,1968,Bulgaria,152,BGR,0.381,0.038,0.113,0.023,0.159,0.09599999999999997
355,1969,Bulgaria,152,BGR,0.382,0.038,0.113,0.023,0.157,0.09599999999999997
355,1970,Bulgaria,152,BGR,0.381,0.042,0.119,0.028,0.162,0.09599999999999997
355,1971,Bulgaria,152,BGR,0.376,0.042,0.124,0.031,0.158,0.09599999999999997
355,1972,Bulgaria,152,BGR,0.379,0.042,0.124,0.031,0.157,0.09599999999999997
355,1973,Bulgaria,152,BGR,0.378,0.042,0.124,0.031,0.16,0.09599999999999997
355,1974,Bulgaria,152,BGR,0.378,0.042,0.124,0.031,0.162,0.09599999999999997
355,1975,Bulgaria,152,BGR,0.378,0.092,0.124,0.031,0.16,0.09599999999999997
355,1976,Bulgaria,152,BGR,0.376,0.092,0.124,0.031,0.159,0.09599999999999997
355,1977,Bulgaria,152,BGR,0.375,0.092,0.124,0.031,0.158,0.09599999999999997
355,1978,Bulgaria,152,BGR,0.375,0.092,0.124,0.031,0.159,0.09599999999999997
355,1979,Bulgaria,152,BGR,0.376,0.092,0.124,0.031,0.16,0.09599999999999997
355,1980,Bulgaria,152,BGR,0.375,0.092,0.128,0.035,0.158,0.09599999999999997
355,1981,Bulgaria,152,BGR,0.378,0.092,0.128,0.035,0.159,0.09599999999999997
355,1982,Bulgaria,152,BGR,0.377,0.092,0.128,0.035,0.161,0.09599999999999997
355,1983,Bulgaria,152,BGR,0.379,0.092,0.128,0.035,0.159,0.09099999999999997
355,1984,Bulgaria,152,BGR,0.376,0.092,0.128,0.044,0.157,0.09099999999999997
355,1985,Bulgaria,152,BGR,0.378,0.104,0.128,0.045,0.161,0.09099999999999997
355,1986,Bulgaria,152,BGR,0.377,0.104,0.128,0.045,0.16,0.09099999999999997
355,1987,Bulgaria,152,BGR,0.377,0.118,0.128,0.045,0.158,0.09099999999999997
355,1988,Bulgaria,152,BGR,0.379,0.118,0.128,0.045,0.163,0.09099999999999997
355,1989,Bulgaria,152,BGR,0.377,0.118,0.134,0.056,0.161,0.09099999999999997
355,1990,Bulgaria,152,BGR,0.788,0.803,0.837,0.885,0.857,0.496
355,1991,Bulgaria,152,BGR,0.84,0.857,0.857,0.869,0.864,0.496
355,1992,Bulgaria,152,BGR,0.869,0.857,0.876,0.891,0.88,0.51
355,1993,Bulgaria,152,BGR,0.869,0.857,0.876,0.878,0.878,0.485
355,1994,Bulgaria,152,BGR,0.868,0.857,0.876,0.879,0.878,0.485
355,1995,Bulgaria,152,BGR,0.869,0.857,0.876,0.873,0.88,0.485
355,1996,Bulgaria,152,BGR,0.889,0.857,0.876,0.88,0.877,0.485
355,1997,Bulgaria,152,BGR,0.89,0.857,0.876,0.864,0.874,0.5509999999999999
355,1998,Bulgaria,152,BGR,0.89,0.841,0.89,0.854,0.878,0.613
355,1999,Bulgaria,152,BGR,0.889,0.841,0.89,0.874,0.879,0.613
355,2000,Bulgaria,152,BGR,0.889,0.841,0.903,0.88,0.877,0.613
355,2001,Bulgaria,152,BGR,0.891,0.841,0.903,0.87,0.874,0.641
355,2002,Bulgaria,152,BGR,0.894,0.841,0.912,0.877,0.854,0.641
355,2003,Bulgaria,152,BGR,0.894,0.841,0.912,0.877,0.856,0.641
355,2004,Bulgaria,152,BGR,0.895,0.841,0.911,0.872,0.88,0.641
355,2005,Bulgaria,152,BGR,0.878,0.841,0.911,0.863,0.876,0.641
355,2006,Bulgaria,152,BGR,0.892,0.841,0.916,0.866,0.88,0.6639999999999999
355,2007,Bulgaria,152,BGR,0.89,0.841,0.916,0.862,0.88,0.6799999999999999
355,2008,Bulgaria,152,BGR,0.891,0.841,0.919,0.872,0.882,0.655
355,2009,Bulgaria,152,BGR,0.863,0.84,0.894,0.848,0.858,0.511
355,2010,Bulgaria,152,BGR,0.863,0.844,0.89,0.839,0.856,0.5469999999999999
355,2011,Bulgaria,152,BGR,0.855,0.848,0.882,0.824,0.858,0.5469999999999999
355,2012,Bulgaria,152,BGR,0.855,0.847,0.882,0.813,0.863,0.5469999999999999
355,2013,Bulgaria,152,BGR,0.875,0.806,0.868,0.783,0.837,0.6
355,2014,Bulgaria,152,BGR,0.883,0.816,0.872,0.783,0.85,0.6
355,2015,Bulgaria,152,BGR,0.884,0.796,0.86,0.769,0.871,0.527
355,2016,Bulgaria,152,BGR,0.892,0.804,0.854,0.767,0.865,0.527
355,2017,Bulgaria,152,BGR,0.861,0.8,0.857,0.727,0.86,0.504
355,2018,Bulgaria,152,BGR,0.86,0.794,0.85,0.72,0.858,0.504
355,2019,Bulgaria,152,BGR,0.861,0.821,0.85,0.705,0.854,0.45699999999999996
355,2020,Bulgaria,152,BGR,0.86,0.812,0.859,0.696,0.86,0.45699999999999996
355,2021,Bulgaria,152,BGR,0.867,0.852,0.842,0.775,0.89,0.45799999999999996
355,2022,Bulgaria,152,BGR,0.876,0.828,0.901,0.811,0.944,0.6719999999999999
355,2023,Bulgaria,152,BGR,0.881,0.828,0.891,0.788,0.92,0.6719999999999999
355,2024,Bulgaria,152,BGR,0.847,0.828,0.753,0.804,0.866,0.516
359,1991,Moldova,126,MDA,0.692,0.635,0.631,0.723,0.58,0.366
359,1992,Moldova,126,MDA,0.696,0.612,0.645,0.748,0.661,0.33099999999999996
359,1993,Moldova,126,MDA,0.698,0.626,0.646,0.753,0.669,0.33099999999999996
359,1994,Moldova,126,MDA,0.817,0.67,0.685,0.693,0.65,0.28400000000000003
359,1995,Moldova,126,MDA,0.82,0.67,0.726,0.701,0.593,0.28400000000000003
359,1996,Moldova,126,MDA,0.821,0.67,0.726,0.701,0.598,0.28400000000000003
359,1997,Moldova,126,MDA,0.822,0.67,0.726,0.701,0.598,0.28400000000000003
359,1998,Moldova,126,MDA,0.805,0.685,0.726,0.701,0.741,0.259
359,1999,Moldova,126,MDA,0.825,0.685,0.759,0.69,0.813,0.28300000000000003
359,2000,Moldova,126,MDA,0.825,0.626,0.764,0.681,0.768,0.28300000000000003
359,2001,Moldova,126,MDA,0.807,0.493,0.746,0.592,0.51,0.33699999999999997
359,2002,Moldova,126,MDA,0.808,0.493,0.745,0.582,0.752,0.27
359,2003,Moldova,126,MDA,0.807,0.493,0.745,0.582,0.748,0.27
359,2004,Moldova,126,MDA,0.808,0.493,0.745,0.602,0.75,0.27
359,2005,Moldova,126,MDA,0.713,0.493,0.752,0.602,0.745,0.27
359,2006,Moldova,126,MDA,0.716,0.505,0.752,0.608,0.78,0.27
359,2007,Moldova,126,MDA,0.716,0.499,0.751,0.603,0.775,0.27
359,2008,Moldova,126,MDA,0.714,0.51,0.747,0.603,0.781,0.27
359,2009,Moldova,126,MDA,0.731,0.548,0.733,0.617,0.826,0.27
359,2010,Moldova,126,MDA,0.832,0.803,0.858,0.817,0.896,0.393
359,2011,Moldova,126,MDA,0.831,0.803,0.863,0.823,0.896,0.393
359,2012,Moldova,126,MDA,0.831,0.825,0.859,0.809,0.905,0.42500000000000004
359,2013,Moldova,126,MDA,0.833,0.793,0.819,0.765,0.904,0.362
359,2014,Moldova,126,MDA,0.799,0.793,0.805,0.774,0.903,0.362
359,2015,Moldova,126,MDA,0.794,0.738,0.826,0.731,0.89,0.31000000000000005
359,2016,Moldova,126,MDA,0.742,0.715,0.82,0.671,0.838,0.25
359,2017,Moldova,126,MDA,0.746,0.704,0.803,0.673,0.754,0.267
359,2018,Moldova,126,MDA,0.744,0.704,0.819,0.685,0.728,0.24
359,2019,Moldova,126,MDA,0.801,0.819,0.819,0.73,0.733,0.32799999999999996
359,2020,Moldova,126,MDA,0.834,0.848,0.791,0.825,0.828,0.43200000000000005
359,2021,Moldova,126,MDA,0.891,0.87,0.838,0.903,0.854,0.491
359,2022,Moldova,126,MDA,0.897,0.87,0.896,0.884,0.876,0.6639999999999999
359,2023,Moldova,126,MDA,0.895,0.87,0.896,0.805,0.855,0.607
359,2024,Moldova,126,MDA,0.816,0.775,0.868,0.701,0.82,0.663
360,1968,Romania,190,ROU,0.397,0.015,0.115,0.047,0.055,0.44999999999999996
360,1969,Romania,190,ROU,0.397,0.015,0.115,0.047,0.055,0.44999999999999996
360,1970,Romania,190,ROU,0.397,0.015,0.115,0.047,0.054,0.44999999999999996
360,1971,Romania,190,ROU,0.399,0.015,0.109,0.047,0.056,0.44999999999999996
360,1972,Romania,190,ROU,0.396,0.015,0.109,0.047,0.056,0.44999999999999996
360,1973,Romania,190,ROU,0.397,0.015,0.109,0.047,0.055,0.44999999999999996
360,1974,Romania,190,ROU,0.396,0.015,0.109,0.047,0.055,0.399
360,1975,Romania,190,ROU,0.389,0.015,0.109,0.047,0.055,0.399
360,1976,Romania,190,ROU,0.389,0.015,0.109,0.047,0.057,0.399
360,1977,Romania,190,ROU,0.39,0.015,0.109,0.047,0.054,0.399
360,1978,Romania,190,ROU,0.389,0.015,0.109,0.047,0.055,0.399
360,1979,Romania,190,ROU,0.39,0.015,0.109,0.047,0.055,0.399
360,1980,Romania,190,ROU,0.39,0.015,0.109,0.047,0.054,0.399
360,1981,Romania,190,ROU,0.39,0.015,0.109,0.047,0.055,0.399
360,1982,Romania,190,ROU,0.388,0.015,0.109,0.047,0.055,0.399
360,1983,Romania,190,ROU,0.39,0.015,0.109,0.047,0.057,0.399
360,1984,Romania,190,ROU,0.389,0.015,0.109,0.047,0.056,0.399
360,1985,Romania,190,ROU,0.39,0.015,0.109,0.047,0.056,0.399
360,1986,Romania,190,ROU,0.39,0.015,0.109,0.047,0.055,0.399
360,1987,Romania,190,ROU,0.389,0.015,0.109,0.047,0.057,0.399
360,1988,Romania,190,ROU,0.39,0.015,0.109,0.047,0.055,0.399
360,1989,Romania,190,ROU,0.39,0.015,0.109,0.047,0.056,0.31499999999999995
360,1990,Romania,190,ROU,0.766,0.766,0.736,0.73,0.479,0.34099999999999997
360,1991,Romania,190,ROU,0.766,0.766,0.754,0.766,0.506,0.34099999999999997
360,1992,Romania,190,ROU,0.758,0.766,0.793,0.786,0.552,0.34099999999999997
360,1993,Romania,190,ROU,0.757,0.766,0.804,0.82,0.652,0.34099999999999997
360,1994,Romania,190,ROU,0.758,0.766,0.804,0.82,0.655,0.34099999999999997
360,1995,Romania,190,ROU,0.759,0.766,0.804,0.82,0.661,0.34099999999999997
360,1996,Romania,190,ROU,0.806,0.789,0.831,0.827,0.666,0.34099999999999997
360,1997,Romania,190,ROU,0.803,0.875,0.831,0.864,0.656,0.34099999999999997
360,1998,Romania,190,ROU,0.802,0.875,0.831,0.864,0.659,0.34099999999999997
360,1999,Romania,190,ROU,0.803,0.875,0.831,0.864,0.64,0.34099999999999997
360,2000,Romania,190,ROU,0.831,0.875,0.832,0.836,0.647,0.235
360,2001,Romania,190,ROU,0.831,0.829,0.832,0.773,0.648,0.31100000000000005
360,2002,Romania,190,ROU,0.832,0.829,0.832,0.773,0.65,0.31100000000000005
360,2003,Romania,190,ROU,0.84,0.829,0.832,0.773,0.659,0.31100000000000005
360,2004,Romania,190,ROU,0.791,0.829,0.841,0.78,0.672,0.31100000000000005
360,2005,Romania,190,ROU,0.81,0.873,0.841,0.857,0.71,0.31100000000000005
360,2006,Romania,190,ROU,0.813,0.873,0.841,0.85,0.713,0.357
360,2007,Romania,190,ROU,0.813,0.873,0.863,0.853,0.726,0.37
360,2008,Romania,190,ROU,0.849,0.881,0.863,0.86,0.746,0.37
360,2009,Romania,190,ROU,0.853,0.883,0.863,0.865,0.752,0.391
360,2010,Romania,190,ROU,0.853,0.881,0.88,0.883,0.759,0.391
360,2011,Romania,190,ROU,0.854,0.881,0.88,0.888,0.762,0.391
360,2012,Romania,190,ROU,0.847,0.881,0.88,0.866,0.746,0.4
360,2013,Romania,190,ROU,0.849,0.881,0.89,0.856,0.792,0.489
360,2014,Romania,190,ROU,0.863,0.881,0.89,0.856,0.799,0.5780000000000001
360,2015,Romania,190,ROU,0.865,0.881,0.905,0.867,0.818,0.5780000000000001
360,2016,Romania,190,ROU,0.887,0.88,0.91,0.891,0.823,0.585
360,2017,Romania,190,ROU,0.885,0.749,0.858,0.784,0.673,0.503
360,2018,Romania,190,ROU,0.88,0.724,0.861,0.783,0.6,0.503
360,2019,Romania,190,ROU,0.919,0.789,0.879,0.86,0.657,0.617
360,2020,Romania,190,ROU,0.879,0.852,0.842,0.909,0.803,0.671
360,2021,Romania,190,ROU,0.87,0.867,0.851,0.909,0.751,0.8029999999999999
360,2022,Romania,190,ROU,0.877,0.846,0.843,0.76,0.707,0.78
360,2023,Romania,190,ROU,0.867,0.861,0.846,0.761,0.651,0.7090000000000001
360,2024,Romania,190,ROU,0.767,0.861,0.814,0.728,0.587,0.6739999999999999
365,1968,Russia,11,RUS,0.358,0.025,0.093,0.027,0.073,0.41900000000000004
365,1969,Russia,11,RUS,0.358,0.025,0.092,0.025,0.073,0.41900000000000004
365,1970,Russia,11,RUS,0.354,0.024,0.094,0.025,0.073,0.377
365,1971,Russia,11,RUS,0.353,0.024,0.098,0.027,0.075,0.377
365,1972,Russia,11,RUS,0.353,0.024,0.095,0.025,0.071,0.377
365,1973,Russia,11,RUS,0.354,0.024,0.095,0.025,0.073,0.377
365,1974,Russia,11,RUS,0.353,0.024,0.093,0.025,0.072,0.377
365,1975,Russia,11,RUS,0.352,0.024,0.093,0.027,0.071,0.377
365,1976,Russia,11,RUS,0.353,0.024,0.094,0.026,0.074,0.377
365,1977,Russia,11,RUS,0.355,0.024,0.096,0.025,0.073,0.377
365,1978,Russia,11,RUS,0.354,0.024,0.096,0.025,0.073,0.377
365,1979,Russia,11,RUS,0.354,0.024,0.094,0.025,0.072,0.377
365,1980,Russia,11,RUS,0.354,0.024,0.099,0.025,0.114,0.377
365,1981,Russia,11,RUS,0.354,0.024,0.1,0.025,0.114,0.377
365,1982,Russia,11,RUS,0.354,0.024,0.098,0.025,0.114,0.406
365,1983,Russia,11,RUS,0.353,0.024,0.09,0.025,0.113,0.406
365,1984,Russia,11,RUS,0.354,0.024,0.09,0.025,0.115,0.406
365,1985,Russia,11,RUS,0.353,0.06,0.106,0.038,0.111,0.406
365,1986,Russia,11,RUS,0.354,0.157,0.154,0.087,0.148,0.406
365,1987,Russia,11,RUS,0.353,0.233,0.162,0.284,0.128,0.384
365,1988,Russia,11,RUS,0.352,0.245,0.167,0.294,0.133,0.384
365,1989,Russia,11,RUS,0.539,0.26,0.17,0.363,0.285,0.384
365,1990,Russia,11,RUS,0.667,0.309,0.215,0.566,0.374,0.384
365,1991,Russia,11,RUS,0.708,0.346,0.287,0.593,0.505,0.257
365,1992,Russia,11,RUS,0.73,0.682,0.614,0.814,0.618,0.20099999999999996
365,1993,Russia,11,RUS,0.714,0.682,0.614,0.814,0.598,0.20099999999999996
365,1994,Russia,11,RUS,0.717,0.682,0.642,0.814,0.602,0.14200000000000002
365,1995,Russia,11,RUS,0.717,0.682,0.643,0.801,0.605,0.14200000000000002
365,1996,Russia,11,RUS,0.702,0.682,0.652,0.798,0.602,0.14200000000000002
365,1997,Russia,11,RUS,0.7,0.682,0.646,0.804,0.594,0.14200000000000002
365,1998,Russia,11,RUS,0.702,0.682,0.646,0.804,0.597,0.14200000000000002
365,1999,Russia,11,RUS,0.725,0.682,0.634,0.804,0.588,0.14200000000000002
365,2000,Russia,11,RUS,0.713,0.567,0.596,0.601,0.444,0.16100000000000003
365,2001,Russia,11,RUS,0.709,0.514,0.595,0.534,0.425,0.16100000000000003
365,2002,Russia,11,RUS,0.695,0.502,0.583,0.516,0.332,0.16100000000000003
365,2003,Russia,11,RUS,0.659,0.492,0.53,0.477,0.332,0.16100000000000003
365,2004,Russia,11,RUS,0.661,0.469,0.546,0.458,0.312,0.256
365,2005,Russia,11,RUS,0.66,0.456,0.543,0.452,0.285,0.256
365,2006,Russia,11,RUS,0.662,0.461,0.537,0.45,0.29,0.256
365,2007,Russia,11,RUS,0.627,0.443,0.531,0.446,0.263,0.256
365,2008,Russia,11,RUS,0.631,0.439,0.541,0.427,0.241,0.256
365,2009,Russia,11,RUS,0.632,0.445,0.544,0.443,0.241,0.256
365,2010,Russia,11,RUS,0.635,0.447,0.555,0.437,0.214,0.256
365,2011,Russia,11,RUS,0.601,0.409,0.556,0.424,0.223,0.256
365,2012,Russia,11,RUS,0.607,0.34,0.519,0.373,0.208,0.256
365,2013,Russia,11,RUS,0.608,0.322,0.512,0.357,0.183,0.32799999999999996
365,2014,Russia,11,RUS,0.601,0.31,0.488,0.318,0.18,0.32799999999999996
365,2015,Russia,11,RUS,0.605,0.31,0.483,0.313,0.181,0.32799999999999996
365,2016,Russia,11,RUS,0.598,0.31,0.481,0.303,0.176,0.32799999999999996
365,2017,Russia,11,RUS,0.594,0.31,0.467,0.306,0.183,0.32799999999999996
365,2018,Russia,11,RUS,0.601,0.309,0.474,0.309,0.181,0.32799999999999996
365,2019,Russia,11,RUS,0.598,0.303,0.471,0.302,0.184,0.32799999999999996
365,2020,Russia,11,RUS,0.586,0.302,0.431,0.287,0.173,0.32799999999999996
365,2021,Russia,11,RUS,0.533,0.246,0.427,0.267,0.175,0.32799999999999996
365,2022,Russia,11,RUS,0.523,0.127,0.319,0.148,0.14,0.28900000000000003
365,2023,Russia,11,RUS,0.504,0.077,0.306,0.091,0.118,0.235
365,2024,Russia,11,RUS,0.417,0.037,0.291,0.079,0.115,0.21899999999999997
366,1991,Estonia,161,EST,0.872,0.871,0.898,0.94,0.873,0.891
366,1992,Estonia,161,EST,0.935,0.9,0.911,0.958,0.915,0.891
366,1993,Estonia,161,EST,0.936,0.947,0.922,0.958,0.938,0.891
366,1994,Estonia,161,EST,0.935,0.947,0.92,0.958,0.941,0.891
366,1995,Estonia,161,EST,0.935,0.947,0.934,0.958,0.941,0.891
366,1996,Estonia,161,EST,0.935,0.947,0.95,0.958,0.94,0.891
366,1997,Estonia,161,EST,0.936,0.947,0.954,0.958,0.942,0.891
366,1998,Estonia,161,EST,0.935,0.947,0.954,0.958,0.941,0.856
366,1999,Estonia,161,EST,0.935,0.947,0.962,0.958,0.94,0.898
366,2000,Estonia,161,EST,0.935,0.947,0.965,0.958,0.943,0.898
366,2001,Estonia,161,EST,0.936,0.947,0.965,0.958,0.945,0.898
366,2002,Estonia,161,EST,0.935,0.947,0.968,0.958,0.946,0.898
366,2003,Estonia,161,EST,0.935,0.949,0.968,0.958,0.945,0.898
366,2004,Estonia,161,EST,0.936,0.949,0.968,0.96,0.945,0.9299999999999999
366,2005,Estonia,161,EST,0.935,0.949,0.968,0.96,0.944,0.956
366,2006,Estonia,161,EST,0.936,0.949,0.969,0.96,0.943,0.956
366,2007,Estonia,161,EST,0.934,0.949,0.972,0.96,0.941,0.956
366,2008,Estonia,161,EST,0.934,0.956,0.972,0.96,0.939,0.956
366,2009,Estonia,161,EST,0.934,0.956,0.974,0.962,0.941,0.956
366,2010,Estonia,161,EST,0.936,0.956,0.976,0.967,0.967,0.963
366,2011,Estonia,161,EST,0.944,0.956,0.976,0.967,0.967,0.963
366,2012,Estonia,161,EST,0.944,0.956,0.976,0.967,0.962,0.963
366,2013,Estonia,161,EST,0.937,0.967,0.979,0.966,0.968,0.963
366,2014,Estonia,161,EST,0.938,0.966,0.979,0.964,0.968,0.963
366,2015,Estonia,161,EST,0.941,0.966,0.979,0.964,0.968,0.963
366,2016,Estonia,161,EST,0.948,0.966,0.979,0.975,0.969,0.963
366,2017,Estonia,161,EST,0.949,0.966,0.978,0.971,0.968,0.963
366,2018,Estonia,161,EST,0.948,0.966,0.978,0.972,0.975,0.943
366,2019,Estonia,161,EST,0.944,0.966,0.974,0.966,0.967,0.96
366,2020,Estonia,161,EST,0.942,0.966,0.976,0.97,0.964,0.96
366,2021,Estonia,161,EST,0.943,0.969,0.977,0.973,0.965,0.96
366,2022,Estonia,161,EST,0.943,0.966,0.979,0.969,0.968,0.96
366,2023,Estonia,161,EST,0.939,0.965,0.979,0.969,0.966,0.96
366,2024,Estonia,161,EST,0.939,0.965,0.977,0.969,0.969,0.96
367,1991,Latvia,84,LVA,0.789,0.79,0.854,0.93,0.816,0.825
367,1992,Latvia,84,LVA,0.798,0.801,0.868,0.932,0.817,0.825
367,1993,Latvia,84,LVA,0.882,0.841,0.893,0.935,0.827,0.825
367,1994,Latvia,84,LVA,0.894,0.847,0.918,0.938,0.824,0.825
367,1995,Latvia,84,LVA,0.895,0.878,0.918,0.934,0.803,0.838
367,1996,Latvia,84,LVA,0.895,0.878,0.918,0.937,0.815,0.838
367,1997,Latvia,84,LVA,0.904,0.878,0.918,0.937,0.815,0.838
367,1998,Latvia,84,LVA,0.904,0.878,0.918,0.935,0.814,0.838
367,1999,Latvia,84,LVA,0.904,0.878,0.918,0.939,0.814,0.847
367,2000,Latvia,84,LVA,0.904,0.878,0.92,0.939,0.822,0.84
367,2001,Latvia,84,LVA,0.904,0.878,0.92,0.939,0.822,0.84
367,2002,Latvia,84,LVA,0.904,0.878,0.92,0.935,0.849,0.862
367,2003,Latvia,84,LVA,0.903,0.878,0.92,0.939,0.848,0.882
367,2004,Latvia,84,LVA,0.903,0.898,0.923,0.939,0.847,0.893
367,2005,Latvia,84,LVA,0.904,0.892,0.923,0.939,0.823,0.897
367,2006,Latvia,84,LVA,0.881,0.892,0.927,0.936,0.821,0.897
367,2007,Latvia,84,LVA,0.882,0.892,0.936,0.937,0.829,0.905
367,2008,Latvia,84,LVA,0.881,0.892,0.938,0.937,0.842,0.911
367,2009,Latvia,84,LVA,0.881,0.893,0.938,0.939,0.866,0.911
367,2010,Latvia,84,LVA,0.906,0.893,0.955,0.937,0.86,0.917
367,2011,Latvia,84,LVA,0.908,0.893,0.957,0.942,0.859,0.917
367,2012,Latvia,84,LVA,0.908,0.893,0.958,0.941,0.872,0.921
367,2013,Latvia,84,LVA,0.91,0.922,0.954,0.946,0.886,0.9390000000000001
367,2014,Latvia,84,LVA,0.92,0.922,0.956,0.95,0.888,0.9390000000000001
367,2015,Latvia,84,LVA,0.921,0.922,0.957,0.95,0.89,0.9390000000000001
367,2016,Latvia,84,LVA,0.918,0.922,0.93,0.946,0.888,0.885
367,2017,Latvia,84,LVA,0.919,0.919,0.946,0.935,0.887,0.885
367,2018,Latvia,84,LVA,0.907,0.919,0.946,0.946,0.89,0.885
367,2019,Latvia,84,LVA,0.911,0.919,0.949,0.954,0.89,0.915
367,2020,Latvia,84,LVA,0.91,0.914,0.953,0.942,0.891,0.915
367,2021,Latvia,84,LVA,0.913,0.911,0.971,0.952,0.875,0.915
367,2022,Latvia,84,LVA,0.931,0.894,0.972,0.938,0.88,0.915
367,2023,Latvia,84,LVA,0.931,0.901,0.96,0.939,0.92,0.915
367,2024,Latvia,84,LVA,0.924,0.915,0.974,0.929,0.923,0.915
368,1991,Lithuania,173,LTU,0.907,0.854,0.899,0.873,0.978,0.836
368,1992,Lithuania,173,LTU,0.906,0.85,0.916,0.889,0.979,0.836
368,1993,Lithuania,173,LTU,0.92,0.831,0.921,0.903,0.953,0.862
368,1994,Lithuania,173,LTU,0.92,0.831,0.921,0.929,0.953,0.862
368,1995,Lithuania,173,LTU,0.919,0.831,0.921,0.929,0.954,0.862
368,1996,Lithuania,173,LTU,0.92,0.831,0.924,0.925,0.954,0.862
368,1997,Lithuania,173,LTU,0.92,0.831,0.928,0.931,0.953,0.862
368,1998,Lithuania,173,LTU,0.916,0.831,0.928,0.931,0.953,0.862
368,1999,Lithuania,173,LTU,0.917,0.831,0.928,0.936,0.954,0.862
368,2000,Lithuania,173,LTU,0.914,0.842,0.927,0.928,0.957,0.862
368,2001,Lithuania,173,LTU,0.914,0.842,0.945,0.931,0.956,0.869
368,2002,Lithuania,173,LTU,0.913,0.847,0.945,0.931,0.955,0.869
368,2003,Lithuania,173,LTU,0.912,0.847,0.945,0.931,0.947,0.869
368,2004,Lithuania,173,LTU,0.903,0.847,0.944,0.946,0.956,0.869
368,2005,Lithuania,173,LTU,0.903,0.847,0.945,0.954,0.957,0.869
368,2006,Lithuania,173,LTU,0.903,0.847,0.949,0.955,0.952,0.869
368,2007,Lithuania,173,LTU,0.903,0.847,0.953,0.955,0.951,0.885
368,2008,Lithuania,173,LTU,0.925,0.847,0.957,0.951,0.949,0.885
368,2009,Lithuania,173,LTU,0.925,0.847,0.957,0.96,0.951,0.885
368,2010,Lithuania,173,LTU,0.924,0.847,0.963,0.963,0.952,0.885
368,2011,Lithuania,173,LTU,0.923,0.847,0.963,0.959,0.953,0.885
368,2012,Lithuania,173,LTU,0.916,0.847,0.963,0.955,0.952,0.885
368,2013,Lithuania,173,LTU,0.919,0.832,0.958,0.947,0.954,0.885
368,2014,Lithuania,173,LTU,0.925,0.844,0.958,0.944,0.954,0.895
368,2015,Lithuania,173,LTU,0.926,0.844,0.958,0.952,0.954,0.919
368,2016,Lithuania,173,LTU,0.916,0.844,0.959,0.941,0.965,0.919
368,2017,Lithuania,173,LTU,0.917,0.811,0.956,0.921,0.964,0.874
368,2018,Lithuania,173,LTU,0.918,0.85,0.955,0.925,0.954,0.852
368,2019,Lithuania,173,LTU,0.916,0.85,0.945,0.934,0.958,0.916
368,2020,Lithuania,173,LTU,0.891,0.85,0.94,0.932,0.976,0.885
368,2021,Lithuania,173,LTU,0.894,0.839,0.915,0.929,0.98,0.899
368,2022,Lithuania,173,LTU,0.892,0.85,0.936,0.929,0.979,0.899
368,2023,Lithuania,173,LTU,0.896,0.85,0.936,0.909,0.978,0.86
368,2024,Lithuania,173,LTU,0.887,0.85,0.929,0.936,0.972,0.8260000000000001
369,1991,Ukraine,100,UKR,0.717,0.582,0.723,0.731,0.404,0.33899999999999997
369,1992,Ukraine,100,UKR,0.751,0.625,0.703,0.803,0.542,0.273
369,1993,Ukraine,100,UKR,0.751,0.625,0.718,0.803,0.685,0.21699999999999997
369,1994,Ukraine,100,UKR,0.758,0.629,0.728,0.811,0.682,0.11699999999999999
369,1995,Ukraine,100,UKR,0.748,0.615,0.732,0.81,0.52,0.07999999999999996
369,1996,Ukraine,100,UKR,0.757,0.631,0.718,0.787,0.569,0.07999999999999996
369,1997,Ukraine,100,UKR,0.755,0.583,0.717,0.778,0.482,0.07999999999999996
369,1998,Ukraine,100,UKR,0.676,0.583,0.716,0.697,0.471,0.07999999999999996
369,1999,Ukraine,100,UKR,0.632,0.583,0.692,0.697,0.498,0.07999999999999996
369,2000,Ukraine,100,UKR,0.638,0.553,0.714,0.612,0.499,0.14300000000000002
369,2001,Ukraine,100,UKR,0.638,0.553,0.72,0.6,0.547,0.14300000000000002
369,2002,Ukraine,100,UKR,0.671,0.553,0.734,0.565,0.566,0.14300000000000002
369,2003,Ukraine,100,UKR,0.664,0.569,0.725,0.565,0.636,0.121
369,2004,Ukraine,100,UKR,0.545,0.6,0.71,0.591,0.693,0.254
369,2005,Ukraine,100,UKR,0.656,0.76,0.745,0.815,0.561,0.28700000000000003
369,2006,Ukraine,100,UKR,0.794,0.74,0.781,0.849,0.611,0.237
369,2007,Ukraine,100,UKR,0.786,0.757,0.788,0.854,0.626,0.246
369,2008,Ukraine,100,UKR,0.791,0.757,0.793,0.863,0.591,0.263
369,2009,Ukraine,100,UKR,0.791,0.747,0.796,0.863,0.609,0.22599999999999998
369,2010,Ukraine,100,UKR,0.733,0.677,0.703,0.721,0.446,0.21799999999999997
369,2011,Ukraine,100,UKR,0.734,0.68,0.724,0.718,0.405,0.21799999999999997
369,2012,Ukraine,100,UKR,0.692,0.68,0.724,0.709,0.399,0.21799999999999997
369,2013,Ukraine,100,UKR,0.701,0.687,0.706,0.701,0.42,0.24
369,2014,Ukraine,100,UKR,0.677,0.698,0.538,0.636,0.438,0.31399999999999995
369,2015,Ukraine,100,UKR,0.685,0.744,0.553,0.659,0.479,0.33099999999999996
369,2016,Ukraine,100,UKR,0.688,0.744,0.601,0.668,0.475,0.351
369,2017,Ukraine,100,UKR,0.69,0.743,0.613,0.682,0.474,0.357
369,2018,Ukraine,100,UKR,0.685,0.736,0.631,0.7,0.484,0.388
369,2019,Ukraine,100,UKR,0.795,0.721,0.655,0.76,0.565,0.48
369,2020,Ukraine,100,UKR,0.781,0.742,0.688,0.775,0.531,0.41800000000000004
369,2021,Ukraine,100,UKR,0.781,0.759,0.69,0.752,0.545,0.41500000000000004
369,2022,Ukraine,100,UKR,0.771,0.684,0.579,0.47,0.607,0.569
369,2023,Ukraine,100,UKR,0.773,0.713,0.592,0.433,0.611,0.534
369,2024,Ukraine,100,UKR,0.771,0.703,0.517,0.417,0.613,0.534
370,1991,Belarus,107,BLR,0.729,0.703,0.678,0.688,0.807,0.529
370,1992,Belarus,107,BLR,0.749,0.779,0.82,0.755,0.812,0.529
370,1993,Belarus,107,BLR,0.747,0.708,0.824,0.764,0.814,0.529
370,1994,Belarus,107,BLR,0.784,0.633,0.809,0.764,0.731,0.529
370,1995,Belarus,107,BLR,0.737,0.561,0.771,0.679,0.715,0.5609999999999999
370,1996,Belarus,107,BLR,0.738,0.496,0.608,0.572,0.354,0.5609999999999999
370,1997,Belarus,107,BLR,0.652,0.451,0.648,0.458,0.06,0.5609999999999999
370,1998,Belarus,107,BLR,0.652,0.46,0.654,0.366,0.059,0.5609999999999999
370,1999,Belarus,107,BLR,0.654,0.46,0.536,0.298,0.059,0.6699999999999999
370,2000,Belarus,107,BLR,0.437,0.364,0.559,0.269,0.059,0.6699999999999999
370,2001,Belarus,107,BLR,0.461,0.308,0.644,0.255,0.059,0.718
370,2002,Belarus,107,BLR,0.462,0.281,0.625,0.242,0.058,0.718
370,2003,Belarus,107,BLR,0.46,0.281,0.613,0.236,0.058,0.718
370,2004,Belarus,107,BLR,0.414,0.278,0.613,0.236,0.053,0.718
370,2005,Belarus,107,BLR,0.41,0.278,0.621,0.238,0.055,0.718
370,2006,Belarus,107,BLR,0.4,0.274,0.625,0.214,0.054,0.718
370,2007,Belarus,107,BLR,0.399,0.274,0.633,0.2,0.053,0.718
370,2008,Belarus,107,BLR,0.414,0.269,0.648,0.213,0.054,0.718
370,2009,Belarus,107,BLR,0.414,0.272,0.648,0.206,0.054,0.718
370,2010,Belarus,107,BLR,0.386,0.252,0.632,0.205,0.052,0.718
370,2011,Belarus,107,BLR,0.386,0.253,0.633,0.187,0.052,0.718
370,2012,Belarus,107,BLR,0.441,0.253,0.62,0.198,0.053,0.718
370,2013,Belarus,107,BLR,0.443,0.257,0.634,0.261,0.064,0.716
370,2014,Belarus,107,BLR,0.44,0.257,0.628,0.27,0.063,0.716
370,2015,Belarus,107,BLR,0.452,0.289,0.635,0.291,0.064,0.716
370,2016,Belarus,107,BLR,0.454,0.338,0.649,0.306,0.077,0.719
370,2017,Belarus,107,BLR,0.456,0.312,0.669,0.303,0.076,0.719
370,2018,Belarus,107,BLR,0.453,0.318,0.673,0.321,0.074,0.719
370,2019,Belarus,107,BLR,0.446,0.332,0.682,0.309,0.072,0.725
370,2020,Belarus,107,BLR,0.37,0.265,0.177,0.135,0.041,0.725
370,2021,Belarus,107,BLR,0.372,0.015,0.15,0.057,0.04,0.725
370,2022,Belarus,107,BLR,0.372,0.012,0.166,0.052,0.04,0.725
370,2023,Belarus,107,BLR,0.365,0.012,0.184,0.032,0.033,0.696
370,2024,Belarus,107,BLR,0.354,0.012,0.19,0.029,0.033,0.696
371,1991,Armenia,105,ARM,0.822,0.753,0.741,0.751,0.422,0.5860000000000001
371,1992,Armenia,105,ARM,0.821,0.753,0.707,0.747,0.408,0.5860000000000001
371,1993,Armenia,105,ARM,0.821,0.753,0.686,0.743,0.412,0.5860000000000001
371,1994,Armenia,105,ARM,0.821,0.753,0.686,0.721,0.408,0.5860000000000001
371,1995,Armenia,105,ARM,0.654,0.752,0.723,0.693,0.389,0.518
371,1996,Armenia,105,ARM,0.643,0.736,0.723,0.678,0.368,0.356
371,1997,Armenia,105,ARM,0.65,0.736,0.716,0.654,0.366,0.356
371,1998,Armenia,105,ARM,0.658,0.758,0.688,0.631,0.323,0.396
371,1999,Armenia,105,ARM,0.675,0.758,0.683,0.608,0.28,0.396
371,2000,Armenia,105,ARM,0.67,0.758,0.681,0.622,0.29,0.33899999999999997
371,2001,Armenia,105,ARM,0.669,0.758,0.707,0.624,0.294,0.21999999999999997
371,2002,Armenia,105,ARM,0.669,0.758,0.716,0.589,0.283,0.21999999999999997
371,2003,Armenia,105,ARM,0.562,0.765,0.72,0.587,0.297,0.21999999999999997
371,2004,Armenia,105,ARM,0.562,0.752,0.708,0.587,0.305,0.21999999999999997
371,2005,Armenia,105,ARM,0.563,0.757,0.736,0.587,0.303,0.21999999999999997
371,2006,Armenia,105,ARM,0.562,0.757,0.736,0.587,0.308,0.21999999999999997
371,2007,Armenia,105,ARM,0.586,0.757,0.74,0.566,0.309,0.21999999999999997
371,2008,Armenia,105,ARM,0.527,0.656,0.699,0.524,0.314,0.255
371,2009,Armenia,105,ARM,0.532,0.753,0.76,0.553,0.308,0.255
371,2010,Armenia,105,ARM,0.535,0.768,0.794,0.615,0.311,0.255
371,2011,Armenia,105,ARM,0.534,0.78,0.794,0.627,0.313,0.255
371,2012,Armenia,105,ARM,0.596,0.765,0.794,0.633,0.312,0.271
371,2013,Armenia,105,ARM,0.572,0.741,0.798,0.606,0.352,0.29000000000000004
371,2014,Armenia,105,ARM,0.575,0.705,0.8,0.627,0.348,0.29000000000000004
371,2015,Armenia,105,ARM,0.572,0.761,0.794,0.608,0.348,0.29000000000000004
371,2016,Armenia,105,ARM,0.573,0.771,0.79,0.623,0.354,0.29000000000000004
371,2017,Armenia,105,ARM,0.649,0.776,0.791,0.612,0.358,0.31999999999999995
371,2018,Armenia,105,ARM,0.927,0.862,0.891,0.775,0.744,0.6759999999999999
371,2019,Armenia,105,ARM,0.926,0.911,0.909,0.865,0.709,0.8009999999999999
371,2020,Armenia,105,ARM,0.91,0.929,0.898,0.865,0.678,0.736
371,2021,Armenia,105,ARM,0.838,0.934,0.874,0.829,0.665,0.736
371,2022,Armenia,105,ARM,0.81,0.934,0.883,0.817,0.6,0.736
371,2023,Armenia,105,ARM,0.817,0.929,0.845,0.749,0.562,0.677
371,2024,Armenia,105,ARM,0.818,0.936,0.84,0.731,0.604,0.677
372,1991,Georgia,118,GEO,0.614,0.636,0.402,0.46,0.202,0.22199999999999998
372,1992,Georgia,118,GEO,0.61,0.706,0.442,0.56,0.207,0.17900000000000005
372,1993,Georgia,118,GEO,0.621,0.733,0.438,0.565,0.217,0.09699999999999998
372,1994,Georgia,118,GEO,0.606,0.784,0.474,0.604,0.215,0.09699999999999998
372,1995,Georgia,118,GEO,0.62,0.779,0.519,0.608,0.255,0.09699999999999998
372,1996,Georgia,118,GEO,0.617,0.779,0.54,0.654,0.36,0.09699999999999998
372,1997,Georgia,118,GEO,0.617,0.779,0.529,0.643,0.355,0.09699999999999998
372,1998,Georgia,118,GEO,0.619,0.779,0.546,0.644,0.363,0.09699999999999998
372,1999,Georgia,118,GEO,0.599,0.779,0.546,0.644,0.381,0.122
372,2000,Georgia,118,GEO,0.602,0.779,0.546,0.668,0.353,0.14500000000000002
372,2001,Georgia,118,GEO,0.602,0.779,0.546,0.698,0.353,0.14500000000000002
372,2002,Georgia,118,GEO,0.602,0.772,0.546,0.698,0.353,0.14500000000000002
372,2003,Georgia,118,GEO,0.606,0.769,0.546,0.693,0.455,0.14500000000000002
372,2004,Georgia,118,GEO,0.763,0.889,0.747,0.724,0.607,0.89
372,2005,Georgia,118,GEO,0.763,0.885,0.771,0.725,0.622,0.9359999999999999
372,2006,Georgia,118,GEO,0.761,0.888,0.763,0.723,0.629,0.957
372,2007,Georgia,118,GEO,0.763,0.839,0.76,0.709,0.63,0.965
372,2008,Georgia,118,GEO,0.729,0.845,0.741,0.696,0.623,0.969
372,2009,Georgia,118,GEO,0.729,0.848,0.734,0.694,0.63,0.972
372,2010,Georgia,118,GEO,0.734,0.87,0.751,0.697,0.627,0.972
372,2011,Georgia,118,GEO,0.736,0.872,0.75,0.697,0.632,0.972
372,2012,Georgia,118,GEO,0.766,0.848,0.766,0.72,0.643,0.964
372,2013,Georgia,118,GEO,0.818,0.867,0.787,0.892,0.723,0.9390000000000001
372,2014,Georgia,118,GEO,0.817,0.868,0.789,0.905,0.737,0.915
372,2015,Georgia,118,GEO,0.815,0.91,0.839,0.91,0.747,0.903
372,2016,Georgia,118,GEO,0.817,0.873,0.868,0.9,0.735,0.903
372,2017,Georgia,118,GEO,0.819,0.929,0.861,0.883,0.74,0.896
372,2018,Georgia,118,GEO,0.791,0.925,0.884,0.886,0.808,0.874
372,2019,Georgia,118,GEO,0.788,0.917,0.864,0.889,0.802,0.874
372,2020,Georgia,118,GEO,0.778,0.924,0.868,0.867,0.777,0.864
372,2021,Georgia,118,GEO,0.774,0.922,0.844,0.867,0.778,0.872
372,2022,Georgia,118,GEO,0.773,0.915,0.852,0.879,0.794,0.877
372,2023,Georgia,118,GEO,0.777,0.806,0.859,0.853,0.804,0.877
372,2024,Georgia,118,GEO,0.657,0.676,0.753,0.704,0.662,0.866
373,1991,Azerbaijan,106,AZE,0.433,0.317,0.385,0.216,0.285,0.398
373,1992,Azerbaijan,106,AZE,0.768,0.33,0.584,0.369,0.344,0.43100000000000005
373,1993,Azerbaijan,106,AZE,0.563,0.298,0.577,0.323,0.161,0.17800000000000005
373,1994,Azerbaijan,106,AZE,0.522,0.332,0.378,0.253,0.132,0.03700000000000003
373,1995,Azerbaijan,106,AZE,0.452,0.332,0.378,0.253,0.1,0.03700000000000003
373,1996,Azerbaijan,106,AZE,0.452,0.332,0.408,0.253,0.099,0.03700000000000003
373,1997,Azerbaijan,106,AZE,0.458,0.332,0.408,0.253,0.097,0.03700000000000003
373,1998,Azerbaijan,106,AZE,0.448,0.332,0.391,0.273,0.095,0.03700000000000003
373,1999,Azerbaijan,106,AZE,0.449,0.293,0.391,0.273,0.074,0.03700000000000003
373,2000,Azerbaijan,106,AZE,0.435,0.293,0.404,0.311,0.074,0.03700000000000003
373,2001,Azerbaijan,106,AZE,0.431,0.293,0.404,0.301,0.076,0.03700000000000003
373,2002,Azerbaijan,106,AZE,0.433,0.293,0.404,0.29,0.077,0.03700000000000003
373,2003,Azerbaijan,106,AZE,0.423,0.296,0.36,0.284,0.076,0.03700000000000003
373,2004,Azerbaijan,106,AZE,0.423,0.279,0.386,0.237,0.075,0.03700000000000003
373,2005,Azerbaijan,106,AZE,0.434,0.279,0.381,0.237,0.08,0.03700000000000003
373,2006,Azerbaijan,106,AZE,0.42,0.279,0.37,0.233,0.083,0.03700000000000003
373,2007,Azerbaijan,106,AZE,0.42,0.279,0.37,0.219,0.082,0.03700000000000003
373,2008,Azerbaijan,106,AZE,0.408,0.255,0.37,0.206,0.081,0.04200000000000004
373,2009,Azerbaijan,106,AZE,0.408,0.264,0.377,0.199,0.081,0.04200000000000004
373,2010,Azerbaijan,106,AZE,0.401,0.237,0.356,0.208,0.08,0.061000000000000054
373,2011,Azerbaijan,106,AZE,0.402,0.233,0.35,0.188,0.081,0.061000000000000054
373,2012,Azerbaijan,106,AZE,0.404,0.22,0.35,0.178,0.08,0.07399999999999995
373,2013,Azerbaijan,106,AZE,0.362,0.236,0.392,0.185,0.074,0.09299999999999997
373,2014,Azerbaijan,106,AZE,0.363,0.167,0.376,0.174,0.075,0.09299999999999997
373,2015,Azerbaijan,106,AZE,0.368,0.147,0.376,0.166,0.075,0.09299999999999997
373,2016,Azerbaijan,106,AZE,0.363,0.138,0.334,0.211,0.071,0.09499999999999997
373,2017,Azerbaijan,106,AZE,0.366,0.226,0.394,0.184,0.076,0.08699999999999997
373,2018,Azerbaijan,106,AZE,0.355,0.104,0.335,0.167,0.059,0.08699999999999997
373,2019,Azerbaijan,106,AZE,0.353,0.147,0.361,0.169,0.065,0.10899999999999999
373,2020,Azerbaijan,106,AZE,0.368,0.19,0.357,0.147,0.091,0.09399999999999997
373,2021,Azerbaijan,106,AZE,0.368,0.224,0.368,0.151,0.095,0.18400000000000005
373,2022,Azerbaijan,106,AZE,0.367,0.088,0.361,0.152,0.08,0.17500000000000004
373,2023,Azerbaijan,106,AZE,0.369,0.073,0.355,0.171,0.085,0.281
373,2024,Azerbaijan,106,AZE,0.349,0.027,0.315,0.129,0.071,0.241
375,1968,Finland,163,FIN,0.927,0.945,0.988,0.92,0.977,0.984
375,1969,Finland,163,FIN,0.927,0.945,0.988,0.92,0.977,0.984
375,1970,Finland,163,FIN,0.927,0.945,0.988,0.92,0.977,0.984
375,1971,Finland,163,FIN,0.927,0.945,0.988,0.92,0.977,0.984
375,1972,Finland,163,FIN,0.927,0.945,0.988,0.92,0.976,0.984
375,1973,Finland,163,FIN,0.927,0.945,0.988,0.92,0.972,0.984
375,1974,Finland,163,FIN,0.926,0.945,0.988,0.92,0.976,0.984
375,1975,Finland,163,FIN,0.927,0.945,0.988,0.92,0.976,0.984
375,1976,Finland,163,FIN,0.926,0.945,0.988,0.925,0.977,0.984
375,1977,Finland,163,FIN,0.927,0.945,0.988,0.925,0.977,0.984
375,1978,Finland,163,FIN,0.926,0.945,0.988,0.925,0.977,0.984
375,1979,Finland,163,FIN,0.927,0.945,0.988,0.925,0.977,0.984
375,1980,Finland,163,FIN,0.927,0.945,0.988,0.926,0.977,0.984
375,1981,Finland,163,FIN,0.927,0.945,0.988,0.936,0.978,0.984
375,1982,Finland,163,FIN,0.929,0.945,0.988,0.938,0.973,0.984
375,1983,Finland,163,FIN,0.929,0.945,0.988,0.944,0.977,0.984
375,1984,Finland,163,FIN,0.929,0.945,0.988,0.944,0.978,0.984
375,1985,Finland,163,FIN,0.928,0.945,0.988,0.944,0.977,0.984
375,1986,Finland,163,FIN,0.928,0.945,0.988,0.944,0.98,0.984
375,1987,Finland,163,FIN,0.928,0.945,0.988,0.95,0.979,0.984
375,1988,Finland,163,FIN,0.928,0.945,0.988,0.95,0.979,0.984
375,1989,Finland,163,FIN,0.928,0.945,0.988,0.95,0.979,0.984
375,1990,Finland,163,FIN,0.928,0.945,0.988,0.971,0.982,0.984
375,1991,Finland,163,FIN,0.928,0.945,0.988,0.979,0.982,0.984
375,1992,Finland,163,FIN,0.928,0.945,0.988,0.979,0.983,0.984
375,1993,Finland,163,FIN,0.928,0.945,0.988,0.979,0.982,0.984
375,1994,Finland,163,FIN,0.928,0.945,0.988,0.979,0.983,0.984
375,1995,Finland,163,FIN,0.928,0.945,0.988,0.979,0.983,0.984
375,1996,Finland,163,FIN,0.929,0.945,0.988,0.979,0.982,0.984
375,1997,Finland,163,FIN,0.929,0.945,0.988,0.979,0.983,0.984
375,1998,Finland,163,FIN,0.929,0.945,0.988,0.979,0.983,0.984
375,1999,Finland,163,FIN,0.928,0.945,0.988,0.979,0.983,0.984
375,2000,Finland,163,FIN,0.928,0.945,0.988,0.979,0.983,0.984
375,2001,Finland,163,FIN,0.928,0.945,0.988,0.979,0.983,0.984
375,2002,Finland,163,FIN,0.928,0.945,0.988,0.979,0.983,0.984
375,2003,Finland,163,FIN,0.928,0.945,0.988,0.979,0.983,0.984
375,2004,Finland,163,FIN,0.928,0.945,0.988,0.979,0.983,0.984
375,2005,Finland,163,FIN,0.928,0.945,0.988,0.979,0.983,0.984
375,2006,Finland,163,FIN,0.937,0.945,0.988,0.979,0.982,0.984
375,2007,Finland,163,FIN,0.938,0.945,0.988,0.979,0.983,0.984
375,2008,Finland,163,FIN,0.937,0.945,0.988,0.979,0.982,0.984
375,2009,Finland,163,FIN,0.937,0.945,0.988,0.979,0.982,0.984
375,2010,Finland,163,FIN,0.937,0.945,0.988,0.979,0.983,0.984
375,2011,Finland,163,FIN,0.939,0.945,0.988,0.979,0.979,0.984
375,2012,Finland,163,FIN,0.938,0.945,0.988,0.979,0.98,0.984
375,2013,Finland,163,FIN,0.941,0.944,0.987,0.979,0.984,0.984
375,2014,Finland,163,FIN,0.942,0.944,0.987,0.979,0.985,0.984
375,2015,Finland,163,FIN,0.939,0.911,0.988,0.963,0.975,0.984
375,2016,Finland,163,FIN,0.939,0.911,0.988,0.963,0.973,0.984
375,2017,Finland,163,FIN,0.939,0.911,0.987,0.969,0.981,0.984
375,2018,Finland,163,FIN,0.94,0.911,0.988,0.976,0.985,0.984
375,2019,Finland,163,FIN,0.938,0.911,0.986,0.975,0.975,0.984
375,2020,Finland,163,FIN,0.935,0.911,0.984,0.977,0.983,0.984
375,2021,Finland,163,FIN,0.935,0.91,0.982,0.969,0.987,0.984
375,2022,Finland,163,FIN,0.935,0.88,0.98,0.967,0.979,0.984
375,2023,Finland,163,FIN,0.933,0.88,0.98,0.964,0.976,0.984
375,2024,Finland,163,FIN,0.933,0.88,0.977,0.952,0.971,0.984
380,1968,Sweden,5,SWE,0.935,0.94,0.979,0.958,0.961,0.995
380,1969,Sweden,5,SWE,0.935,0.94,0.979,0.958,0.958,0.995
380,1970,Sweden,5,SWE,0.934,0.94,0.982,0.958,0.959,0.995
380,1971,Sweden,5,SWE,0.933,0.94,0.982,0.958,0.96,0.995
380,1972,Sweden,5,SWE,0.935,0.94,0.984,0.957,0.975,0.995
380,1973,Sweden,5,SWE,0.935,0.94,0.986,0.957,0.975,0.995
380,1974,Sweden,5,SWE,0.935,0.967,0.986,0.957,0.975,0.995
380,1975,Sweden,5,SWE,0.935,0.967,0.986,0.967,0.974,0.995
380,1976,Sweden,5,SWE,0.935,0.967,0.986,0.969,0.974,0.995
380,1977,Sweden,5,SWE,0.935,0.967,0.986,0.969,0.975,0.995
380,1978,Sweden,5,SWE,0.935,0.967,0.986,0.969,0.975,0.995
380,1979,Sweden,5,SWE,0.936,0.967,0.986,0.969,0.975,0.995
380,1980,Sweden,5,SWE,0.935,0.967,0.988,0.969,0.974,0.995
380,1981,Sweden,5,SWE,0.935,0.967,0.988,0.969,0.975,0.995
380,1982,Sweden,5,SWE,0.933,0.967,0.991,0.969,0.974,0.995
380,1983,Sweden,5,SWE,0.933,0.967,0.991,0.969,0.975,0.995
380,1984,Sweden,5,SWE,0.933,0.967,0.991,0.969,0.975,0.995
380,1985,Sweden,5,SWE,0.934,0.967,0.991,0.971,0.975,0.995
380,1986,Sweden,5,SWE,0.934,0.967,0.991,0.971,0.974,0.995
380,1987,Sweden,5,SWE,0.934,0.967,0.991,0.971,0.975,0.995
380,1988,Sweden,5,SWE,0.934,0.967,0.991,0.971,0.974,0.995
380,1989,Sweden,5,SWE,0.934,0.967,0.991,0.971,0.974,0.995
380,1990,Sweden,5,SWE,0.935,0.967,0.991,0.975,0.975,0.995
380,1991,Sweden,5,SWE,0.935,0.967,0.991,0.975,0.975,0.995
380,1992,Sweden,5,SWE,0.934,0.967,0.991,0.975,0.974,0.995
380,1993,Sweden,5,SWE,0.935,0.967,0.991,0.975,0.975,0.995
380,1994,Sweden,5,SWE,0.935,0.967,0.991,0.975,0.975,0.995
380,1995,Sweden,5,SWE,0.935,0.967,0.991,0.975,0.975,0.995
380,1996,Sweden,5,SWE,0.935,0.967,0.991,0.975,0.976,0.995
380,1997,Sweden,5,SWE,0.934,0.967,0.991,0.975,0.974,0.995
380,1998,Sweden,5,SWE,0.936,0.967,0.991,0.975,0.974,0.995
380,1999,Sweden,5,SWE,0.936,0.967,0.991,0.973,0.975,0.995
380,2000,Sweden,5,SWE,0.935,0.967,0.991,0.973,0.976,0.995
380,2001,Sweden,5,SWE,0.935,0.967,0.991,0.973,0.974,0.995
380,2002,Sweden,5,SWE,0.936,0.967,0.991,0.973,0.976,0.995
380,2003,Sweden,5,SWE,0.936,0.967,0.991,0.973,0.975,0.995
380,2004,Sweden,5,SWE,0.936,0.967,0.991,0.973,0.975,0.995
380,2005,Sweden,5,SWE,0.935,0.967,0.991,0.973,0.975,0.995
380,2006,Sweden,5,SWE,0.94,0.967,0.992,0.973,0.975,0.993
380,2007,Sweden,5,SWE,0.941,0.967,0.992,0.972,0.975,0.993
380,2008,Sweden,5,SWE,0.94,0.967,0.992,0.972,0.975,0.993
380,2009,Sweden,5,SWE,0.94,0.967,0.992,0.972,0.975,0.993
380,2010,Sweden,5,SWE,0.944,0.967,0.991,0.971,0.977,0.993
380,2011,Sweden,5,SWE,0.944,0.967,0.991,0.972,0.976,0.993
380,2012,Sweden,5,SWE,0.944,0.967,0.992,0.974,0.977,0.993
380,2013,Sweden,5,SWE,0.943,0.967,0.991,0.974,0.981,0.993
380,2014,Sweden,5,SWE,0.936,0.967,0.991,0.975,0.981,0.993
380,2015,Sweden,5,SWE,0.947,0.967,0.986,0.974,0.98,0.983
380,2016,Sweden,5,SWE,0.947,0.967,0.986,0.973,0.98,0.983
380,2017,Sweden,5,SWE,0.947,0.967,0.985,0.973,0.98,0.983
380,2018,Sweden,5,SWE,0.944,0.967,0.987,0.968,0.984,0.983
380,2019,Sweden,5,SWE,0.936,0.967,0.987,0.968,0.99,0.983
380,2020,Sweden,5,SWE,0.937,0.967,0.987,0.967,0.99,0.986
380,2021,Sweden,5,SWE,0.937,0.967,0.987,0.969,0.99,0.986
380,2022,Sweden,5,SWE,0.934,0.942,0.988,0.967,0.991,0.981
380,2023,Sweden,5,SWE,0.934,0.942,0.982,0.949,0.99,0.981
380,2024,Sweden,5,SWE,0.934,0.942,0.982,0.949,0.989,0.981
385,1968,Norway,186,NOR,0.925,0.915,0.971,0.903,0.979,0.992
385,1969,Norway,186,NOR,0.925,0.915,0.971,0.903,0.979,0.992
385,1970,Norway,186,NOR,0.924,0.939,0.975,0.914,0.978,0.992
385,1971,Norway,186,NOR,0.925,0.939,0.975,0.914,0.979,0.992
385,1972,Norway,186,NOR,0.926,0.939,0.975,0.914,0.98,0.992
385,1973,Norway,186,NOR,0.925,0.939,0.975,0.914,0.979,0.992
385,1974,Norway,186,NOR,0.925,0.939,0.975,0.914,0.979,0.992
385,1975,Norway,186,NOR,0.925,0.939,0.975,0.914,0.979,0.992
385,1976,Norway,186,NOR,0.925,0.939,0.975,0.914,0.979,0.992
385,1977,Norway,186,NOR,0.926,0.939,0.975,0.914,0.979,0.992
385,1978,Norway,186,NOR,0.925,0.939,0.975,0.914,0.979,0.992
385,1979,Norway,186,NOR,0.925,0.939,0.975,0.914,0.979,0.992
385,1980,Norway,186,NOR,0.925,0.971,0.982,0.931,0.979,0.992
385,1981,Norway,186,NOR,0.925,0.971,0.985,0.931,0.979,0.992
385,1982,Norway,186,NOR,0.924,0.971,0.985,0.931,0.979,0.992
385,1983,Norway,186,NOR,0.925,0.971,0.985,0.931,0.979,0.992
385,1984,Norway,186,NOR,0.925,0.971,0.985,0.931,0.98,0.992
385,1985,Norway,186,NOR,0.925,0.971,0.985,0.931,0.979,0.992
385,1986,Norway,186,NOR,0.925,0.971,0.985,0.931,0.979,0.992
385,1987,Norway,186,NOR,0.925,0.971,0.985,0.931,0.979,0.992
385,1988,Norway,186,NOR,0.925,0.971,0.985,0.931,0.979,0.992
385,1989,Norway,186,NOR,0.924,0.971,0.985,0.931,0.979,0.992
385,1990,Norway,186,NOR,0.925,0.971,0.988,0.963,0.979,0.992
385,1991,Norway,186,NOR,0.925,0.971,0.988,0.963,0.979,0.992
385,1992,Norway,186,NOR,0.924,0.971,0.988,0.963,0.979,0.992
385,1993,Norway,186,NOR,0.926,0.971,0.988,0.963,0.979,0.992
385,1994,Norway,186,NOR,0.925,0.971,0.988,0.963,0.979,0.992
385,1995,Norway,186,NOR,0.925,0.971,0.988,0.963,0.979,0.992
385,1996,Norway,186,NOR,0.926,0.971,0.988,0.963,0.979,0.992
385,1997,Norway,186,NOR,0.925,0.971,0.988,0.963,0.979,0.992
385,1998,Norway,186,NOR,0.924,0.971,0.988,0.963,0.979,0.992
385,1999,Norway,186,NOR,0.924,0.971,0.988,0.963,0.979,0.992
385,2000,Norway,186,NOR,0.924,0.971,0.988,0.977,0.979,0.992
385,2001,Norway,186,NOR,0.925,0.971,0.988,0.977,0.978,0.992
385,2002,Norway,186,NOR,0.925,0.971,0.988,0.977,0.979,0.992
385,2003,Norway,186,NOR,0.925,0.971,0.988,0.977,0.979,0.992
385,2004,Norway,186,NOR,0.925,0.971,0.988,0.977,0.979,0.992
385,2005,Norway,186,NOR,0.933,0.971,0.988,0.977,0.98,0.992
385,2006,Norway,186,NOR,0.934,0.971,0.988,0.975,0.979,0.992
385,2007,Norway,186,NOR,0.933,0.971,0.988,0.975,0.979,0.992
385,2008,Norway,186,NOR,0.933,0.971,0.988,0.975,0.979,0.992
385,2009,Norway,186,NOR,0.936,0.971,0.988,0.975,0.979,0.992
385,2010,Norway,186,NOR,0.936,0.971,0.988,0.975,0.978,0.992
385,2011,Norway,186,NOR,0.936,0.971,0.988,0.976,0.979,0.992
385,2012,Norway,186,NOR,0.936,0.971,0.988,0.976,0.979,0.992
385,2013,Norway,186,NOR,0.933,0.969,0.988,0.98,0.979,0.992
385,2014,Norway,186,NOR,0.932,0.969,0.987,0.98,0.978,0.992
385,2015,Norway,186,NOR,0.943,0.969,0.987,0.98,0.978,0.992
385,2016,Norway,186,NOR,0.943,0.969,0.987,0.98,0.979,0.992
385,2017,Norway,186,NOR,0.941,0.969,0.987,0.978,0.979,0.992
385,2018,Norway,186,NOR,0.94,0.966,0.985,0.963,0.978,0.985
385,2019,Norway,186,NOR,0.941,0.966,0.977,0.96,0.978,0.985
385,2020,Norway,186,NOR,0.941,0.979,0.937,0.936,0.977,0.985
385,2021,Norway,186,NOR,0.938,0.979,0.937,0.947,0.977,0.985
385,2022,Norway,186,NOR,0.939,0.979,0.949,0.947,0.976,0.985
385,2023,Norway,186,NOR,0.938,0.979,0.952,0.944,0.976,0.985
385,2024,Norway,186,NOR,0.938,0.979,0.966,0.944,0.986,0.985
390,1968,Denmark,158,DNK,0.924,0.97,0.985,0.988,0.989,0.999
390,1969,Denmark,158,DNK,0.925,0.97,0.989,0.988,0.989,0.999
390,1970,Denmark,158,DNK,0.925,0.97,0.989,0.988,0.989,0.999
390,1971,Denmark,158,DNK,0.928,0.97,0.989,0.988,0.989,0.999
390,1972,Denmark,158,DNK,0.928,0.97,0.989,0.988,0.989,0.999
390,1973,Denmark,158,DNK,0.927,0.97,0.991,0.988,0.988,0.999
390,1974,Denmark,158,DNK,0.927,0.97,0.991,0.988,0.988,0.999
390,1975,Denmark,158,DNK,0.928,0.97,0.991,0.988,0.989,0.999
390,1976,Denmark,158,DNK,0.927,0.97,0.991,0.988,0.989,0.999
390,1977,Denmark,158,DNK,0.927,0.97,0.991,0.988,0.989,0.999
390,1978,Denmark,158,DNK,0.927,0.97,0.991,0.988,0.988,0.999
390,1979,Denmark,158,DNK,0.927,0.97,0.991,0.988,0.989,0.999
390,1980,Denmark,158,DNK,0.927,0.97,0.991,0.988,0.989,0.999
390,1981,Denmark,158,DNK,0.927,0.97,0.991,0.988,0.989,0.999
390,1982,Denmark,158,DNK,0.928,0.97,0.991,0.988,0.989,0.999
390,1983,Denmark,158,DNK,0.927,0.97,0.991,0.988,0.989,0.999
390,1984,Denmark,158,DNK,0.927,0.97,0.991,0.988,0.989,0.999
390,1985,Denmark,158,DNK,0.927,0.97,0.991,0.988,0.989,0.999
390,1986,Denmark,158,DNK,0.928,0.97,0.991,0.988,0.989,0.999
390,1987,Denmark,158,DNK,0.928,0.97,0.991,0.988,0.989,0.999
390,1988,Denmark,158,DNK,0.928,0.97,0.991,0.988,0.989,0.999
390,1989,Denmark,158,DNK,0.928,0.97,0.991,0.988,0.989,0.999
390,1990,Denmark,158,DNK,0.927,0.97,0.991,0.988,0.989,0.999
390,1991,Denmark,158,DNK,0.927,0.97,0.991,0.988,0.989,0.999
390,1992,Denmark,158,DNK,0.927,0.97,0.991,0.988,0.989,0.999
390,1993,Denmark,158,DNK,0.927,0.97,0.991,0.988,0.988,0.999
390,1994,Denmark,158,DNK,0.928,0.97,0.991,0.988,0.989,0.999
390,1995,Denmark,158,DNK,0.927,0.97,0.991,0.988,0.988,0.999
390,1996,Denmark,158,DNK,0.928,0.97,0.991,0.988,0.989,0.999
390,1997,Denmark,158,DNK,0.928,0.97,0.991,0.988,0.989,0.999
390,1998,Denmark,158,DNK,0.928,0.97,0.991,0.988,0.989,0.999
390,1999,Denmark,158,DNK,0.928,0.97,0.991,0.988,0.989,0.999
390,2000,Denmark,158,DNK,0.928,0.97,0.991,0.988,0.989,0.999
390,2001,Denmark,158,DNK,0.928,0.97,0.991,0.988,0.988,0.999
390,2002,Denmark,158,DNK,0.927,0.97,0.991,0.988,0.988,0.999
390,2003,Denmark,158,DNK,0.928,0.97,0.991,0.988,0.989,0.999
390,2004,Denmark,158,DNK,0.927,0.97,0.991,0.988,0.989,0.999
390,2005,Denmark,158,DNK,0.941,0.97,0.991,0.988,0.989,0.999
390,2006,Denmark,158,DNK,0.942,0.97,0.991,0.988,0.989,0.999
390,2007,Denmark,158,DNK,0.941,0.97,0.991,0.988,0.989,0.999
390,2008,Denmark,158,DNK,0.941,0.97,0.991,0.988,0.988,0.999
390,2009,Denmark,158,DNK,0.941,0.97,0.991,0.988,0.989,0.999
390,2010,Denmark,158,DNK,0.941,0.97,0.991,0.988,0.989,0.999
390,2011,Denmark,158,DNK,0.941,0.97,0.991,0.987,0.989,0.999
390,2012,Denmark,158,DNK,0.941,0.97,0.991,0.989,0.989,0.999
390,2013,Denmark,158,DNK,0.941,0.97,0.989,0.989,0.989,0.999
390,2014,Denmark,158,DNK,0.942,0.97,0.989,0.989,0.989,0.999
390,2015,Denmark,158,DNK,0.94,0.97,0.99,0.989,0.989,0.999
390,2016,Denmark,158,DNK,0.94,0.97,0.99,0.986,0.989,0.999
390,2017,Denmark,158,DNK,0.941,0.97,0.99,0.986,0.988,0.999
390,2018,Denmark,158,DNK,0.941,0.97,0.989,0.986,0.988,0.999
390,2019,Denmark,158,DNK,0.939,0.97,0.987,0.983,0.988,0.999
390,2020,Denmark,158,DNK,0.939,0.97,0.969,0.985,0.987,0.999
390,2021,Denmark,158,DNK,0.939,0.969,0.975,0.985,0.987,0.999
390,2022,Denmark,158,DNK,0.939,0.969,0.987,0.985,0.987,0.999
390,2023,Denmark,158,DNK,0.938,0.969,0.987,0.985,0.978,0.995
390,2024,Denmark,158,DNK,0.939,0.969,0.987,0.985,0.978,0.995
395,1968,Iceland,168,ISL,0.921,0.922,0.938,0.888,0.827,0.977
395,1969,Iceland,168,ISL,0.92,0.922,0.938,0.888,0.825,0.977
395,1970,Iceland,168,ISL,0.92,0.922,0.938,0.894,0.83,0.977
395,1971,Iceland,168,ISL,0.921,0.922,0.938,0.894,0.825,0.977
395,1972,Iceland,168,ISL,0.92,0.922,0.938,0.894,0.827,0.977
395,1973,Iceland,168,ISL,0.921,0.922,0.938,0.894,0.824,0.977
395,1974,Iceland,168,ISL,0.92,0.922,0.938,0.894,0.825,0.977
395,1975,Iceland,168,ISL,0.92,0.922,0.938,0.894,0.827,0.977
395,1976,Iceland,168,ISL,0.921,0.922,0.938,0.894,0.823,0.977
395,1977,Iceland,168,ISL,0.92,0.922,0.938,0.894,0.826,0.977
395,1978,Iceland,168,ISL,0.921,0.922,0.944,0.894,0.826,0.977
395,1979,Iceland,168,ISL,0.921,0.922,0.944,0.894,0.832,0.977
395,1980,Iceland,168,ISL,0.921,0.96,0.95,0.908,0.826,0.977
395,1981,Iceland,168,ISL,0.921,0.96,0.95,0.908,0.827,0.977
395,1982,Iceland,168,ISL,0.921,0.96,0.95,0.908,0.827,0.977
395,1983,Iceland,168,ISL,0.92,0.96,0.95,0.908,0.826,0.977
395,1984,Iceland,168,ISL,0.92,0.96,0.95,0.908,0.826,0.977
395,1985,Iceland,168,ISL,0.92,0.96,0.95,0.908,0.83,0.977
395,1986,Iceland,168,ISL,0.92,0.96,0.95,0.927,0.826,0.977
395,1987,Iceland,168,ISL,0.92,0.96,0.95,0.934,0.853,0.977
395,1988,Iceland,168,ISL,0.921,0.96,0.95,0.934,0.857,0.977
395,1989,Iceland,168,ISL,0.921,0.96,0.95,0.934,0.851,0.977
395,1990,Iceland,168,ISL,0.921,0.96,0.969,0.941,0.848,0.988
395,1991,Iceland,168,ISL,0.921,0.96,0.969,0.941,0.852,0.988
395,1992,Iceland,168,ISL,0.92,0.96,0.969,0.941,0.849,0.988
395,1993,Iceland,168,ISL,0.92,0.96,0.969,0.941,0.852,0.988
395,1994,Iceland,168,ISL,0.92,0.96,0.972,0.941,0.851,0.988
395,1995,Iceland,168,ISL,0.921,0.96,0.977,0.941,0.852,0.988
395,1996,Iceland,168,ISL,0.92,0.96,0.977,0.95,0.851,0.988
395,1997,Iceland,168,ISL,0.92,0.96,0.977,0.95,0.85,0.988
395,1998,Iceland,168,ISL,0.921,0.96,0.977,0.95,0.851,0.988
395,1999,Iceland,168,ISL,0.92,0.96,0.977,0.95,0.85,0.988
395,2000,Iceland,168,ISL,0.92,0.96,0.977,0.95,0.848,0.988
395,2001,Iceland,168,ISL,0.919,0.96,0.977,0.95,0.849,0.988
395,2002,Iceland,168,ISL,0.919,0.96,0.977,0.95,0.852,0.988
395,2003,Iceland,168,ISL,0.921,0.96,0.977,0.95,0.852,0.988
395,2004,Iceland,168,ISL,0.92,0.96,0.977,0.95,0.85,0.988
395,2005,Iceland,168,ISL,0.921,0.96,0.977,0.947,0.853,0.988
395,2006,Iceland,168,ISL,0.921,0.96,0.977,0.947,0.852,0.988
395,2007,Iceland,168,ISL,0.932,0.96,0.977,0.947,0.852,0.988
395,2008,Iceland,168,ISL,0.933,0.96,0.975,0.952,0.85,0.988
395,2009,Iceland,168,ISL,0.932,0.96,0.977,0.954,0.854,0.988
395,2010,Iceland,168,ISL,0.932,0.946,0.978,0.954,0.854,0.988
395,2011,Iceland,168,ISL,0.932,0.946,0.978,0.954,0.85,0.988
395,2012,Iceland,168,ISL,0.931,0.946,0.978,0.946,0.855,0.988
395,2013,Iceland,168,ISL,0.933,0.946,0.977,0.924,0.853,0.991
395,2014,Iceland,168,ISL,0.933,0.946,0.976,0.924,0.853,0.991
395,2015,Iceland,168,ISL,0.933,0.946,0.976,0.929,0.854,0.991
395,2016,Iceland,168,ISL,0.929,0.946,0.976,0.923,0.854,0.991
395,2017,Iceland,168,ISL,0.92,0.946,0.978,0.94,0.854,0.991
395,2018,Iceland,168,ISL,0.932,0.946,0.978,0.95,0.853,0.991
395,2019,Iceland,168,ISL,0.92,0.924,0.979,0.934,0.879,0.991
395,2020,Iceland,168,ISL,0.897,0.975,0.976,0.937,0.888,0.991
395,2021,Iceland,168,ISL,0.909,0.927,0.977,0.927,0.86,0.984
395,2022,Iceland,168,ISL,0.908,0.927,0.977,0.918,0.861,0.984
395,2023,Iceland,168,ISL,0.913,0.967,0.974,0.908,0.861,0.984
395,2024,Iceland,168,ISL,0.91,0.967,0.971,0.911,0.874,0.984
402,1975,Cape Verde,70,CPV,0.622,0.4,0.492,0.4,0.727,0.5840000000000001
402,1976,Cape Verde,70,CPV,0.132,0.684,0.751,0.559,0.772,0.704
402,1977,Cape Verde,70,CPV,0.133,0.684,0.751,0.559,0.775,0.704
402,1978,Cape Verde,70,CPV,0.13,0.684,0.751,0.559,0.776,0.704
402,1979,Cape Verde,70,CPV,0.131,0.684,0.751,0.559,0.779,0.704
402,1980,Cape Verde,70,CPV,0.634,0.684,0.764,0.559,0.745,0.704
402,1981,Cape Verde,70,CPV,0.633,0.684,0.764,0.559,0.75,0.704
402,1982,Cape Verde,70,CPV,0.634,0.684,0.764,0.559,0.745,0.704
402,1983,Cape Verde,70,CPV,0.632,0.684,0.764,0.559,0.746,0.704
402,1984,Cape Verde,70,CPV,0.633,0.684,0.78,0.559,0.742,0.704
402,1985,Cape Verde,70,CPV,0.654,0.684,0.78,0.559,0.744,0.704
402,1986,Cape Verde,70,CPV,0.654,0.684,0.78,0.562,0.745,0.704
402,1987,Cape Verde,70,CPV,0.655,0.684,0.789,0.57,0.742,0.704
402,1988,Cape Verde,70,CPV,0.655,0.684,0.834,0.61,0.747,0.704
402,1989,Cape Verde,70,CPV,0.655,0.684,0.834,0.61,0.742,0.704
402,1990,Cape Verde,70,CPV,0.671,0.7,0.867,0.657,0.745,0.704
402,1991,Cape Verde,70,CPV,0.837,0.7,0.898,0.867,0.885,0.735
402,1992,Cape Verde,70,CPV,0.842,0.895,0.905,0.883,0.931,0.735
402,1993,Cape Verde,70,CPV,0.842,0.895,0.905,0.883,0.93,0.732
402,1994,Cape Verde,70,CPV,0.843,0.895,0.905,0.883,0.93,0.732
402,1995,Cape Verde,70,CPV,0.875,0.895,0.905,0.883,0.931,0.732
402,1996,Cape Verde,70,CPV,0.891,0.895,0.905,0.883,0.929,0.732
402,1997,Cape Verde,70,CPV,0.893,0.895,0.905,0.883,0.918,0.732
402,1998,Cape Verde,70,CPV,0.892,0.895,0.905,0.883,0.918,0.732
402,1999,Cape Verde,70,CPV,0.893,0.895,0.906,0.883,0.918,0.732
402,2000,Cape Verde,70,CPV,0.893,0.895,0.906,0.865,0.916,0.732
402,2001,Cape Verde,70,CPV,0.883,0.895,0.906,0.865,0.918,0.732
402,2002,Cape Verde,70,CPV,0.882,0.895,0.906,0.877,0.919,0.732
402,2003,Cape Verde,70,CPV,0.884,0.895,0.906,0.877,0.919,0.732
402,2004,Cape Verde,70,CPV,0.884,0.895,0.906,0.877,0.918,0.732
402,2005,Cape Verde,70,CPV,0.884,0.895,0.913,0.877,0.919,0.732
402,2006,Cape Verde,70,CPV,0.89,0.895,0.913,0.877,0.916,0.732
402,2007,Cape Verde,70,CPV,0.89,0.895,0.913,0.885,0.92,0.732
402,2008,Cape Verde,70,CPV,0.892,0.895,0.913,0.885,0.918,0.732
402,2009,Cape Verde,70,CPV,0.891,0.895,0.913,0.885,0.92,0.732
402,2010,Cape Verde,70,CPV,0.892,0.895,0.913,0.88,0.921,0.732
402,2011,Cape Verde,70,CPV,0.9,0.896,0.913,0.88,0.919,0.732
402,2012,Cape Verde,70,CPV,0.9,0.896,0.913,0.88,0.919,0.732
402,2013,Cape Verde,70,CPV,0.9,0.896,0.912,0.898,0.918,0.732
402,2014,Cape Verde,70,CPV,0.9,0.896,0.912,0.898,0.919,0.732
402,2015,Cape Verde,70,CPV,0.9,0.896,0.913,0.895,0.921,0.732
402,2016,Cape Verde,70,CPV,0.914,0.896,0.913,0.886,0.919,0.732
402,2017,Cape Verde,70,CPV,0.91,0.899,0.912,0.879,0.915,0.732
402,2018,Cape Verde,70,CPV,0.909,0.899,0.906,0.863,0.95,0.7030000000000001
402,2019,Cape Verde,70,CPV,0.914,0.899,0.905,0.871,0.95,0.7030000000000001
402,2020,Cape Verde,70,CPV,0.915,0.899,0.894,0.874,0.905,0.7030000000000001
402,2021,Cape Verde,70,CPV,0.902,0.899,0.891,0.876,0.896,0.7030000000000001
402,2022,Cape Verde,70,CPV,0.903,0.899,0.89,0.854,0.878,0.7030000000000001
402,2023,Cape Verde,70,CPV,0.903,0.899,0.895,0.852,0.872,0.6910000000000001
402,2024,Cape Verde,70,CPV,0.903,0.899,0.895,0.854,0.871,0.6910000000000001
404,1974,Guinea-Bissau,119,GNB,0.118,0.209,0.233,0.155,0.135,0.28900000000000003
404,1975,Guinea-Bissau,119,GNB,0.119,0.209,0.233,0.171,0.14,0.28900000000000003
404,1976,Guinea-Bissau,119,GNB,0.117,0.209,0.233,0.171,0.138,0.28900000000000003
404,1977,Guinea-Bissau,119,GNB,0.121,0.209,0.233,0.171,0.139,0.28900000000000003
404,1978,Guinea-Bissau,119,GNB,0.118,0.209,0.233,0.171,0.137,0.28900000000000003
404,1979,Guinea-Bissau,119,GNB,0.118,0.209,0.233,0.171,0.139,0.28900000000000003
404,1980,Guinea-Bissau,119,GNB,0.117,0.209,0.238,0.167,0.126,0.20999999999999996
404,1981,Guinea-Bissau,119,GNB,0.115,0.209,0.209,0.158,0.11,0.20199999999999996
404,1982,Guinea-Bissau,119,GNB,0.12,0.209,0.209,0.158,0.111,0.20199999999999996
404,1983,Guinea-Bissau,119,GNB,0.118,0.209,0.209,0.158,0.11,0.20199999999999996
404,1984,Guinea-Bissau,119,GNB,0.117,0.209,0.209,0.158,0.112,0.20199999999999996
404,1985,Guinea-Bissau,119,GNB,0.117,0.209,0.209,0.158,0.109,0.20199999999999996
404,1986,Guinea-Bissau,119,GNB,0.117,0.209,0.228,0.158,0.11,0.20199999999999996
404,1987,Guinea-Bissau,119,GNB,0.121,0.209,0.228,0.158,0.111,0.20199999999999996
404,1988,Guinea-Bissau,119,GNB,0.121,0.209,0.228,0.158,0.111,0.20199999999999996
404,1989,Guinea-Bissau,119,GNB,0.117,0.209,0.228,0.158,0.111,0.20199999999999996
404,1990,Guinea-Bissau,119,GNB,0.12,0.341,0.232,0.205,0.111,0.20199999999999996
404,1991,Guinea-Bissau,119,GNB,0.118,0.341,0.232,0.205,0.109,0.20199999999999996
404,1992,Guinea-Bissau,119,GNB,0.15,0.34,0.232,0.28,0.137,0.20199999999999996
404,1993,Guinea-Bissau,119,GNB,0.151,0.41,0.363,0.36,0.194,0.20199999999999996
404,1994,Guinea-Bissau,119,GNB,0.653,0.41,0.391,0.456,0.366,0.08799999999999997
404,1995,Guinea-Bissau,119,GNB,0.66,0.446,0.446,0.546,0.468,0.08799999999999997
404,1996,Guinea-Bissau,119,GNB,0.66,0.446,0.446,0.546,0.465,0.08799999999999997
404,1997,Guinea-Bissau,119,GNB,0.66,0.446,0.412,0.546,0.476,0.08799999999999997
404,1998,Guinea-Bissau,119,GNB,0.642,0.437,0.418,0.565,0.477,0.08799999999999997
404,1999,Guinea-Bissau,119,GNB,0.718,0.437,0.448,0.573,0.429,0.08799999999999997
404,2000,Guinea-Bissau,119,GNB,0.752,0.561,0.457,0.583,0.466,0.05700000000000005
404,2001,Guinea-Bissau,119,GNB,0.753,0.561,0.476,0.599,0.488,0.05700000000000005
404,2002,Guinea-Bissau,119,GNB,0.752,0.585,0.517,0.613,0.47,0.05700000000000005
404,2003,Guinea-Bissau,119,GNB,0.733,0.666,0.534,0.627,0.48,0.05700000000000005
404,2004,Guinea-Bissau,119,GNB,0.755,0.666,0.534,0.622,0.506,0.10099999999999998
404,2005,Guinea-Bissau,119,GNB,0.757,0.666,0.534,0.632,0.503,0.10099999999999998
404,2006,Guinea-Bissau,119,GNB,0.757,0.666,0.544,0.633,0.5,0.10099999999999998
404,2007,Guinea-Bissau,119,GNB,0.758,0.666,0.544,0.633,0.501,0.11099999999999999
404,2008,Guinea-Bissau,119,GNB,0.756,0.666,0.544,0.634,0.495,0.11099999999999999
404,2009,Guinea-Bissau,119,GNB,0.767,0.666,0.534,0.631,0.502,0.11099999999999999
404,2010,Guinea-Bissau,119,GNB,0.753,0.666,0.541,0.636,0.493,0.11099999999999999
404,2011,Guinea-Bissau,119,GNB,0.756,0.666,0.54,0.636,0.491,0.10299999999999998
404,2012,Guinea-Bissau,119,GNB,0.703,0.671,0.505,0.622,0.394,0.10799999999999998
404,2013,Guinea-Bissau,119,GNB,0.235,0.703,0.614,0.667,0.446,0.127
404,2014,Guinea-Bissau,119,GNB,0.783,0.703,0.622,0.666,0.472,0.127
404,2015,Guinea-Bissau,119,GNB,0.781,0.703,0.635,0.666,0.45,0.127
404,2016,Guinea-Bissau,119,GNB,0.781,0.703,0.631,0.668,0.446,0.127
404,2017,Guinea-Bissau,119,GNB,0.791,0.703,0.631,0.627,0.449,0.127
404,2018,Guinea-Bissau,119,GNB,0.797,0.703,0.63,0.645,0.519,0.11599999999999999
404,2019,Guinea-Bissau,119,GNB,0.828,0.677,0.699,0.644,0.534,0.11599999999999999
404,2020,Guinea-Bissau,119,GNB,0.829,0.677,0.699,0.66,0.557,0.11599999999999999
404,2021,Guinea-Bissau,119,GNB,0.828,0.677,0.707,0.667,0.548,0.11599999999999999
404,2022,Guinea-Bissau,119,GNB,0.828,0.657,0.606,0.628,0.404,0.11599999999999999
404,2023,Guinea-Bissau,119,GNB,0.863,0.657,0.669,0.648,0.584,0.11599999999999999
404,2024,Guinea-Bissau,119,GNB,0.263,0.657,0.661,0.615,0.585,0.11599999999999999
411,1968,Equatorial Guinea,160,GNQ,0.692,0.166,0.202,0.202,0.187,0.258
411,1969,Equatorial Guinea,160,GNQ,0.582,0.035,0.053,0.062,0.124,0.258
411,1970,Equatorial Guinea,160,GNQ,0.582,0.016,0.003,0.015,0.033,0.03700000000000003
411,1971,Equatorial Guinea,160,GNQ,0.58,0.016,0.003,0.015,0.032,0.03700000000000003
411,1972,Equatorial Guinea,160,GNQ,0.175,0.016,0.003,0.015,0.027,0.03700000000000003
411,1973,Equatorial Guinea,160,GNQ,0.172,0.016,0.003,0.013,0.034,0.03700000000000003
411,1974,Equatorial Guinea,160,GNQ,0.173,0.016,0.003,0.013,0.033,0.03700000000000003
411,1975,Equatorial Guinea,160,GNQ,0.17,0.016,0.003,0.013,0.034,0.03700000000000003
411,1976,Equatorial Guinea,160,GNQ,0.17,0.016,0.003,0.013,0.034,0.03700000000000003
411,1977,Equatorial Guinea,160,GNQ,0.174,0.016,0.003,0.013,0.035,0.03700000000000003
411,1978,Equatorial Guinea,160,GNQ,0.172,0.016,0.003,0.013,0.035,0.03700000000000003
411,1979,Equatorial Guinea,160,GNQ,0.067,0.059,0.011,0.032,0.034,0.03700000000000003
411,1980,Equatorial Guinea,160,GNQ,0.11,0.181,0.189,0.18,0.132,0.19099999999999995
411,1981,Equatorial Guinea,160,GNQ,0.106,0.181,0.198,0.18,0.132,0.19099999999999995
411,1982,Equatorial Guinea,160,GNQ,0.309,0.181,0.198,0.18,0.131,0.19099999999999995
411,1983,Equatorial Guinea,160,GNQ,0.308,0.181,0.198,0.18,0.157,0.19099999999999995
411,1984,Equatorial Guinea,160,GNQ,0.307,0.181,0.198,0.18,0.159,0.19099999999999995
411,1985,Equatorial Guinea,160,GNQ,0.309,0.181,0.198,0.18,0.16,0.19099999999999995
411,1986,Equatorial Guinea,160,GNQ,0.308,0.181,0.198,0.18,0.156,0.19099999999999995
411,1987,Equatorial Guinea,160,GNQ,0.309,0.181,0.191,0.18,0.161,0.19099999999999995
411,1988,Equatorial Guinea,160,GNQ,0.308,0.181,0.191,0.18,0.161,0.19099999999999995
411,1989,Equatorial Guinea,160,GNQ,0.321,0.181,0.191,0.18,0.16,0.19099999999999995
411,1990,Equatorial Guinea,160,GNQ,0.321,0.181,0.195,0.178,0.175,0.19099999999999995
411,1991,Equatorial Guinea,160,GNQ,0.32,0.181,0.195,0.178,0.17,0.19099999999999995
411,1992,Equatorial Guinea,160,GNQ,0.321,0.181,0.184,0.178,0.172,0.19099999999999995
411,1993,Equatorial Guinea,160,GNQ,0.35,0.181,0.191,0.178,0.17,0.19099999999999995
411,1994,Equatorial Guinea,160,GNQ,0.353,0.181,0.191,0.178,0.17,0.19099999999999995
411,1995,Equatorial Guinea,160,GNQ,0.352,0.181,0.185,0.178,0.17,0.19099999999999995
411,1996,Equatorial Guinea,160,GNQ,0.378,0.181,0.185,0.182,0.172,0.19099999999999995
411,1997,Equatorial Guinea,160,GNQ,0.378,0.181,0.175,0.168,0.17,0.19099999999999995
411,1998,Equatorial Guinea,160,GNQ,0.379,0.181,0.175,0.168,0.169,0.19099999999999995
411,1999,Equatorial Guinea,160,GNQ,0.376,0.181,0.178,0.168,0.173,0.19099999999999995
411,2000,Equatorial Guinea,160,GNQ,0.379,0.181,0.178,0.161,0.169,0.19099999999999995
411,2001,Equatorial Guinea,160,GNQ,0.379,0.181,0.178,0.161,0.17,0.19099999999999995
411,2002,Equatorial Guinea,160,GNQ,0.38,0.181,0.19,0.161,0.172,0.19099999999999995
411,2003,Equatorial Guinea,160,GNQ,0.378,0.181,0.19,0.161,0.171,0.19099999999999995
411,2004,Equatorial Guinea,160,GNQ,0.38,0.181,0.19,0.187,0.17,0.19099999999999995
411,2005,Equatorial Guinea,160,GNQ,0.377,0.181,0.19,0.155,0.168,0.19099999999999995
411,2006,Equatorial Guinea,160,GNQ,0.38,0.181,0.194,0.155,0.17,0.19099999999999995
411,2007,Equatorial Guinea,160,GNQ,0.38,0.181,0.189,0.155,0.17,0.19099999999999995
411,2008,Equatorial Guinea,160,GNQ,0.348,0.181,0.191,0.162,0.17,0.19099999999999995
411,2009,Equatorial Guinea,160,GNQ,0.349,0.181,0.187,0.171,0.168,0.19099999999999995
411,2010,Equatorial Guinea,160,GNQ,0.351,0.156,0.179,0.162,0.157,0.19099999999999995
411,2011,Equatorial Guinea,160,GNQ,0.351,0.156,0.179,0.154,0.162,0.19099999999999995
411,2012,Equatorial Guinea,160,GNQ,0.35,0.156,0.179,0.154,0.161,0.19099999999999995
411,2013,Equatorial Guinea,160,GNQ,0.357,0.156,0.181,0.161,0.193,0.19099999999999995
411,2014,Equatorial Guinea,160,GNQ,0.356,0.172,0.181,0.161,0.193,0.19099999999999995
411,2015,Equatorial Guinea,160,GNQ,0.354,0.177,0.181,0.155,0.183,0.19099999999999995
411,2016,Equatorial Guinea,160,GNQ,0.347,0.177,0.19,0.164,0.186,0.19099999999999995
411,2017,Equatorial Guinea,160,GNQ,0.354,0.166,0.183,0.13,0.186,0.19099999999999995
411,2018,Equatorial Guinea,160,GNQ,0.355,0.16,0.201,0.134,0.19,0.19099999999999995
411,2019,Equatorial Guinea,160,GNQ,0.352,0.148,0.201,0.142,0.178,0.19099999999999995
411,2020,Equatorial Guinea,160,GNQ,0.354,0.158,0.2,0.128,0.168,0.19099999999999995
411,2021,Equatorial Guinea,160,GNQ,0.352,0.118,0.199,0.122,0.181,0.19099999999999995
411,2022,Equatorial Guinea,160,GNQ,0.369,0.074,0.179,0.134,0.176,0.19099999999999995
411,2023,Equatorial Guinea,160,GNQ,0.371,0.118,0.213,0.17,0.179,0.19099999999999995
411,2024,Equatorial Guinea,160,GNQ,0.369,0.1,0.181,0.14,0.178,0.19099999999999995
420,1968,The Gambia,117,GMB,0.801,0.65,0.795,0.527,0.38,0.625
420,1969,The Gambia,117,GMB,0.802,0.65,0.795,0.527,0.375,0.625
420,1970,The Gambia,117,GMB,0.807,0.689,0.803,0.576,0.491,0.609
420,1971,The Gambia,117,GMB,0.808,0.689,0.815,0.576,0.491,0.609
420,1972,The Gambia,117,GMB,0.787,0.689,0.815,0.576,0.492,0.5780000000000001
420,1973,The Gambia,117,GMB,0.788,0.689,0.815,0.576,0.49,0.5780000000000001
420,1974,The Gambia,117,GMB,0.786,0.689,0.815,0.576,0.49,0.5780000000000001
420,1975,The Gambia,117,GMB,0.787,0.689,0.815,0.576,0.489,0.5780000000000001
420,1976,The Gambia,117,GMB,0.788,0.689,0.815,0.576,0.487,0.491
420,1977,The Gambia,117,GMB,0.768,0.605,0.815,0.576,0.48,0.491
420,1978,The Gambia,117,GMB,0.767,0.605,0.815,0.576,0.479,0.491
420,1979,The Gambia,117,GMB,0.767,0.605,0.815,0.576,0.48,0.491
420,1980,The Gambia,117,GMB,0.768,0.605,0.815,0.576,0.477,0.491
420,1981,The Gambia,117,GMB,0.765,0.605,0.784,0.58,0.467,0.491
420,1982,The Gambia,117,GMB,0.768,0.605,0.784,0.58,0.465,0.491
420,1983,The Gambia,117,GMB,0.768,0.605,0.802,0.58,0.466,0.491
420,1984,The Gambia,117,GMB,0.768,0.605,0.806,0.58,0.471,0.491
420,1985,The Gambia,117,GMB,0.767,0.692,0.823,0.58,0.471,0.491
420,1986,The Gambia,117,GMB,0.767,0.674,0.823,0.58,0.473,0.491
420,1987,The Gambia,117,GMB,0.788,0.674,0.823,0.58,0.468,0.491
420,1988,The Gambia,117,GMB,0.788,0.674,0.823,0.58,0.467,0.491
420,1989,The Gambia,117,GMB,0.789,0.674,0.823,0.58,0.468,0.491
420,1990,The Gambia,117,GMB,0.789,0.674,0.826,0.58,0.471,0.491
420,1991,The Gambia,117,GMB,0.788,0.674,0.826,0.58,0.471,0.491
420,1992,The Gambia,117,GMB,0.766,0.674,0.826,0.58,0.467,0.491
420,1993,The Gambia,117,GMB,0.762,0.674,0.826,0.58,0.47,0.491
420,1994,The Gambia,117,GMB,0.685,0.288,0.573,0.352,0.281,0.43000000000000005
420,1995,The Gambia,117,GMB,0.107,0.196,0.45,0.232,0.23,0.375
420,1996,The Gambia,117,GMB,0.507,0.196,0.45,0.216,0.226,0.375
420,1997,The Gambia,117,GMB,0.591,0.227,0.45,0.223,0.276,0.375
420,1998,The Gambia,117,GMB,0.594,0.282,0.45,0.226,0.273,0.375
420,1999,The Gambia,117,GMB,0.596,0.282,0.439,0.225,0.269,0.375
420,2000,The Gambia,117,GMB,0.593,0.267,0.411,0.212,0.276,0.375
420,2001,The Gambia,117,GMB,0.568,0.267,0.413,0.212,0.27,0.375
420,2002,The Gambia,117,GMB,0.613,0.267,0.413,0.212,0.268,0.375
420,2003,The Gambia,117,GMB,0.613,0.267,0.413,0.212,0.265,0.375
420,2004,The Gambia,117,GMB,0.613,0.267,0.408,0.212,0.265,0.375
420,2005,The Gambia,117,GMB,0.614,0.267,0.408,0.212,0.261,0.375
420,2006,The Gambia,117,GMB,0.528,0.267,0.4,0.212,0.259,0.375
420,2007,The Gambia,117,GMB,0.531,0.267,0.411,0.212,0.262,0.375
420,2008,The Gambia,117,GMB,0.53,0.267,0.407,0.212,0.261,0.375
420,2009,The Gambia,117,GMB,0.531,0.267,0.407,0.212,0.258,0.375
420,2010,The Gambia,117,GMB,0.532,0.267,0.407,0.216,0.264,0.375
420,2011,The Gambia,117,GMB,0.538,0.267,0.407,0.216,0.26,0.375
420,2012,The Gambia,117,GMB,0.539,0.267,0.401,0.215,0.258,0.375
420,2013,The Gambia,117,GMB,0.539,0.248,0.337,0.191,0.257,0.31100000000000005
420,2014,The Gambia,117,GMB,0.538,0.269,0.342,0.191,0.256,0.31100000000000005
420,2015,The Gambia,117,GMB,0.54,0.269,0.347,0.191,0.259,0.31100000000000005
420,2016,The Gambia,117,GMB,0.63,0.278,0.339,0.191,0.282,0.354
420,2017,The Gambia,117,GMB,0.729,0.853,0.846,0.819,0.652,0.72
420,2018,The Gambia,117,GMB,0.754,0.88,0.862,0.833,0.666,0.72
420,2019,The Gambia,117,GMB,0.75,0.885,0.859,0.8,0.734,0.5860000000000001
420,2020,The Gambia,117,GMB,0.75,0.885,0.875,0.785,0.732,0.5860000000000001
420,2021,The Gambia,117,GMB,0.889,0.891,0.891,0.74,0.742,0.5860000000000001
420,2022,The Gambia,117,GMB,0.881,0.891,0.904,0.774,0.726,0.649
420,2023,The Gambia,117,GMB,0.88,0.917,0.902,0.803,0.734,0.649
420,2024,The Gambia,117,GMB,0.87,0.917,0.903,0.807,0.697,0.604
432,1968,Mali,28,MLI,0.496,0.284,0.589,0.268,0.351,0.895
432,1969,Mali,28,MLI,0.085,0.296,0.465,0.272,0.442,0.353
432,1970,Mali,28,MLI,0.085,0.296,0.453,0.262,0.447,0.353
432,1971,Mali,28,MLI,0.084,0.296,0.453,0.262,0.448,0.353
432,1972,Mali,28,MLI,0.087,0.296,0.453,0.262,0.44,0.353
432,1973,Mali,28,MLI,0.087,0.296,0.453,0.262,0.442,0.353
432,1974,Mali,28,MLI,0.086,0.296,0.446,0.262,0.445,0.353
432,1975,Mali,28,MLI,0.101,0.296,0.455,0.262,0.461,0.353
432,1976,Mali,28,MLI,0.1,0.296,0.455,0.262,0.453,0.353
432,1977,Mali,28,MLI,0.099,0.296,0.444,0.262,0.438,0.353
432,1978,Mali,28,MLI,0.098,0.296,0.44,0.262,0.455,0.353
432,1979,Mali,28,MLI,0.381,0.296,0.46,0.271,0.166,0.353
432,1980,Mali,28,MLI,0.38,0.296,0.471,0.287,0.166,0.353
432,1981,Mali,28,MLI,0.38,0.308,0.471,0.287,0.167,0.353
432,1982,Mali,28,MLI,0.369,0.308,0.471,0.3,0.16,0.353
432,1983,Mali,28,MLI,0.369,0.308,0.471,0.3,0.165,0.353
432,1984,Mali,28,MLI,0.369,0.308,0.471,0.3,0.166,0.353
432,1985,Mali,28,MLI,0.379,0.308,0.471,0.3,0.164,0.353
432,1986,Mali,28,MLI,0.378,0.308,0.471,0.297,0.164,0.353
432,1987,Mali,28,MLI,0.377,0.308,0.471,0.316,0.163,0.353
432,1988,Mali,28,MLI,0.364,0.308,0.471,0.357,0.163,0.353
432,1989,Mali,28,MLI,0.364,0.308,0.471,0.357,0.164,0.353
432,1990,Mali,28,MLI,0.363,0.393,0.567,0.381,0.275,0.353
432,1991,Mali,28,MLI,0.412,0.825,0.637,0.664,0.306,0.385
432,1992,Mali,28,MLI,0.744,0.92,0.733,0.886,0.588,0.255
432,1993,Mali,28,MLI,0.744,0.92,0.733,0.886,0.629,0.16800000000000004
432,1994,Mali,28,MLI,0.744,0.92,0.733,0.886,0.632,0.16800000000000004
432,1995,Mali,28,MLI,0.744,0.92,0.733,0.886,0.613,0.16800000000000004
432,1996,Mali,28,MLI,0.745,0.92,0.733,0.886,0.621,0.16800000000000004
432,1997,Mali,28,MLI,0.704,0.92,0.711,0.886,0.619,0.16800000000000004
432,1998,Mali,28,MLI,0.699,0.92,0.717,0.886,0.606,0.16800000000000004
432,1999,Mali,28,MLI,0.697,0.92,0.717,0.886,0.608,0.16800000000000004
432,2000,Mali,28,MLI,0.699,0.92,0.739,0.886,0.61,0.16800000000000004
432,2001,Mali,28,MLI,0.699,0.92,0.739,0.886,0.61,0.16800000000000004
432,2002,Mali,28,MLI,0.813,0.92,0.739,0.921,0.526,0.15900000000000003
432,2003,Mali,28,MLI,0.816,0.931,0.734,0.921,0.525,0.15900000000000003
432,2004,Mali,28,MLI,0.816,0.931,0.734,0.921,0.526,0.15900000000000003
432,2005,Mali,28,MLI,0.816,0.931,0.734,0.921,0.522,0.15900000000000003
432,2006,Mali,28,MLI,0.816,0.931,0.734,0.921,0.527,0.15900000000000003
432,2007,Mali,28,MLI,0.795,0.931,0.734,0.921,0.523,0.15900000000000003
432,2008,Mali,28,MLI,0.794,0.931,0.734,0.918,0.536,0.15900000000000003
432,2009,Mali,28,MLI,0.792,0.931,0.734,0.922,0.529,0.15900000000000003
432,2010,Mali,28,MLI,0.793,0.931,0.742,0.922,0.497,0.119
432,2011,Mali,28,MLI,0.793,0.931,0.742,0.929,0.491,0.119
432,2012,Mali,28,MLI,0.796,0.925,0.732,0.919,0.353,0.119
432,2013,Mali,28,MLI,0.753,0.85,0.716,0.888,0.302,0.241
432,2014,Mali,28,MLI,0.754,0.843,0.718,0.881,0.437,0.241
432,2015,Mali,28,MLI,0.752,0.836,0.718,0.87,0.467,0.241
432,2016,Mali,28,MLI,0.752,0.836,0.718,0.87,0.474,0.241
432,2017,Mali,28,MLI,0.751,0.857,0.662,0.851,0.434,0.14700000000000002
432,2018,Mali,28,MLI,0.711,0.88,0.66,0.848,0.361,0.14700000000000002
432,2019,Mali,28,MLI,0.718,0.877,0.694,0.86,0.377,0.18200000000000005
432,2020,Mali,28,MLI,0.777,0.762,0.699,0.825,0.331,0.18200000000000005
432,2021,Mali,28,MLI,0.241,0.656,0.676,0.813,0.179,0.18200000000000005
432,2022,Mali,28,MLI,0.242,0.634,0.65,0.72,0.146,0.18200000000000005
432,2023,Mali,28,MLI,0.241,0.588,0.655,0.709,0.169,0.18200000000000005
432,2024,Mali,28,MLI,0.218,0.537,0.621,0.63,0.16,0.18200000000000005
433,1968,Senegal,31,SEN,0.696,0.374,0.736,0.542,0.725,0.5549999999999999
433,1969,Senegal,31,SEN,0.697,0.509,0.736,0.542,0.727,0.5549999999999999
433,1970,Senegal,31,SEN,0.696,0.509,0.758,0.579,0.733,0.5549999999999999
433,1971,Senegal,31,SEN,0.697,0.509,0.756,0.579,0.732,0.5549999999999999
433,1972,Senegal,31,SEN,0.697,0.509,0.756,0.602,0.737,0.5549999999999999
433,1973,Senegal,31,SEN,0.662,0.509,0.756,0.602,0.735,0.5549999999999999
433,1974,Senegal,31,SEN,0.662,0.509,0.756,0.602,0.736,0.5549999999999999
433,1975,Senegal,31,SEN,0.663,0.509,0.756,0.602,0.735,0.5549999999999999
433,1976,Senegal,31,SEN,0.663,0.509,0.782,0.64,0.735,0.5549999999999999
433,1977,Senegal,31,SEN,0.663,0.509,0.782,0.64,0.736,0.5549999999999999
433,1978,Senegal,31,SEN,0.702,0.509,0.782,0.64,0.734,0.5549999999999999
433,1979,Senegal,31,SEN,0.7,0.509,0.782,0.64,0.73,0.5549999999999999
433,1980,Senegal,31,SEN,0.701,0.698,0.786,0.646,0.735,0.563
433,1981,Senegal,31,SEN,0.702,0.834,0.786,0.732,0.741,0.562
433,1982,Senegal,31,SEN,0.704,0.855,0.792,0.738,0.738,0.562
433,1983,Senegal,31,SEN,0.716,0.855,0.802,0.738,0.74,0.562
433,1984,Senegal,31,SEN,0.717,0.855,0.802,0.741,0.741,0.562
433,1985,Senegal,31,SEN,0.718,0.855,0.802,0.741,0.738,0.562
433,1986,Senegal,31,SEN,0.719,0.855,0.802,0.741,0.732,0.562
433,1987,Senegal,31,SEN,0.719,0.855,0.802,0.741,0.735,0.562
433,1988,Senegal,31,SEN,0.727,0.855,0.802,0.739,0.74,0.562
433,1989,Senegal,31,SEN,0.727,0.855,0.802,0.739,0.738,0.562
433,1990,Senegal,31,SEN,0.733,0.855,0.802,0.73,0.737,0.562
433,1991,Senegal,31,SEN,0.733,0.884,0.802,0.766,0.736,0.562
433,1992,Senegal,31,SEN,0.752,0.902,0.802,0.766,0.735,0.562
433,1993,Senegal,31,SEN,0.835,0.902,0.802,0.778,0.737,0.562
433,1994,Senegal,31,SEN,0.835,0.902,0.802,0.798,0.74,0.562
433,1995,Senegal,31,SEN,0.834,0.919,0.802,0.813,0.736,0.562
433,1996,Senegal,31,SEN,0.835,0.919,0.802,0.821,0.737,0.562
433,1997,Senegal,31,SEN,0.835,0.919,0.817,0.821,0.736,0.562
433,1998,Senegal,31,SEN,0.835,0.919,0.817,0.821,0.735,0.562
433,1999,Senegal,31,SEN,0.835,0.919,0.817,0.821,0.733,0.562
433,2000,Senegal,31,SEN,0.853,0.919,0.817,0.853,0.753,0.562
433,2001,Senegal,31,SEN,0.847,0.919,0.842,0.872,0.739,0.562
433,2002,Senegal,31,SEN,0.847,0.919,0.842,0.872,0.779,0.562
433,2003,Senegal,31,SEN,0.848,0.919,0.842,0.872,0.781,0.562
433,2004,Senegal,31,SEN,0.847,0.919,0.842,0.872,0.777,0.562
433,2005,Senegal,31,SEN,0.848,0.919,0.842,0.872,0.776,0.562
433,2006,Senegal,31,SEN,0.848,0.919,0.842,0.872,0.779,0.562
433,2007,Senegal,31,SEN,0.841,0.914,0.842,0.87,0.783,0.562
433,2008,Senegal,31,SEN,0.841,0.909,0.842,0.868,0.777,0.562
433,2009,Senegal,31,SEN,0.84,0.924,0.842,0.862,0.777,0.562
433,2010,Senegal,31,SEN,0.841,0.924,0.846,0.896,0.776,0.562
433,2011,Senegal,31,SEN,0.84,0.924,0.846,0.896,0.778,0.562
433,2012,Senegal,31,SEN,0.866,0.921,0.844,0.894,0.781,0.581
433,2013,Senegal,31,SEN,0.874,0.921,0.851,0.939,0.801,0.7989999999999999
433,2014,Senegal,31,SEN,0.874,0.921,0.851,0.942,0.801,0.7989999999999999
433,2015,Senegal,31,SEN,0.874,0.921,0.877,0.942,0.795,0.633
433,2016,Senegal,31,SEN,0.874,0.921,0.859,0.943,0.789,0.633
433,2017,Senegal,31,SEN,0.852,0.894,0.861,0.952,0.795,0.601
433,2018,Senegal,31,SEN,0.851,0.921,0.864,0.943,0.793,0.633
433,2019,Senegal,31,SEN,0.858,0.913,0.838,0.942,0.791,0.6890000000000001
433,2020,Senegal,31,SEN,0.866,0.909,0.862,0.943,0.742,0.7010000000000001
433,2021,Senegal,31,SEN,0.866,0.926,0.878,0.941,0.732,0.7010000000000001
433,2022,Senegal,31,SEN,0.834,0.926,0.878,0.914,0.738,0.7010000000000001
433,2023,Senegal,31,SEN,0.826,0.91,0.817,0.878,0.734,0.7010000000000001
433,2024,Senegal,31,SEN,0.854,0.834,0.821,0.846,0.751,0.7010000000000001
434,1968,Benin,52,BEN,0.633,0.489,0.517,0.465,0.505,0.521
434,1969,Benin,52,BEN,0.617,0.489,0.517,0.465,0.507,0.521
434,1970,Benin,52,BEN,0.558,0.489,0.542,0.464,0.508,0.521
434,1971,Benin,52,BEN,0.199,0.489,0.534,0.464,0.49,0.521
434,1972,Benin,52,BEN,0.172,0.42,0.531,0.275,0.358,0.488
434,1973,Benin,52,BEN,0.098,0.324,0.37,0.166,0.253,0.5680000000000001
434,1974,Benin,52,BEN,0.094,0.324,0.367,0.129,0.251,0.5680000000000001
434,1975,Benin,52,BEN,0.095,0.324,0.367,0.101,0.25,0.5680000000000001
434,1976,Benin,52,BEN,0.091,0.324,0.367,0.101,0.257,0.5680000000000001
434,1977,Benin,52,BEN,0.094,0.324,0.367,0.101,0.247,0.5680000000000001
434,1978,Benin,52,BEN,0.094,0.324,0.367,0.101,0.251,0.5680000000000001
434,1979,Benin,52,BEN,0.401,0.324,0.367,0.101,0.25,0.5680000000000001
434,1980,Benin,52,BEN,0.401,0.339,0.367,0.101,0.255,0.726
434,1981,Benin,52,BEN,0.402,0.339,0.367,0.101,0.25,0.726
434,1982,Benin,52,BEN,0.402,0.339,0.367,0.101,0.254,0.726
434,1983,Benin,52,BEN,0.401,0.339,0.367,0.101,0.25,0.726
434,1984,Benin,52,BEN,0.358,0.339,0.367,0.101,0.251,0.726
434,1985,Benin,52,BEN,0.359,0.339,0.367,0.101,0.251,0.726
434,1986,Benin,52,BEN,0.358,0.339,0.367,0.101,0.249,0.726
434,1987,Benin,52,BEN,0.36,0.339,0.367,0.114,0.251,0.696
434,1988,Benin,52,BEN,0.359,0.339,0.367,0.11,0.248,0.696
434,1989,Benin,52,BEN,0.364,0.339,0.367,0.11,0.251,0.696
434,1990,Benin,52,BEN,0.427,0.911,0.822,0.74,0.627,0.377
434,1991,Benin,52,BEN,0.764,0.911,0.836,0.831,0.911,0.41900000000000004
434,1992,Benin,52,BEN,0.775,0.893,0.879,0.89,0.92,0.41900000000000004
434,1993,Benin,52,BEN,0.776,0.893,0.879,0.89,0.919,0.41900000000000004
434,1994,Benin,52,BEN,0.774,0.893,0.879,0.89,0.918,0.41900000000000004
434,1995,Benin,52,BEN,0.8,0.893,0.879,0.89,0.92,0.41900000000000004
434,1996,Benin,52,BEN,0.793,0.893,0.879,0.897,0.917,0.346
434,1997,Benin,52,BEN,0.795,0.874,0.874,0.902,0.918,0.31999999999999995
434,1998,Benin,52,BEN,0.791,0.874,0.874,0.902,0.917,0.31999999999999995
434,1999,Benin,52,BEN,0.784,0.874,0.874,0.902,0.917,0.31999999999999995
434,2000,Benin,52,BEN,0.782,0.874,0.874,0.896,0.918,0.31999999999999995
434,2001,Benin,52,BEN,0.784,0.874,0.874,0.9,0.918,0.31999999999999995
434,2002,Benin,52,BEN,0.783,0.874,0.874,0.903,0.919,0.31999999999999995
434,2003,Benin,52,BEN,0.777,0.874,0.874,0.903,0.915,0.31999999999999995
434,2004,Benin,52,BEN,0.775,0.874,0.874,0.903,0.917,0.31999999999999995
434,2005,Benin,52,BEN,0.806,0.88,0.88,0.88,0.886,0.33499999999999996
434,2006,Benin,52,BEN,0.844,0.88,0.874,0.853,0.886,0.32599999999999996
434,2007,Benin,52,BEN,0.831,0.87,0.876,0.847,0.882,0.32599999999999996
434,2008,Benin,52,BEN,0.829,0.873,0.876,0.847,0.883,0.32999999999999996
434,2009,Benin,52,BEN,0.829,0.873,0.876,0.849,0.885,0.32999999999999996
434,2010,Benin,52,BEN,0.831,0.884,0.876,0.848,0.884,0.32999999999999996
434,2011,Benin,52,BEN,0.79,0.884,0.878,0.843,0.882,0.32999999999999996
434,2012,Benin,52,BEN,0.79,0.884,0.878,0.851,0.886,0.32999999999999996
434,2013,Benin,52,BEN,0.793,0.867,0.894,0.859,0.836,0.397
434,2014,Benin,52,BEN,0.798,0.867,0.894,0.853,0.835,0.397
434,2015,Benin,52,BEN,0.842,0.884,0.881,0.861,0.883,0.32599999999999996
434,2016,Benin,52,BEN,0.866,0.896,0.908,0.851,0.89,0.757
434,2017,Benin,52,BEN,0.865,0.899,0.927,0.837,0.858,0.483
434,2018,Benin,52,BEN,0.857,0.849,0.923,0.757,0.731,0.483
434,2019,Benin,52,BEN,0.656,0.809,0.878,0.646,0.59,0.483
434,2020,Benin,52,BEN,0.662,0.763,0.871,0.664,0.452,0.907
434,2021,Benin,52,BEN,0.673,0.778,0.867,0.696,0.447,0.907
434,2022,Benin,52,BEN,0.676,0.788,0.864,0.73,0.438,0.895
434,2023,Benin,52,BEN,0.757,0.788,0.871,0.698,0.416,0.881
434,2024,Benin,52,BEN,0.761,0.792,0.876,0.695,0.354,0.873
435,1968,Mauritania,65,MRT,0.436,0.681,0.509,0.281,0.267,0.30300000000000005
435,1969,Mauritania,65,MRT,0.436,0.681,0.509,0.281,0.26,0.30300000000000005
435,1970,Mauritania,65,MRT,0.437,0.681,0.523,0.299,0.259,0.30300000000000005
435,1971,Mauritania,65,MRT,0.43,0.681,0.523,0.299,0.267,0.30300000000000005
435,1972,Mauritania,65,MRT,0.429,0.681,0.523,0.299,0.266,0.30300000000000005
435,1973,Mauritania,65,MRT,0.428,0.681,0.515,0.299,0.26,0.30300000000000005
435,1974,Mauritania,65,MRT,0.429,0.681,0.515,0.299,0.265,0.30300000000000005
435,1975,Mauritania,65,MRT,0.42,0.681,0.515,0.299,0.268,0.30300000000000005
435,1976,Mauritania,65,MRT,0.422,0.681,0.515,0.299,0.262,0.30300000000000005
435,1977,Mauritania,65,MRT,0.424,0.681,0.515,0.299,0.263,0.30300000000000005
435,1978,Mauritania,65,MRT,0.422,0.513,0.49,0.174,0.217,0.272
435,1979,Mauritania,65,MRT,0.117,0.489,0.361,0.133,0.036,0.237
435,1980,Mauritania,65,MRT,0.117,0.489,0.361,0.133,0.038,0.237
435,1981,Mauritania,65,MRT,0.116,0.489,0.369,0.133,0.038,0.237
435,1982,Mauritania,65,MRT,0.116,0.489,0.336,0.133,0.038,0.237
435,1983,Mauritania,65,MRT,0.118,0.489,0.336,0.133,0.036,0.237
435,1984,Mauritania,65,MRT,0.115,0.489,0.336,0.179,0.038,0.237
435,1985,Mauritania,65,MRT,0.116,0.489,0.356,0.179,0.039,0.08099999999999996
435,1986,Mauritania,65,MRT,0.118,0.489,0.356,0.179,0.036,0.08099999999999996
435,1987,Mauritania,65,MRT,0.118,0.489,0.356,0.233,0.038,0.08099999999999996
435,1988,Mauritania,65,MRT,0.116,0.489,0.356,0.233,0.038,0.08099999999999996
435,1989,Mauritania,65,MRT,0.117,0.489,0.339,0.252,0.039,0.08099999999999996
435,1990,Mauritania,65,MRT,0.118,0.489,0.346,0.291,0.036,0.08099999999999996
435,1991,Mauritania,65,MRT,0.149,0.489,0.37,0.358,0.038,0.08099999999999996
435,1992,Mauritania,65,MRT,0.543,0.551,0.502,0.592,0.18,0.08099999999999996
435,1993,Mauritania,65,MRT,0.547,0.551,0.526,0.592,0.189,0.08099999999999996
435,1994,Mauritania,65,MRT,0.547,0.551,0.526,0.592,0.184,0.08099999999999996
435,1995,Mauritania,65,MRT,0.549,0.551,0.526,0.605,0.185,0.08099999999999996
435,1996,Mauritania,65,MRT,0.502,0.551,0.539,0.612,0.23,0.08099999999999996
435,1997,Mauritania,65,MRT,0.503,0.551,0.539,0.612,0.231,0.08099999999999996
435,1998,Mauritania,65,MRT,0.518,0.551,0.539,0.612,0.23,0.08099999999999996
435,1999,Mauritania,65,MRT,0.52,0.551,0.539,0.612,0.228,0.08099999999999996
435,2000,Mauritania,65,MRT,0.517,0.628,0.561,0.622,0.231,0.08099999999999996
435,2001,Mauritania,65,MRT,0.539,0.628,0.561,0.651,0.228,0.08099999999999996
435,2002,Mauritania,65,MRT,0.538,0.628,0.565,0.658,0.228,0.08099999999999996
435,2003,Mauritania,65,MRT,0.507,0.628,0.558,0.658,0.234,0.08099999999999996
435,2004,Mauritania,65,MRT,0.507,0.628,0.588,0.701,0.228,0.08099999999999996
435,2005,Mauritania,65,MRT,0.51,0.782,0.613,0.755,0.146,0.09799999999999998
435,2006,Mauritania,65,MRT,0.727,0.81,0.673,0.876,0.207,0.17000000000000004
435,2007,Mauritania,65,MRT,0.732,0.835,0.707,0.883,0.441,0.17000000000000004
435,2008,Mauritania,65,MRT,0.718,0.717,0.701,0.872,0.254,0.15500000000000003
435,2009,Mauritania,65,MRT,0.717,0.69,0.681,0.872,0.256,0.15500000000000003
435,2010,Mauritania,65,MRT,0.704,0.676,0.681,0.862,0.219,0.15500000000000003
435,2011,Mauritania,65,MRT,0.707,0.676,0.681,0.862,0.215,0.15500000000000003
435,2012,Mauritania,65,MRT,0.717,0.676,0.681,0.858,0.219,0.15500000000000003
435,2013,Mauritania,65,MRT,0.688,0.548,0.49,0.79,0.24,0.11499999999999999
435,2014,Mauritania,65,MRT,0.723,0.548,0.478,0.799,0.239,0.11499999999999999
435,2015,Mauritania,65,MRT,0.723,0.548,0.475,0.789,0.241,0.11499999999999999
435,2016,Mauritania,65,MRT,0.722,0.548,0.475,0.789,0.242,0.11499999999999999
435,2017,Mauritania,65,MRT,0.721,0.41,0.462,0.671,0.175,0.136
435,2018,Mauritania,65,MRT,0.702,0.443,0.506,0.701,0.192,0.129
435,2019,Mauritania,65,MRT,0.7,0.628,0.605,0.75,0.208,0.20099999999999996
435,2020,Mauritania,65,MRT,0.693,0.566,0.584,0.746,0.434,0.11399999999999999
435,2021,Mauritania,65,MRT,0.695,0.61,0.508,0.713,0.43,0.11399999999999999
435,2022,Mauritania,65,MRT,0.692,0.602,0.518,0.726,0.417,0.11399999999999999
435,2023,Mauritania,65,MRT,0.655,0.612,0.552,0.698,0.352,0.16000000000000003
435,2024,Mauritania,65,MRT,0.633,0.652,0.293,0.65,0.341,0.16000000000000003
436,1968,Niger,60,NER,0.466,0.05,0.376,0.15,0.329,0.266
436,1969,Niger,60,NER,0.464,0.057,0.376,0.15,0.327,0.266
436,1970,Niger,60,NER,0.466,0.057,0.392,0.154,0.314,0.266
436,1971,Niger,60,NER,0.466,0.057,0.392,0.154,0.316,0.266
436,1972,Niger,60,NER,0.468,0.057,0.392,0.154,0.309,0.266
436,1973,Niger,60,NER,0.466,0.068,0.392,0.154,0.315,0.266
436,1974,Niger,60,NER,0.432,0.068,0.39,0.142,0.442,0.821
436,1975,Niger,60,NER,0.131,0.074,0.446,0.142,0.167,0.821
436,1976,Niger,60,NER,0.13,0.074,0.446,0.142,0.163,0.821
436,1977,Niger,60,NER,0.129,0.074,0.453,0.142,0.16,0.821
436,1978,Niger,60,NER,0.13,0.09,0.446,0.142,0.159,0.821
436,1979,Niger,60,NER,0.129,0.09,0.446,0.13,0.163,0.821
436,1980,Niger,60,NER,0.128,0.09,0.456,0.149,0.16,0.821
436,1981,Niger,60,NER,0.126,0.09,0.456,0.149,0.168,0.821
436,1982,Niger,60,NER,0.129,0.102,0.456,0.149,0.16,0.821
436,1983,Niger,60,NER,0.13,0.102,0.456,0.149,0.16,0.821
436,1984,Niger,60,NER,0.128,0.102,0.456,0.149,0.167,0.821
436,1985,Niger,60,NER,0.126,0.087,0.456,0.149,0.162,0.821
436,1986,Niger,60,NER,0.13,0.087,0.456,0.149,0.165,0.821
436,1987,Niger,60,NER,0.126,0.099,0.456,0.172,0.306,0.267
436,1988,Niger,60,NER,0.128,0.226,0.538,0.295,0.307,0.267
436,1989,Niger,60,NER,0.488,0.203,0.539,0.579,0.184,0.267
436,1990,Niger,60,NER,0.517,0.624,0.699,0.695,0.231,0.267
436,1991,Niger,60,NER,0.549,0.604,0.729,0.708,0.358,0.33899999999999997
436,1992,Niger,60,NER,0.547,0.723,0.738,0.708,0.357,0.33899999999999997
436,1993,Niger,60,NER,0.813,0.784,0.738,0.77,0.791,0.33899999999999997
436,1994,Niger,60,NER,0.815,0.784,0.738,0.77,0.789,0.33899999999999997
436,1995,Niger,60,NER,0.799,0.784,0.738,0.799,0.789,0.33899999999999997
436,1996,Niger,60,NER,0.598,0.63,0.73,0.734,0.468,0.33899999999999997
436,1997,Niger,60,NER,0.592,0.487,0.714,0.777,0.212,0.33899999999999997
436,1998,Niger,60,NER,0.593,0.487,0.714,0.777,0.214,0.33899999999999997
436,1999,Niger,60,NER,0.673,0.618,0.7,0.765,0.173,0.33899999999999997
436,2000,Niger,60,NER,0.753,0.803,0.795,0.797,0.754,0.33899999999999997
436,2001,Niger,60,NER,0.753,0.799,0.795,0.797,0.756,0.33899999999999997
436,2002,Niger,60,NER,0.752,0.799,0.795,0.797,0.755,0.33899999999999997
436,2003,Niger,60,NER,0.752,0.799,0.795,0.797,0.759,0.33899999999999997
436,2004,Niger,60,NER,0.781,0.799,0.795,0.797,0.756,0.33899999999999997
436,2005,Niger,60,NER,0.782,0.799,0.795,0.797,0.756,0.33899999999999997
436,2006,Niger,60,NER,0.78,0.831,0.795,0.797,0.758,0.33899999999999997
436,2007,Niger,60,NER,0.781,0.831,0.795,0.797,0.764,0.33899999999999997
436,2008,Niger,60,NER,0.781,0.799,0.804,0.797,0.739,0.33899999999999997
436,2009,Niger,60,NER,0.71,0.751,0.754,0.798,0.53,0.33899999999999997
436,2010,Niger,60,NER,0.242,0.856,0.842,0.853,0.525,0.42400000000000004
436,2011,Niger,60,NER,0.792,0.857,0.839,0.857,0.754,0.481
436,2012,Niger,60,NER,0.779,0.86,0.828,0.871,0.874,0.481
436,2013,Niger,60,NER,0.776,0.93,0.836,0.879,0.881,0.43600000000000005
436,2014,Niger,60,NER,0.777,0.93,0.832,0.879,0.884,0.43600000000000005
436,2015,Niger,60,NER,0.775,0.907,0.824,0.878,0.883,0.43600000000000005
436,2016,Niger,60,NER,0.733,0.907,0.842,0.878,0.882,0.43600000000000005
436,2017,Niger,60,NER,0.722,0.854,0.837,0.849,0.844,0.43600000000000005
436,2018,Niger,60,NER,0.722,0.817,0.805,0.837,0.839,0.43600000000000005
436,2019,Niger,60,NER,0.703,0.795,0.789,0.849,0.837,0.43600000000000005
436,2020,Niger,60,NER,0.776,0.792,0.779,0.842,0.825,0.43600000000000005
436,2021,Niger,60,NER,0.734,0.822,0.803,0.799,0.792,0.43600000000000005
436,2022,Niger,60,NER,0.724,0.823,0.814,0.802,0.681,0.41100000000000003
436,2023,Niger,60,NER,0.716,0.905,0.795,0.803,0.646,0.28300000000000003
436,2024,Niger,60,NER,0.224,0.916,0.801,0.752,0.721,0.32899999999999996
437,1968,Ivory Coast,64,CIV,0.418,0.434,0.562,0.134,0.297,0.18300000000000005
437,1969,Ivory Coast,64,CIV,0.417,0.434,0.562,0.134,0.299,0.18300000000000005
437,1970,Ivory Coast,64,CIV,0.414,0.434,0.582,0.151,0.301,0.239
437,1971,Ivory Coast,64,CIV,0.413,0.434,0.583,0.151,0.303,0.239
437,1972,Ivory Coast,64,CIV,0.414,0.434,0.583,0.151,0.294,0.239
437,1973,Ivory Coast,64,CIV,0.414,0.434,0.583,0.151,0.301,0.239
437,1974,Ivory Coast,64,CIV,0.415,0.434,0.583,0.151,0.299,0.239
437,1975,Ivory Coast,64,CIV,0.412,0.434,0.583,0.151,0.299,0.239
437,1976,Ivory Coast,64,CIV,0.41,0.465,0.583,0.151,0.301,0.239
437,1977,Ivory Coast,64,CIV,0.411,0.465,0.583,0.151,0.299,0.239
437,1978,Ivory Coast,64,CIV,0.411,0.465,0.583,0.151,0.299,0.239
437,1979,Ivory Coast,64,CIV,0.412,0.465,0.583,0.151,0.303,0.239
437,1980,Ivory Coast,64,CIV,0.42,0.465,0.583,0.151,0.299,0.239
437,1981,Ivory Coast,64,CIV,0.42,0.465,0.583,0.151,0.298,0.239
437,1982,Ivory Coast,64,CIV,0.42,0.465,0.583,0.151,0.3,0.239
437,1983,Ivory Coast,64,CIV,0.419,0.465,0.583,0.151,0.297,0.239
437,1984,Ivory Coast,64,CIV,0.42,0.465,0.583,0.151,0.297,0.239
437,1985,Ivory Coast,64,CIV,0.428,0.529,0.583,0.151,0.296,0.239
437,1986,Ivory Coast,64,CIV,0.428,0.535,0.583,0.151,0.297,0.239
437,1987,Ivory Coast,64,CIV,0.428,0.535,0.583,0.151,0.302,0.239
437,1988,Ivory Coast,64,CIV,0.431,0.535,0.583,0.151,0.298,0.239
437,1989,Ivory Coast,64,CIV,0.43,0.535,0.583,0.152,0.301,0.239
437,1990,Ivory Coast,64,CIV,0.526,0.761,0.634,0.528,0.355,0.5
437,1991,Ivory Coast,64,CIV,0.527,0.771,0.644,0.527,0.363,0.5
437,1992,Ivory Coast,64,CIV,0.525,0.771,0.639,0.527,0.37,0.5
437,1993,Ivory Coast,64,CIV,0.532,0.768,0.63,0.565,0.374,0.475
437,1994,Ivory Coast,64,CIV,0.531,0.87,0.628,0.707,0.389,0.33999999999999997
437,1995,Ivory Coast,64,CIV,0.595,0.881,0.628,0.7,0.391,0.33999999999999997
437,1996,Ivory Coast,64,CIV,0.628,0.881,0.657,0.7,0.394,0.33999999999999997
437,1997,Ivory Coast,64,CIV,0.627,0.881,0.662,0.707,0.39,0.33999999999999997
437,1998,Ivory Coast,64,CIV,0.628,0.796,0.682,0.707,0.394,0.33999999999999997
437,1999,Ivory Coast,64,CIV,0.629,0.795,0.681,0.699,0.414,0.33999999999999997
437,2000,Ivory Coast,64,CIV,0.65,0.9,0.694,0.771,0.522,0.346
437,2001,Ivory Coast,64,CIV,0.659,0.907,0.679,0.771,0.499,0.346
437,2002,Ivory Coast,64,CIV,0.66,0.892,0.692,0.742,0.489,0.357
437,2003,Ivory Coast,64,CIV,0.66,0.871,0.695,0.742,0.483,0.357
437,2004,Ivory Coast,64,CIV,0.658,0.877,0.694,0.754,0.481,0.357
437,2005,Ivory Coast,64,CIV,0.66,0.854,0.705,0.711,0.485,0.357
437,2006,Ivory Coast,64,CIV,0.659,0.854,0.712,0.71,0.495,0.357
437,2007,Ivory Coast,64,CIV,0.66,0.874,0.711,0.71,0.489,0.357
437,2008,Ivory Coast,64,CIV,0.66,0.868,0.708,0.71,0.491,0.357
437,2009,Ivory Coast,64,CIV,0.661,0.868,0.697,0.71,0.489,0.357
437,2010,Ivory Coast,64,CIV,0.713,0.852,0.684,0.703,0.496,0.357
437,2011,Ivory Coast,64,CIV,0.715,0.846,0.687,0.669,0.529,0.45199999999999996
437,2012,Ivory Coast,64,CIV,0.717,0.867,0.74,0.699,0.526,0.501
437,2013,Ivory Coast,64,CIV,0.721,0.81,0.827,0.695,0.509,0.46399999999999997
437,2014,Ivory Coast,64,CIV,0.717,0.851,0.823,0.701,0.514,0.46399999999999997
437,2015,Ivory Coast,64,CIV,0.77,0.857,0.832,0.693,0.514,0.472
437,2016,Ivory Coast,64,CIV,0.773,0.857,0.821,0.699,0.515,0.472
437,2017,Ivory Coast,64,CIV,0.782,0.842,0.766,0.681,0.505,0.45099999999999996
437,2018,Ivory Coast,64,CIV,0.78,0.842,0.765,0.689,0.513,0.45099999999999996
437,2019,Ivory Coast,64,CIV,0.78,0.842,0.758,0.673,0.458,0.46599999999999997
437,2020,Ivory Coast,64,CIV,0.647,0.827,0.676,0.644,0.222,0.42100000000000004
437,2021,Ivory Coast,64,CIV,0.668,0.827,0.674,0.652,0.225,0.395
437,2022,Ivory Coast,64,CIV,0.671,0.824,0.679,0.661,0.223,0.43700000000000006
437,2023,Ivory Coast,64,CIV,0.673,0.785,0.696,0.669,0.219,0.43700000000000006
437,2024,Ivory Coast,64,CIV,0.671,0.816,0.687,0.667,0.311,0.392
438,1968,Guinea,63,GIN,0.309,0.032,0.115,0.026,0.081,0.46199999999999997
438,1969,Guinea,63,GIN,0.31,0.032,0.105,0.025,0.08,0.46199999999999997
438,1970,Guinea,63,GIN,0.309,0.032,0.105,0.02,0.084,0.46199999999999997
438,1971,Guinea,63,GIN,0.309,0.032,0.105,0.02,0.084,0.46199999999999997
438,1972,Guinea,63,GIN,0.31,0.032,0.105,0.02,0.082,0.46199999999999997
438,1973,Guinea,63,GIN,0.308,0.032,0.105,0.02,0.083,0.46199999999999997
438,1974,Guinea,63,GIN,0.311,0.032,0.105,0.02,0.084,0.46199999999999997
438,1975,Guinea,63,GIN,0.311,0.032,0.108,0.02,0.084,0.46199999999999997
438,1976,Guinea,63,GIN,0.311,0.032,0.108,0.02,0.084,0.46199999999999997
438,1977,Guinea,63,GIN,0.311,0.032,0.108,0.02,0.085,0.46199999999999997
438,1978,Guinea,63,GIN,0.312,0.032,0.108,0.02,0.084,0.46199999999999997
438,1979,Guinea,63,GIN,0.311,0.032,0.108,0.02,0.083,0.46199999999999997
438,1980,Guinea,63,GIN,0.311,0.032,0.115,0.02,0.083,0.46199999999999997
438,1981,Guinea,63,GIN,0.311,0.032,0.115,0.02,0.083,0.46199999999999997
438,1982,Guinea,63,GIN,0.312,0.032,0.115,0.02,0.083,0.46199999999999997
438,1983,Guinea,63,GIN,0.311,0.032,0.119,0.02,0.084,0.46199999999999997
438,1984,Guinea,63,GIN,0.314,0.044,0.156,0.02,0.079,0.46199999999999997
438,1985,Guinea,63,GIN,0.149,0.314,0.261,0.127,0.083,0.19399999999999995
438,1986,Guinea,63,GIN,0.145,0.314,0.265,0.136,0.083,0.09799999999999998
438,1987,Guinea,63,GIN,0.149,0.314,0.244,0.152,0.085,0.09799999999999998
438,1988,Guinea,63,GIN,0.149,0.314,0.244,0.152,0.082,0.09799999999999998
438,1989,Guinea,63,GIN,0.147,0.314,0.244,0.168,0.082,0.09799999999999998
438,1990,Guinea,63,GIN,0.168,0.314,0.268,0.256,0.088,0.09799999999999998
438,1991,Guinea,63,GIN,0.175,0.333,0.34,0.444,0.22,0.09799999999999998
438,1992,Guinea,63,GIN,0.205,0.429,0.342,0.5,0.224,0.09799999999999998
438,1993,Guinea,63,GIN,0.426,0.429,0.349,0.487,0.221,0.09799999999999998
438,1994,Guinea,63,GIN,0.443,0.429,0.336,0.487,0.225,0.062000000000000055
438,1995,Guinea,63,GIN,0.446,0.429,0.336,0.487,0.231,0.062000000000000055
438,1996,Guinea,63,GIN,0.446,0.429,0.331,0.505,0.276,0.062000000000000055
438,1997,Guinea,63,GIN,0.445,0.432,0.304,0.505,0.278,0.062000000000000055
438,1998,Guinea,63,GIN,0.452,0.432,0.324,0.487,0.279,0.062000000000000055
438,1999,Guinea,63,GIN,0.452,0.432,0.324,0.505,0.275,0.062000000000000055
438,2000,Guinea,63,GIN,0.454,0.432,0.328,0.543,0.269,0.062000000000000055
438,2001,Guinea,63,GIN,0.452,0.432,0.328,0.575,0.272,0.062000000000000055
438,2002,Guinea,63,GIN,0.443,0.432,0.328,0.569,0.268,0.062000000000000055
438,2003,Guinea,63,GIN,0.451,0.432,0.329,0.59,0.266,0.062000000000000055
438,2004,Guinea,63,GIN,0.441,0.432,0.329,0.575,0.267,0.062000000000000055
438,2005,Guinea,63,GIN,0.443,0.432,0.324,0.575,0.267,0.062000000000000055
438,2006,Guinea,63,GIN,0.442,0.432,0.324,0.575,0.287,0.062000000000000055
438,2007,Guinea,63,GIN,0.441,0.432,0.334,0.575,0.308,0.062000000000000055
438,2008,Guinea,63,GIN,0.443,0.431,0.245,0.558,0.217,0.062000000000000055
438,2009,Guinea,63,GIN,0.199,0.407,0.231,0.594,0.227,0.07799999999999996
438,2010,Guinea,63,GIN,0.644,0.533,0.438,0.701,0.233,0.07199999999999995
438,2011,Guinea,63,GIN,0.642,0.523,0.456,0.717,0.232,0.129
438,2012,Guinea,63,GIN,0.641,0.523,0.456,0.726,0.235,0.126
438,2013,Guinea,63,GIN,0.627,0.532,0.428,0.684,0.25,0.17500000000000004
438,2014,Guinea,63,GIN,0.63,0.532,0.428,0.688,0.245,0.17500000000000004
438,2015,Guinea,63,GIN,0.62,0.52,0.428,0.681,0.243,0.17500000000000004
438,2016,Guinea,63,GIN,0.619,0.521,0.443,0.687,0.239,0.17500000000000004
438,2017,Guinea,63,GIN,0.616,0.521,0.44,0.671,0.24,0.18700000000000006
438,2018,Guinea,63,GIN,0.614,0.491,0.399,0.693,0.236,0.16800000000000004
438,2019,Guinea,63,GIN,0.613,0.474,0.333,0.693,0.233,0.16800000000000004
438,2020,Guinea,63,GIN,0.523,0.473,0.235,0.561,0.228,0.11699999999999999
438,2021,Guinea,63,GIN,0.524,0.473,0.222,0.561,0.223,0.11699999999999999
438,2022,Guinea,63,GIN,0.202,0.473,0.218,0.561,0.21,0.11699999999999999
438,2023,Guinea,63,GIN,0.2,0.421,0.233,0.555,0.213,0.11699999999999999
438,2024,Guinea,63,GIN,0.175,0.421,0.21,0.545,0.19,0.11699999999999999
439,1968,Burkina Faso,54,BFA,0.223,0.436,0.591,0.411,0.224,0.471
439,1969,Burkina Faso,54,BFA,0.223,0.436,0.591,0.411,0.221,0.471
439,1970,Burkina Faso,54,BFA,0.671,0.547,0.587,0.411,0.278,0.471
439,1971,Burkina Faso,54,BFA,0.226,0.465,0.587,0.411,0.28,0.471
439,1972,Burkina Faso,54,BFA,0.225,0.465,0.587,0.411,0.324,0.471
439,1973,Burkina Faso,54,BFA,0.225,0.465,0.587,0.411,0.325,0.471
439,1974,Burkina Faso,54,BFA,0.223,0.465,0.558,0.411,0.307,0.471
439,1975,Burkina Faso,54,BFA,0.227,0.465,0.558,0.411,0.26,0.471
439,1976,Burkina Faso,54,BFA,0.225,0.465,0.558,0.411,0.262,0.471
439,1977,Burkina Faso,54,BFA,0.224,0.518,0.553,0.411,0.266,0.471
439,1978,Burkina Faso,54,BFA,0.69,0.469,0.566,0.496,0.295,0.471
439,1979,Burkina Faso,54,BFA,0.691,0.469,0.552,0.483,0.297,0.471
439,1980,Burkina Faso,54,BFA,0.683,0.488,0.54,0.442,0.271,0.54
439,1981,Burkina Faso,54,BFA,0.199,0.413,0.451,0.442,0.254,0.54
439,1982,Burkina Faso,54,BFA,0.197,0.413,0.442,0.442,0.253,0.54
439,1983,Burkina Faso,54,BFA,0.195,0.382,0.52,0.448,0.271,0.796
439,1984,Burkina Faso,54,BFA,0.199,0.382,0.522,0.422,0.269,0.796
439,1985,Burkina Faso,54,BFA,0.197,0.308,0.521,0.422,0.274,0.796
439,1986,Burkina Faso,54,BFA,0.199,0.308,0.522,0.422,0.267,0.796
439,1987,Burkina Faso,54,BFA,0.197,0.425,0.521,0.447,0.274,0.796
439,1988,Burkina Faso,54,BFA,0.199,0.42,0.512,0.445,0.227,0.31299999999999994
439,1989,Burkina Faso,54,BFA,0.2,0.42,0.498,0.445,0.235,0.31299999999999994
439,1990,Burkina Faso,54,BFA,0.201,0.427,0.555,0.471,0.227,0.31299999999999994
439,1991,Burkina Faso,54,BFA,0.662,0.601,0.607,0.528,0.228,0.31299999999999994
439,1992,Burkina Faso,54,BFA,0.719,0.831,0.634,0.599,0.261,0.509
439,1993,Burkina Faso,54,BFA,0.722,0.93,0.646,0.691,0.24,0.509
439,1994,Burkina Faso,54,BFA,0.72,0.93,0.646,0.691,0.236,0.509
439,1995,Burkina Faso,54,BFA,0.72,0.93,0.646,0.691,0.232,0.509
439,1996,Burkina Faso,54,BFA,0.72,0.93,0.646,0.694,0.231,0.509
439,1997,Burkina Faso,54,BFA,0.728,0.93,0.643,0.709,0.237,0.509
439,1998,Burkina Faso,54,BFA,0.723,0.93,0.643,0.719,0.234,0.509
439,1999,Burkina Faso,54,BFA,0.724,0.93,0.763,0.739,0.412,0.509
439,2000,Burkina Faso,54,BFA,0.736,0.93,0.795,0.791,0.409,0.509
439,2001,Burkina Faso,54,BFA,0.743,0.93,0.795,0.791,0.409,0.509
439,2002,Burkina Faso,54,BFA,0.739,0.93,0.795,0.791,0.413,0.509
439,2003,Burkina Faso,54,BFA,0.738,0.93,0.795,0.791,0.407,0.509
439,2004,Burkina Faso,54,BFA,0.738,0.93,0.795,0.791,0.404,0.509
439,2005,Burkina Faso,54,BFA,0.766,0.93,0.795,0.791,0.408,0.509
439,2006,Burkina Faso,54,BFA,0.767,0.93,0.796,0.791,0.4,0.509
439,2007,Burkina Faso,54,BFA,0.761,0.93,0.796,0.791,0.407,0.509
439,2008,Burkina Faso,54,BFA,0.758,0.93,0.796,0.798,0.406,0.509
439,2009,Burkina Faso,54,BFA,0.759,0.93,0.797,0.798,0.406,0.509
439,2010,Burkina Faso,54,BFA,0.766,0.945,0.812,0.824,0.423,0.509
439,2011,Burkina Faso,54,BFA,0.765,0.945,0.804,0.824,0.425,0.487
439,2012,Burkina Faso,54,BFA,0.794,0.945,0.798,0.828,0.429,0.487
439,2013,Burkina Faso,54,BFA,0.803,0.912,0.827,0.839,0.539,0.5549999999999999
439,2014,Burkina Faso,54,BFA,0.812,0.962,0.85,0.85,0.622,0.54
439,2015,Burkina Faso,54,BFA,0.837,0.961,0.852,0.87,0.627,0.5920000000000001
439,2016,Burkina Faso,54,BFA,0.837,0.918,0.833,0.883,0.646,0.7
439,2017,Burkina Faso,54,BFA,0.837,0.938,0.857,0.879,0.639,0.726
439,2018,Burkina Faso,54,BFA,0.83,0.889,0.829,0.853,0.618,0.831
439,2019,Burkina Faso,54,BFA,0.827,0.898,0.827,0.826,0.615,0.725
439,2020,Burkina Faso,54,BFA,0.823,0.898,0.821,0.826,0.646,0.725
439,2021,Burkina Faso,54,BFA,0.822,0.898,0.829,0.811,0.634,0.725
439,2022,Burkina Faso,54,BFA,0.815,0.87,0.806,0.749,0.562,0.725
439,2023,Burkina Faso,54,BFA,0.229,0.771,0.75,0.584,0.385,0.5680000000000001
439,2024,Burkina Faso,54,BFA,0.215,0.361,0.592,0.35,0.304,0.624
450,1968,Liberia,86,LBR,0.389,0.543,0.264,0.157,0.485,0.383
450,1969,Liberia,86,LBR,0.389,0.543,0.264,0.157,0.489,0.383
450,1970,Liberia,86,LBR,0.388,0.568,0.268,0.157,0.486,0.383
450,1971,Liberia,86,LBR,0.394,0.64,0.302,0.196,0.624,0.383
450,1972,Liberia,86,LBR,0.395,0.757,0.346,0.302,0.624,0.383
450,1973,Liberia,86,LBR,0.396,0.757,0.346,0.302,0.628,0.383
450,1974,Liberia,86,LBR,0.395,0.757,0.346,0.302,0.632,0.383
450,1975,Liberia,86,LBR,0.395,0.757,0.346,0.302,0.628,0.383
450,1976,Liberia,86,LBR,0.395,0.757,0.346,0.302,0.622,0.383
450,1977,Liberia,86,LBR,0.395,0.757,0.346,0.302,0.626,0.383
450,1978,Liberia,86,LBR,0.392,0.757,0.346,0.302,0.628,0.383
450,1979,Liberia,86,LBR,0.396,0.757,0.335,0.302,0.628,0.383
450,1980,Liberia,86,LBR,0.382,0.568,0.25,0.121,0.281,0.22299999999999998
450,1981,Liberia,86,LBR,0.14,0.503,0.224,0.093,0.121,0.22299999999999998
450,1982,Liberia,86,LBR,0.142,0.503,0.224,0.088,0.126,0.22299999999999998
450,1983,Liberia,86,LBR,0.143,0.503,0.224,0.088,0.122,0.22299999999999998
450,1984,Liberia,86,LBR,0.168,0.503,0.227,0.094,0.447,0.22299999999999998
450,1985,Liberia,86,LBR,0.563,0.503,0.227,0.084,0.472,0.22299999999999998
450,1986,Liberia,86,LBR,0.577,0.504,0.223,0.217,0.566,0.22299999999999998
450,1987,Liberia,86,LBR,0.577,0.504,0.223,0.217,0.569,0.22299999999999998
450,1988,Liberia,86,LBR,0.574,0.504,0.223,0.217,0.57,0.22299999999999998
450,1989,Liberia,86,LBR,0.558,0.504,0.223,0.217,0.448,0.22299999999999998
450,1990,Liberia,86,LBR,0.246,0.408,0.209,0.286,0.598,0.09299999999999997
450,1991,Liberia,86,LBR,0.206,0.506,0.369,0.47,0.767,0.09299999999999997
450,1992,Liberia,86,LBR,0.208,0.506,0.389,0.47,0.767,0.09299999999999997
450,1993,Liberia,86,LBR,0.209,0.545,0.389,0.511,0.769,0.09299999999999997
450,1994,Liberia,86,LBR,0.207,0.524,0.375,0.45,0.671,0.09299999999999997
450,1995,Liberia,86,LBR,0.21,0.541,0.379,0.453,0.481,0.09299999999999997
450,1996,Liberia,86,LBR,0.206,0.532,0.339,0.368,0.451,0.06799999999999995
450,1997,Liberia,86,LBR,0.745,0.597,0.171,0.403,0.56,0.06799999999999995
450,1998,Liberia,86,LBR,0.747,0.597,0.171,0.403,0.558,0.06799999999999995
450,1999,Liberia,86,LBR,0.747,0.597,0.171,0.385,0.557,0.06799999999999995
450,2000,Liberia,86,LBR,0.749,0.597,0.171,0.38,0.568,0.06799999999999995
450,2001,Liberia,86,LBR,0.747,0.597,0.171,0.38,0.568,0.06799999999999995
450,2002,Liberia,86,LBR,0.747,0.597,0.159,0.38,0.568,0.06799999999999995
450,2003,Liberia,86,LBR,0.726,0.597,0.178,0.426,0.563,0.06799999999999995
450,2004,Liberia,86,LBR,0.237,0.764,0.696,0.774,0.86,0.06799999999999995
450,2005,Liberia,86,LBR,0.783,0.927,0.763,0.835,0.867,0.133
450,2006,Liberia,86,LBR,0.806,0.957,0.8,0.903,0.848,0.22599999999999998
450,2007,Liberia,86,LBR,0.806,0.957,0.8,0.903,0.846,0.22599999999999998
450,2008,Liberia,86,LBR,0.806,0.957,0.8,0.903,0.849,0.22599999999999998
450,2009,Liberia,86,LBR,0.804,0.957,0.8,0.903,0.849,0.22599999999999998
450,2010,Liberia,86,LBR,0.807,0.946,0.8,0.899,0.837,0.22599999999999998
450,2011,Liberia,86,LBR,0.795,0.946,0.8,0.899,0.836,0.22599999999999998
450,2012,Liberia,86,LBR,0.796,0.946,0.793,0.902,0.83,0.19199999999999995
450,2013,Liberia,86,LBR,0.793,0.946,0.767,0.85,0.817,0.19199999999999995
450,2014,Liberia,86,LBR,0.792,0.946,0.767,0.839,0.817,0.19199999999999995
450,2015,Liberia,86,LBR,0.793,0.945,0.767,0.839,0.816,0.19199999999999995
450,2016,Liberia,86,LBR,0.794,0.945,0.761,0.853,0.81,0.19199999999999995
450,2017,Liberia,86,LBR,0.816,0.945,0.822,0.864,0.77,0.19199999999999995
450,2018,Liberia,86,LBR,0.816,0.949,0.789,0.822,0.662,0.16100000000000003
450,2019,Liberia,86,LBR,0.816,0.931,0.741,0.83,0.639,0.16100000000000003
450,2020,Liberia,86,LBR,0.816,0.933,0.758,0.858,0.602,0.16100000000000003
450,2021,Liberia,86,LBR,0.816,0.829,0.782,0.834,0.599,0.16100000000000003
450,2022,Liberia,86,LBR,0.817,0.829,0.782,0.839,0.606,0.16100000000000003
450,2023,Liberia,86,LBR,0.817,0.829,0.782,0.839,0.642,0.16100000000000003
450,2024,Liberia,86,LBR,0.817,0.829,0.782,0.839,0.579,0.16100000000000003
451,1968,Sierra Leone,95,SLE,0.214,0.33,0.33,0.45,0.249,0.479
451,1969,Sierra Leone,95,SLE,0.218,0.299,0.339,0.397,0.238,0.386
451,1970,Sierra Leone,95,SLE,0.215,0.299,0.314,0.397,0.248,0.386
451,1971,Sierra Leone,95,SLE,0.206,0.318,0.326,0.434,0.145,0.386
451,1972,Sierra Leone,95,SLE,0.207,0.247,0.264,0.406,0.147,0.386
451,1973,Sierra Leone,95,SLE,0.461,0.247,0.253,0.406,0.147,0.386
451,1974,Sierra Leone,95,SLE,0.461,0.247,0.253,0.406,0.144,0.386
451,1975,Sierra Leone,95,SLE,0.461,0.247,0.253,0.406,0.145,0.386
451,1976,Sierra Leone,95,SLE,0.464,0.247,0.253,0.406,0.146,0.386
451,1977,Sierra Leone,95,SLE,0.377,0.262,0.253,0.403,0.144,0.386
451,1978,Sierra Leone,95,SLE,0.368,0.262,0.257,0.388,0.141,0.386
451,1979,Sierra Leone,95,SLE,0.369,0.222,0.248,0.362,0.141,0.18200000000000005
451,1980,Sierra Leone,95,SLE,0.368,0.222,0.248,0.338,0.137,0.18200000000000005
451,1981,Sierra Leone,95,SLE,0.363,0.222,0.248,0.332,0.136,0.18200000000000005
451,1982,Sierra Leone,95,SLE,0.388,0.222,0.248,0.332,0.139,0.18200000000000005
451,1983,Sierra Leone,95,SLE,0.386,0.222,0.248,0.332,0.139,0.18200000000000005
451,1984,Sierra Leone,95,SLE,0.386,0.222,0.248,0.332,0.138,0.18200000000000005
451,1985,Sierra Leone,95,SLE,0.368,0.238,0.248,0.346,0.138,0.18200000000000005
451,1986,Sierra Leone,95,SLE,0.381,0.342,0.248,0.397,0.113,0.18200000000000005
451,1987,Sierra Leone,95,SLE,0.381,0.342,0.248,0.397,0.117,0.18200000000000005
451,1988,Sierra Leone,95,SLE,0.382,0.342,0.248,0.397,0.117,0.18200000000000005
451,1989,Sierra Leone,95,SLE,0.383,0.342,0.248,0.402,0.118,0.18200000000000005
451,1990,Sierra Leone,95,SLE,0.38,0.344,0.221,0.402,0.124,0.18200000000000005
451,1991,Sierra Leone,95,SLE,0.382,0.384,0.1,0.42,0.09,0.18200000000000005
451,1992,Sierra Leone,95,SLE,0.381,0.636,0.077,0.474,0.3,0.18200000000000005
451,1993,Sierra Leone,95,SLE,0.123,0.636,0.083,0.496,0.06,0.18200000000000005
451,1994,Sierra Leone,95,SLE,0.162,0.636,0.083,0.502,0.06,0.18200000000000005
451,1995,Sierra Leone,95,SLE,0.173,0.636,0.083,0.516,0.063,0.18200000000000005
451,1996,Sierra Leone,95,SLE,0.755,0.73,0.138,0.619,0.308,0.272
451,1997,Sierra Leone,95,SLE,0.758,0.73,0.113,0.665,0.266,0.32799999999999996
451,1998,Sierra Leone,95,SLE,0.227,0.73,0.13,0.667,0.31,0.32799999999999996
451,1999,Sierra Leone,95,SLE,0.236,0.73,0.168,0.697,0.303,0.32799999999999996
451,2000,Sierra Leone,95,SLE,0.238,0.73,0.205,0.708,0.321,0.32799999999999996
451,2001,Sierra Leone,95,SLE,0.238,0.73,0.205,0.708,0.328,0.32799999999999996
451,2002,Sierra Leone,95,SLE,0.775,0.903,0.647,0.771,0.505,0.32799999999999996
451,2003,Sierra Leone,95,SLE,0.769,0.932,0.688,0.777,0.503,0.31000000000000005
451,2004,Sierra Leone,95,SLE,0.77,0.932,0.688,0.778,0.507,0.31000000000000005
451,2005,Sierra Leone,95,SLE,0.769,0.932,0.681,0.778,0.501,0.31000000000000005
451,2006,Sierra Leone,95,SLE,0.77,0.932,0.65,0.778,0.49,0.31000000000000005
451,2007,Sierra Leone,95,SLE,0.751,0.932,0.708,0.778,0.491,0.261
451,2008,Sierra Leone,95,SLE,0.749,0.932,0.705,0.783,0.485,0.261
451,2009,Sierra Leone,95,SLE,0.748,0.932,0.713,0.786,0.487,0.261
451,2010,Sierra Leone,95,SLE,0.748,0.932,0.751,0.786,0.471,0.28900000000000003
451,2011,Sierra Leone,95,SLE,0.749,0.932,0.751,0.786,0.47,0.28900000000000003
451,2012,Sierra Leone,95,SLE,0.749,0.932,0.751,0.754,0.469,0.28900000000000003
451,2013,Sierra Leone,95,SLE,0.754,0.911,0.725,0.77,0.475,0.28600000000000003
451,2014,Sierra Leone,95,SLE,0.753,0.911,0.725,0.77,0.482,0.28600000000000003
451,2015,Sierra Leone,95,SLE,0.753,0.911,0.725,0.77,0.477,0.28600000000000003
451,2016,Sierra Leone,95,SLE,0.753,0.911,0.725,0.77,0.475,0.28600000000000003
451,2017,Sierra Leone,95,SLE,0.751,0.911,0.713,0.805,0.651,0.258
451,2018,Sierra Leone,95,SLE,0.773,0.911,0.81,0.829,0.662,0.33999999999999997
451,2019,Sierra Leone,95,SLE,0.774,0.911,0.774,0.824,0.714,0.33999999999999997
451,2020,Sierra Leone,95,SLE,0.774,0.911,0.801,0.841,0.724,0.381
451,2021,Sierra Leone,95,SLE,0.772,0.911,0.815,0.846,0.783,0.493
451,2022,Sierra Leone,95,SLE,0.755,0.87,0.814,0.864,0.767,0.493
451,2023,Sierra Leone,95,SLE,0.644,0.881,0.817,0.823,0.72,0.493
451,2024,Sierra Leone,95,SLE,0.644,0.881,0.833,0.823,0.698,0.493
452,1968,Ghana,7,GHA,0.165,0.617,0.49,0.405,0.228,0.45299999999999996
452,1969,Ghana,7,GHA,0.759,0.583,0.648,0.56,0.408,0.45299999999999996
452,1970,Ghana,7,GHA,0.759,0.637,0.763,0.602,0.786,0.34099999999999997
452,1971,Ghana,7,GHA,0.757,0.582,0.763,0.602,0.791,0.34099999999999997
452,1972,Ghana,7,GHA,0.707,0.529,0.51,0.402,0.398,0.33699999999999997
452,1973,Ghana,7,GHA,0.11,0.508,0.478,0.278,0.373,0.33699999999999997
452,1974,Ghana,7,GHA,0.109,0.508,0.478,0.296,0.371,0.33699999999999997
452,1975,Ghana,7,GHA,0.108,0.508,0.478,0.28,0.374,0.33699999999999997
452,1976,Ghana,7,GHA,0.114,0.508,0.478,0.28,0.37,0.33699999999999997
452,1977,Ghana,7,GHA,0.112,0.508,0.478,0.28,0.37,0.33699999999999997
452,1978,Ghana,7,GHA,0.123,0.531,0.478,0.283,0.376,0.33699999999999997
452,1979,Ghana,7,GHA,0.835,0.492,0.606,0.565,0.529,0.33699999999999997
452,1980,Ghana,7,GHA,0.834,0.507,0.726,0.705,0.643,0.356
452,1981,Ghana,7,GHA,0.204,0.41,0.601,0.662,0.483,0.356
452,1982,Ghana,7,GHA,0.104,0.368,0.321,0.288,0.377,0.366
452,1983,Ghana,7,GHA,0.101,0.368,0.352,0.222,0.371,0.366
452,1984,Ghana,7,GHA,0.103,0.368,0.357,0.212,0.377,0.366
452,1985,Ghana,7,GHA,0.101,0.368,0.361,0.213,0.375,0.366
452,1986,Ghana,7,GHA,0.101,0.368,0.368,0.213,0.376,0.366
452,1987,Ghana,7,GHA,0.103,0.368,0.399,0.218,0.375,0.366
452,1988,Ghana,7,GHA,0.103,0.368,0.405,0.217,0.379,0.366
452,1989,Ghana,7,GHA,0.102,0.368,0.405,0.221,0.388,0.348
452,1990,Ghana,7,GHA,0.101,0.382,0.491,0.253,0.382,0.348
452,1991,Ghana,7,GHA,0.105,0.451,0.493,0.253,0.383,0.348
452,1992,Ghana,7,GHA,0.732,0.557,0.524,0.301,0.395,0.278
452,1993,Ghana,7,GHA,0.729,0.895,0.749,0.693,0.729,0.251
452,1994,Ghana,7,GHA,0.728,0.906,0.854,0.753,0.779,0.251
452,1995,Ghana,7,GHA,0.728,0.906,0.854,0.804,0.777,0.251
452,1996,Ghana,7,GHA,0.816,0.904,0.857,0.816,0.82,0.251
452,1997,Ghana,7,GHA,0.837,0.904,0.872,0.827,0.871,0.251
452,1998,Ghana,7,GHA,0.837,0.904,0.872,0.827,0.868,0.251
452,1999,Ghana,7,GHA,0.837,0.91,0.872,0.825,0.872,0.251
452,2000,Ghana,7,GHA,0.886,0.928,0.9,0.895,0.899,0.374
452,2001,Ghana,7,GHA,0.887,0.928,0.906,0.895,0.902,0.374
452,2002,Ghana,7,GHA,0.887,0.928,0.906,0.912,0.899,0.358
452,2003,Ghana,7,GHA,0.887,0.928,0.917,0.912,0.899,0.358
452,2004,Ghana,7,GHA,0.888,0.928,0.917,0.912,0.9,0.358
452,2005,Ghana,7,GHA,0.886,0.928,0.917,0.912,0.899,0.358
452,2006,Ghana,7,GHA,0.888,0.928,0.917,0.912,0.899,0.358
452,2007,Ghana,7,GHA,0.887,0.939,0.917,0.912,0.899,0.358
452,2008,Ghana,7,GHA,0.898,0.939,0.917,0.909,0.897,0.358
452,2009,Ghana,7,GHA,0.898,0.939,0.919,0.913,0.895,0.358
452,2010,Ghana,7,GHA,0.897,0.939,0.922,0.929,0.903,0.366
452,2011,Ghana,7,GHA,0.898,0.939,0.922,0.929,0.901,0.366
452,2012,Ghana,7,GHA,0.89,0.939,0.907,0.931,0.869,0.366
452,2013,Ghana,7,GHA,0.883,0.949,0.913,0.922,0.852,0.351
452,2014,Ghana,7,GHA,0.882,0.949,0.906,0.904,0.852,0.351
452,2015,Ghana,7,GHA,0.88,0.955,0.874,0.906,0.897,0.345
452,2016,Ghana,7,GHA,0.879,0.955,0.899,0.902,0.856,0.345
452,2017,Ghana,7,GHA,0.881,0.945,0.897,0.901,0.863,0.33299999999999996
452,2018,Ghana,7,GHA,0.88,0.945,0.885,0.896,0.864,0.33299999999999996
452,2019,Ghana,7,GHA,0.88,0.91,0.884,0.873,0.881,0.33299999999999996
452,2020,Ghana,7,GHA,0.832,0.933,0.888,0.888,0.875,0.33299999999999996
452,2021,Ghana,7,GHA,0.829,0.914,0.864,0.864,0.895,0.30300000000000005
452,2022,Ghana,7,GHA,0.825,0.883,0.866,0.893,0.893,0.32299999999999995
452,2023,Ghana,7,GHA,0.831,0.883,0.865,0.862,0.898,0.32299999999999995
452,2024,Ghana,7,GHA,0.853,0.883,0.865,0.863,0.894,0.32299999999999995
461,1968,Togo,134,TGO,0.139,0.175,0.349,0.088,0.045,0.591
461,1969,Togo,134,TGO,0.079,0.175,0.349,0.088,0.044,0.591
461,1970,Togo,134,TGO,0.082,0.175,0.349,0.086,0.043,0.591
461,1971,Togo,134,TGO,0.081,0.175,0.383,0.086,0.045,0.591
461,1972,Togo,134,TGO,0.08,0.175,0.383,0.086,0.041,0.591
461,1973,Togo,134,TGO,0.08,0.175,0.383,0.086,0.044,0.591
461,1974,Togo,134,TGO,0.079,0.175,0.383,0.086,0.043,0.591
461,1975,Togo,134,TGO,0.08,0.175,0.383,0.086,0.043,0.591
461,1976,Togo,134,TGO,0.081,0.175,0.383,0.086,0.044,0.591
461,1977,Togo,134,TGO,0.081,0.175,0.383,0.096,0.041,0.591
461,1978,Togo,134,TGO,0.079,0.175,0.383,0.096,0.043,0.591
461,1979,Togo,134,TGO,0.307,0.175,0.383,0.096,0.044,0.591
461,1980,Togo,134,TGO,0.307,0.175,0.383,0.096,0.079,0.591
461,1981,Togo,134,TGO,0.307,0.175,0.382,0.096,0.08,0.591
461,1982,Togo,134,TGO,0.307,0.175,0.382,0.096,0.079,0.591
461,1983,Togo,134,TGO,0.308,0.175,0.382,0.096,0.078,0.591
461,1984,Togo,134,TGO,0.306,0.175,0.382,0.096,0.08,0.591
461,1985,Togo,134,TGO,0.308,0.175,0.382,0.096,0.079,0.591
461,1986,Togo,134,TGO,0.306,0.175,0.396,0.096,0.079,0.591
461,1987,Togo,134,TGO,0.308,0.175,0.396,0.096,0.08,0.591
461,1988,Togo,134,TGO,0.307,0.175,0.396,0.096,0.079,0.591
461,1989,Togo,134,TGO,0.308,0.175,0.396,0.096,0.081,0.591
461,1990,Togo,134,TGO,0.327,0.266,0.414,0.099,0.078,0.5680000000000001
461,1991,Togo,134,TGO,0.351,0.507,0.494,0.289,0.274,0.16700000000000004
461,1992,Togo,134,TGO,0.409,0.531,0.494,0.387,0.387,0.16700000000000004
461,1993,Togo,134,TGO,0.558,0.531,0.494,0.434,0.4,0.10799999999999998
461,1994,Togo,134,TGO,0.616,0.531,0.491,0.418,0.378,0.131
461,1995,Togo,134,TGO,0.605,0.531,0.491,0.432,0.382,0.131
461,1996,Togo,134,TGO,0.605,0.531,0.491,0.466,0.375,0.131
461,1997,Togo,134,TGO,0.606,0.531,0.491,0.466,0.382,0.131
461,1998,Togo,134,TGO,0.498,0.531,0.491,0.459,0.387,0.131
461,1999,Togo,134,TGO,0.517,0.531,0.491,0.475,0.36,0.131
461,2000,Togo,134,TGO,0.514,0.531,0.495,0.482,0.444,0.131
461,2001,Togo,134,TGO,0.515,0.531,0.495,0.482,0.445,0.131
461,2002,Togo,134,TGO,0.533,0.531,0.495,0.474,0.442,0.131
461,2003,Togo,134,TGO,0.511,0.531,0.495,0.497,0.436,0.131
461,2004,Togo,134,TGO,0.511,0.519,0.495,0.497,0.44,0.131
461,2005,Togo,134,TGO,0.512,0.756,0.51,0.633,0.152,0.19899999999999995
461,2006,Togo,134,TGO,0.512,0.782,0.549,0.727,0.32,0.22099999999999997
461,2007,Togo,134,TGO,0.679,0.796,0.565,0.723,0.365,0.22099999999999997
461,2008,Togo,134,TGO,0.677,0.796,0.569,0.772,0.379,0.22099999999999997
461,2009,Togo,134,TGO,0.679,0.796,0.575,0.772,0.383,0.235
461,2010,Togo,134,TGO,0.661,0.749,0.613,0.782,0.41,0.235
461,2011,Togo,134,TGO,0.663,0.757,0.624,0.798,0.411,0.235
461,2012,Togo,134,TGO,0.661,0.757,0.624,0.797,0.41,0.235
461,2013,Togo,134,TGO,0.715,0.745,0.602,0.778,0.398,0.235
461,2014,Togo,134,TGO,0.714,0.745,0.613,0.782,0.397,0.235
461,2015,Togo,134,TGO,0.714,0.736,0.62,0.807,0.412,0.247
461,2016,Togo,134,TGO,0.713,0.797,0.63,0.81,0.412,0.247
461,2017,Togo,134,TGO,0.714,0.674,0.584,0.766,0.403,0.29700000000000004
461,2018,Togo,134,TGO,0.631,0.666,0.576,0.738,0.343,0.32699999999999996
461,2019,Togo,134,TGO,0.637,0.688,0.596,0.748,0.304,0.31599999999999995
461,2020,Togo,134,TGO,0.685,0.723,0.713,0.762,0.397,0.29800000000000004
461,2021,Togo,134,TGO,0.676,0.678,0.713,0.648,0.362,0.29800000000000004
461,2022,Togo,134,TGO,0.68,0.676,0.713,0.648,0.363,0.29800000000000004
461,2023,Togo,134,TGO,0.664,0.703,0.557,0.635,0.377,0.29800000000000004
461,2024,Togo,134,TGO,0.623,0.615,0.55,0.584,0.28,0.29800000000000004
471,1968,Cameroon,108,CMR,0.404,0.089,0.265,0.053,0.292,0.538
471,1969,Cameroon,108,CMR,0.403,0.089,0.265,0.053,0.283,0.538
471,1970,Cameroon,108,CMR,0.401,0.089,0.265,0.053,0.29,0.538
471,1971,Cameroon,108,CMR,0.4,0.089,0.263,0.053,0.289,0.538
471,1972,Cameroon,108,CMR,0.399,0.089,0.28,0.053,0.287,0.538
471,1973,Cameroon,108,CMR,0.399,0.089,0.269,0.053,0.288,0.538
471,1974,Cameroon,108,CMR,0.397,0.089,0.27,0.053,0.288,0.538
471,1975,Cameroon,108,CMR,0.413,0.089,0.277,0.053,0.29,0.538
471,1976,Cameroon,108,CMR,0.412,0.089,0.277,0.053,0.283,0.538
471,1977,Cameroon,108,CMR,0.411,0.089,0.274,0.053,0.288,0.538
471,1978,Cameroon,108,CMR,0.397,0.089,0.274,0.053,0.291,0.538
471,1979,Cameroon,108,CMR,0.398,0.089,0.27,0.053,0.288,0.538
471,1980,Cameroon,108,CMR,0.399,0.089,0.345,0.089,0.278,0.31599999999999995
471,1981,Cameroon,108,CMR,0.4,0.089,0.345,0.089,0.278,0.31599999999999995
471,1982,Cameroon,108,CMR,0.41,0.114,0.445,0.136,0.274,0.29300000000000004
471,1983,Cameroon,108,CMR,0.418,0.114,0.502,0.194,0.28,0.29300000000000004
471,1984,Cameroon,108,CMR,0.418,0.114,0.545,0.194,0.279,0.29300000000000004
471,1985,Cameroon,108,CMR,0.436,0.114,0.533,0.194,0.281,0.22899999999999998
471,1986,Cameroon,108,CMR,0.435,0.114,0.533,0.194,0.279,0.18400000000000005
471,1987,Cameroon,108,CMR,0.437,0.114,0.533,0.194,0.281,0.18400000000000005
471,1988,Cameroon,108,CMR,0.436,0.114,0.533,0.194,0.28,0.18400000000000005
471,1989,Cameroon,108,CMR,0.436,0.114,0.533,0.194,0.279,0.18400000000000005
471,1990,Cameroon,108,CMR,0.478,0.322,0.581,0.414,0.277,0.14700000000000002
471,1991,Cameroon,108,CMR,0.483,0.386,0.614,0.474,0.275,0.14700000000000002
471,1992,Cameroon,108,CMR,0.43,0.386,0.614,0.592,0.276,0.14700000000000002
471,1993,Cameroon,108,CMR,0.431,0.417,0.662,0.613,0.28,0.07999999999999996
471,1994,Cameroon,108,CMR,0.429,0.417,0.661,0.613,0.288,0.07999999999999996
471,1995,Cameroon,108,CMR,0.432,0.396,0.665,0.612,0.292,0.07999999999999996
471,1996,Cameroon,108,CMR,0.431,0.396,0.663,0.612,0.282,0.07999999999999996
471,1997,Cameroon,108,CMR,0.452,0.396,0.646,0.603,0.284,0.07999999999999996
471,1998,Cameroon,108,CMR,0.458,0.396,0.658,0.603,0.287,0.07999999999999996
471,1999,Cameroon,108,CMR,0.458,0.396,0.658,0.603,0.28,0.07999999999999996
471,2000,Cameroon,108,CMR,0.471,0.396,0.675,0.678,0.307,0.07999999999999996
471,2001,Cameroon,108,CMR,0.472,0.396,0.673,0.678,0.307,0.07999999999999996
471,2002,Cameroon,108,CMR,0.512,0.396,0.659,0.678,0.307,0.07999999999999996
471,2003,Cameroon,108,CMR,0.511,0.396,0.659,0.678,0.31,0.07999999999999996
471,2004,Cameroon,108,CMR,0.515,0.396,0.659,0.678,0.31,0.07999999999999996
471,2005,Cameroon,108,CMR,0.514,0.396,0.668,0.682,0.291,0.07999999999999996
471,2006,Cameroon,108,CMR,0.517,0.396,0.668,0.682,0.287,0.07999999999999996
471,2007,Cameroon,108,CMR,0.513,0.396,0.663,0.683,0.291,0.07999999999999996
471,2008,Cameroon,108,CMR,0.514,0.396,0.651,0.693,0.288,0.07999999999999996
471,2009,Cameroon,108,CMR,0.513,0.406,0.672,0.693,0.292,0.07999999999999996
471,2010,Cameroon,108,CMR,0.516,0.395,0.654,0.691,0.293,0.07999999999999996
471,2011,Cameroon,108,CMR,0.55,0.422,0.654,0.686,0.287,0.07999999999999996
471,2012,Cameroon,108,CMR,0.548,0.425,0.65,0.703,0.292,0.07999999999999996
471,2013,Cameroon,108,CMR,0.566,0.393,0.607,0.682,0.242,0.08399999999999996
471,2014,Cameroon,108,CMR,0.569,0.393,0.607,0.682,0.243,0.08399999999999996
471,2015,Cameroon,108,CMR,0.566,0.38,0.605,0.682,0.241,0.08399999999999996
471,2016,Cameroon,108,CMR,0.579,0.287,0.558,0.595,0.244,0.06699999999999995
471,2017,Cameroon,108,CMR,0.562,0.304,0.505,0.575,0.251,0.06699999999999995
471,2018,Cameroon,108,CMR,0.466,0.318,0.489,0.58,0.238,0.06699999999999995
471,2019,Cameroon,108,CMR,0.465,0.305,0.511,0.591,0.21,0.06699999999999995
471,2020,Cameroon,108,CMR,0.488,0.321,0.529,0.581,0.228,0.09599999999999997
471,2021,Cameroon,108,CMR,0.488,0.345,0.538,0.59,0.207,0.15100000000000002
471,2022,Cameroon,108,CMR,0.508,0.345,0.534,0.594,0.255,0.09399999999999997
471,2023,Cameroon,108,CMR,0.513,0.335,0.512,0.596,0.22,0.06399999999999995
471,2024,Cameroon,108,CMR,0.509,0.284,0.54,0.596,0.364,0.06399999999999995
475,1968,Nigeria,45,NGA,0.208,0.673,0.336,0.645,0.176,0.11399999999999999
475,1969,Nigeria,45,NGA,0.21,0.673,0.336,0.645,0.177,0.11399999999999999
475,1970,Nigeria,45,NGA,0.21,0.673,0.342,0.645,0.177,0.11399999999999999
475,1971,Nigeria,45,NGA,0.209,0.673,0.359,0.645,0.179,0.11399999999999999
475,1972,Nigeria,45,NGA,0.209,0.66,0.423,0.653,0.179,0.11399999999999999
475,1973,Nigeria,45,NGA,0.211,0.66,0.423,0.643,0.174,0.11399999999999999
475,1974,Nigeria,45,NGA,0.21,0.66,0.423,0.643,0.173,0.11399999999999999
475,1975,Nigeria,45,NGA,0.213,0.66,0.423,0.654,0.175,0.125
475,1976,Nigeria,45,NGA,0.213,0.66,0.425,0.654,0.177,0.137
475,1977,Nigeria,45,NGA,0.22,0.66,0.425,0.658,0.178,0.137
475,1978,Nigeria,45,NGA,0.224,0.744,0.435,0.671,0.176,0.137
475,1979,Nigeria,45,NGA,0.605,0.805,0.548,0.74,0.698,0.07999999999999996
475,1980,Nigeria,45,NGA,0.608,0.817,0.563,0.74,0.698,0.07999999999999996
475,1981,Nigeria,45,NGA,0.608,0.817,0.596,0.74,0.696,0.07999999999999996
475,1982,Nigeria,45,NGA,0.608,0.817,0.596,0.74,0.695,0.07999999999999996
475,1983,Nigeria,45,NGA,0.519,0.808,0.589,0.688,0.621,0.07999999999999996
475,1984,Nigeria,45,NGA,0.213,0.623,0.425,0.581,0.613,0.135
475,1985,Nigeria,45,NGA,0.215,0.623,0.432,0.6,0.614,0.135
475,1986,Nigeria,45,NGA,0.212,0.679,0.443,0.6,0.615,0.07399999999999995
475,1987,Nigeria,45,NGA,0.213,0.688,0.443,0.6,0.615,0.07399999999999995
475,1988,Nigeria,45,NGA,0.213,0.688,0.443,0.6,0.622,0.07399999999999995
475,1989,Nigeria,45,NGA,0.22,0.688,0.443,0.6,0.615,0.07399999999999995
475,1990,Nigeria,45,NGA,0.223,0.688,0.444,0.614,0.612,0.07399999999999995
475,1991,Nigeria,45,NGA,0.223,0.718,0.45,0.614,0.618,0.07399999999999995
475,1992,Nigeria,45,NGA,0.609,0.718,0.45,0.614,0.518,0.07399999999999995
475,1993,Nigeria,45,NGA,0.62,0.718,0.45,0.614,0.448,0.07399999999999995
475,1994,Nigeria,45,NGA,0.212,0.703,0.433,0.614,0.452,0.07399999999999995
475,1995,Nigeria,45,NGA,0.213,0.648,0.427,0.598,0.455,0.07399999999999995
475,1996,Nigeria,45,NGA,0.212,0.648,0.419,0.598,0.448,0.07399999999999995
475,1997,Nigeria,45,NGA,0.224,0.648,0.419,0.598,0.454,0.07399999999999995
475,1998,Nigeria,45,NGA,0.608,0.648,0.475,0.658,0.443,0.07399999999999995
475,1999,Nigeria,45,NGA,0.72,0.828,0.61,0.856,0.787,0.052000000000000046
475,2000,Nigeria,45,NGA,0.72,0.837,0.601,0.856,0.78,0.052000000000000046
475,2001,Nigeria,45,NGA,0.72,0.837,0.601,0.856,0.783,0.052000000000000046
475,2002,Nigeria,45,NGA,0.721,0.837,0.601,0.856,0.784,0.052000000000000046
475,2003,Nigeria,45,NGA,0.638,0.837,0.601,0.856,0.784,0.052000000000000046
475,2004,Nigeria,45,NGA,0.637,0.837,0.601,0.856,0.784,0.052000000000000046
475,2005,Nigeria,45,NGA,0.636,0.837,0.601,0.856,0.782,0.052000000000000046
475,2006,Nigeria,45,NGA,0.637,0.837,0.601,0.861,0.786,0.052000000000000046
475,2007,Nigeria,45,NGA,0.615,0.837,0.604,0.868,0.786,0.052000000000000046
475,2008,Nigeria,45,NGA,0.622,0.844,0.604,0.868,0.797,0.052000000000000046
475,2009,Nigeria,45,NGA,0.62,0.844,0.605,0.872,0.8,0.052000000000000046
475,2010,Nigeria,45,NGA,0.633,0.851,0.597,0.889,0.828,0.05300000000000005
475,2011,Nigeria,45,NGA,0.724,0.855,0.598,0.895,0.829,0.05300000000000005
475,2012,Nigeria,45,NGA,0.728,0.855,0.598,0.901,0.818,0.05300000000000005
475,2013,Nigeria,45,NGA,0.743,0.865,0.612,0.893,0.844,0.05600000000000005
475,2014,Nigeria,45,NGA,0.745,0.865,0.612,0.905,0.854,0.05600000000000005
475,2015,Nigeria,45,NGA,0.776,0.859,0.606,0.893,0.849,0.08399999999999996
475,2016,Nigeria,45,NGA,0.755,0.859,0.621,0.902,0.835,0.09499999999999997
475,2017,Nigeria,45,NGA,0.756,0.847,0.621,0.891,0.836,0.119
475,2018,Nigeria,45,NGA,0.757,0.847,0.624,0.888,0.823,0.09899999999999998
475,2019,Nigeria,45,NGA,0.741,0.838,0.617,0.871,0.771,0.10299999999999998
475,2020,Nigeria,45,NGA,0.744,0.798,0.603,0.876,0.764,0.08499999999999996
475,2021,Nigeria,45,NGA,0.734,0.764,0.618,0.866,0.717,0.07399999999999995
475,2022,Nigeria,45,NGA,0.734,0.777,0.597,0.841,0.688,0.08999999999999997
475,2023,Nigeria,45,NGA,0.705,0.755,0.644,0.894,0.711,0.11299999999999999
475,2024,Nigeria,45,NGA,0.711,0.837,0.633,0.888,0.641,0.11599999999999999
481,1968,Gabon,116,GAB,0.377,0.217,0.426,0.133,0.212,0.19899999999999995
481,1969,Gabon,116,GAB,0.392,0.217,0.426,0.133,0.209,0.19899999999999995
481,1970,Gabon,116,GAB,0.389,0.137,0.426,0.24,0.248,0.137
481,1971,Gabon,116,GAB,0.393,0.137,0.426,0.24,0.217,0.137
481,1972,Gabon,116,GAB,0.39,0.137,0.426,0.24,0.216,0.137
481,1973,Gabon,116,GAB,0.391,0.137,0.426,0.24,0.212,0.137
481,1974,Gabon,116,GAB,0.39,0.137,0.426,0.24,0.215,0.137
481,1975,Gabon,116,GAB,0.39,0.137,0.426,0.24,0.214,0.137
481,1976,Gabon,116,GAB,0.392,0.137,0.426,0.24,0.213,0.137
481,1977,Gabon,116,GAB,0.39,0.137,0.426,0.24,0.212,0.137
481,1978,Gabon,116,GAB,0.393,0.137,0.426,0.24,0.217,0.137
481,1979,Gabon,116,GAB,0.392,0.188,0.426,0.24,0.21,0.137
481,1980,Gabon,116,GAB,0.39,0.13,0.435,0.24,0.215,0.137
481,1981,Gabon,116,GAB,0.389,0.13,0.435,0.248,0.215,0.137
481,1982,Gabon,116,GAB,0.389,0.13,0.435,0.248,0.215,0.137
481,1983,Gabon,116,GAB,0.389,0.13,0.435,0.248,0.217,0.137
481,1984,Gabon,116,GAB,0.39,0.13,0.435,0.248,0.217,0.137
481,1985,Gabon,116,GAB,0.387,0.13,0.435,0.248,0.215,0.137
481,1986,Gabon,116,GAB,0.388,0.13,0.435,0.248,0.209,0.137
481,1987,Gabon,116,GAB,0.389,0.13,0.435,0.248,0.215,0.137
481,1988,Gabon,116,GAB,0.388,0.13,0.435,0.248,0.215,0.137
481,1989,Gabon,116,GAB,0.388,0.13,0.435,0.248,0.212,0.137
481,1990,Gabon,116,GAB,0.488,0.417,0.76,0.368,0.263,0.137
481,1991,Gabon,116,GAB,0.503,0.772,0.805,0.639,0.262,0.137
481,1992,Gabon,116,GAB,0.51,0.788,0.805,0.657,0.268,0.137
481,1993,Gabon,116,GAB,0.542,0.777,0.805,0.657,0.266,0.137
481,1994,Gabon,116,GAB,0.54,0.777,0.805,0.657,0.259,0.137
481,1995,Gabon,116,GAB,0.542,0.777,0.805,0.657,0.264,0.137
481,1996,Gabon,116,GAB,0.558,0.777,0.805,0.657,0.261,0.137
481,1997,Gabon,116,GAB,0.558,0.777,0.805,0.688,0.264,0.137
481,1998,Gabon,116,GAB,0.559,0.777,0.805,0.688,0.262,0.137
481,1999,Gabon,116,GAB,0.557,0.777,0.805,0.688,0.263,0.137
481,2000,Gabon,116,GAB,0.558,0.763,0.805,0.688,0.256,0.137
481,2001,Gabon,116,GAB,0.559,0.763,0.805,0.712,0.256,0.137
481,2002,Gabon,116,GAB,0.558,0.763,0.805,0.717,0.255,0.137
481,2003,Gabon,116,GAB,0.557,0.763,0.805,0.717,0.256,0.137
481,2004,Gabon,116,GAB,0.559,0.763,0.805,0.717,0.257,0.137
481,2005,Gabon,116,GAB,0.565,0.763,0.805,0.729,0.255,0.137
481,2006,Gabon,116,GAB,0.565,0.763,0.805,0.729,0.258,0.137
481,2007,Gabon,116,GAB,0.565,0.794,0.805,0.729,0.254,0.137
481,2008,Gabon,116,GAB,0.564,0.794,0.805,0.729,0.253,0.137
481,2009,Gabon,116,GAB,0.568,0.794,0.805,0.732,0.254,0.137
481,2010,Gabon,116,GAB,0.59,0.817,0.822,0.78,0.255,0.17300000000000004
481,2011,Gabon,116,GAB,0.583,0.817,0.822,0.78,0.255,0.17300000000000004
481,2012,Gabon,116,GAB,0.578,0.773,0.807,0.764,0.316,0.121
481,2013,Gabon,116,GAB,0.573,0.805,0.865,0.819,0.309,0.30800000000000005
481,2014,Gabon,116,GAB,0.575,0.805,0.865,0.819,0.311,0.30800000000000005
481,2015,Gabon,116,GAB,0.572,0.805,0.865,0.819,0.31,0.30800000000000005
481,2016,Gabon,116,GAB,0.596,0.805,0.865,0.819,0.314,0.30800000000000005
481,2017,Gabon,116,GAB,0.605,0.816,0.886,0.807,0.253,0.19699999999999995
481,2018,Gabon,116,GAB,0.564,0.816,0.88,0.779,0.188,0.28900000000000003
481,2019,Gabon,116,GAB,0.572,0.761,0.877,0.784,0.145,0.19699999999999995
481,2020,Gabon,116,GAB,0.571,0.761,0.859,0.748,0.148,0.246
481,2021,Gabon,116,GAB,0.57,0.761,0.859,0.748,0.151,0.23199999999999998
481,2022,Gabon,116,GAB,0.569,0.758,0.893,0.725,0.179,0.23199999999999998
481,2023,Gabon,116,GAB,0.534,0.741,0.868,0.776,0.179,0.23199999999999998
481,2024,Gabon,116,GAB,0.224,0.741,0.869,0.757,0.183,0.21999999999999997
482,1968,Central African Republic,71,CAF,0.136,0.121,0.196,0.114,0.064,0.126
482,1969,Central African Republic,71,CAF,0.132,0.121,0.18,0.114,0.063,0.126
482,1970,Central African Republic,71,CAF,0.132,0.121,0.18,0.107,0.062,0.126
482,1971,Central African Republic,71,CAF,0.134,0.121,0.18,0.107,0.064,0.126
482,1972,Central African Republic,71,CAF,0.137,0.121,0.161,0.107,0.065,0.126
482,1973,Central African Republic,71,CAF,0.131,0.121,0.152,0.107,0.065,0.126
482,1974,Central African Republic,71,CAF,0.133,0.121,0.152,0.107,0.066,0.126
482,1975,Central African Republic,71,CAF,0.131,0.121,0.152,0.107,0.065,0.126
482,1976,Central African Republic,71,CAF,0.134,0.121,0.152,0.107,0.064,0.126
482,1977,Central African Republic,71,CAF,0.131,0.104,0.134,0.079,0.058,0.126
482,1978,Central African Republic,71,CAF,0.132,0.104,0.141,0.079,0.057,0.126
482,1979,Central African Republic,71,CAF,0.143,0.104,0.197,0.092,0.059,0.126
482,1980,Central African Republic,71,CAF,0.175,0.655,0.353,0.473,0.253,0.126
482,1981,Central African Republic,71,CAF,0.494,0.655,0.419,0.457,0.237,0.126
482,1982,Central African Republic,71,CAF,0.101,0.428,0.392,0.253,0.215,0.126
482,1983,Central African Republic,71,CAF,0.1,0.428,0.408,0.253,0.217,0.126
482,1984,Central African Republic,71,CAF,0.101,0.428,0.408,0.253,0.215,0.126
482,1985,Central African Republic,71,CAF,0.102,0.428,0.408,0.253,0.214,0.126
482,1986,Central African Republic,71,CAF,0.415,0.428,0.402,0.253,0.239,0.126
482,1987,Central African Republic,71,CAF,0.418,0.428,0.402,0.253,0.319,0.126
482,1988,Central African Republic,71,CAF,0.42,0.428,0.402,0.253,0.421,0.126
482,1989,Central African Republic,71,CAF,0.421,0.428,0.402,0.253,0.425,0.126
482,1990,Central African Republic,71,CAF,0.459,0.548,0.402,0.34,0.419,0.126
482,1991,Central African Republic,71,CAF,0.466,0.548,0.406,0.438,0.418,0.126
482,1992,Central African Republic,71,CAF,0.56,0.524,0.438,0.639,0.424,0.126
482,1993,Central African Republic,71,CAF,0.633,0.628,0.364,0.683,0.687,0.18999999999999995
482,1994,Central African Republic,71,CAF,0.634,0.637,0.409,0.702,0.693,0.18999999999999995
482,1995,Central African Republic,71,CAF,0.631,0.637,0.397,0.702,0.693,0.18999999999999995
482,1996,Central African Republic,71,CAF,0.633,0.637,0.397,0.702,0.692,0.18999999999999995
482,1997,Central African Republic,71,CAF,0.633,0.637,0.397,0.702,0.692,0.18999999999999995
482,1998,Central African Republic,71,CAF,0.614,0.637,0.397,0.702,0.692,0.18999999999999995
482,1999,Central African Republic,71,CAF,0.615,0.637,0.397,0.702,0.689,0.18999999999999995
482,2000,Central African Republic,71,CAF,0.587,0.637,0.407,0.712,0.691,0.18999999999999995
482,2001,Central African Republic,71,CAF,0.586,0.637,0.407,0.712,0.688,0.18999999999999995
482,2002,Central African Republic,71,CAF,0.586,0.637,0.407,0.712,0.693,0.18999999999999995
482,2003,Central African Republic,71,CAF,0.588,0.633,0.387,0.704,0.637,0.18999999999999995
482,2004,Central African Republic,71,CAF,0.222,0.633,0.311,0.688,0.618,0.132
482,2005,Central African Republic,71,CAF,0.594,0.633,0.311,0.688,0.619,0.132
482,2006,Central African Republic,71,CAF,0.596,0.633,0.311,0.688,0.624,0.132
482,2007,Central African Republic,71,CAF,0.596,0.633,0.311,0.688,0.617,0.132
482,2008,Central African Republic,71,CAF,0.597,0.633,0.311,0.688,0.619,0.132
482,2009,Central African Republic,71,CAF,0.595,0.633,0.311,0.688,0.619,0.132
482,2010,Central African Republic,71,CAF,0.594,0.633,0.303,0.703,0.618,0.132
482,2011,Central African Republic,71,CAF,0.531,0.633,0.296,0.703,0.633,0.132
482,2012,Central African Republic,71,CAF,0.533,0.633,0.276,0.703,0.633,0.132
482,2013,Central African Republic,71,CAF,0.555,0.557,0.169,0.573,0.611,0.10699999999999998
482,2014,Central African Republic,71,CAF,0.257,0.557,0.204,0.717,0.673,0.17000000000000004
482,2015,Central African Republic,71,CAF,0.664,0.582,0.268,0.774,0.683,0.17000000000000004
482,2016,Central African Republic,71,CAF,0.667,0.591,0.296,0.774,0.687,0.17000000000000004
482,2017,Central African Republic,71,CAF,0.672,0.652,0.314,0.737,0.727,0.16600000000000004
482,2018,Central African Republic,71,CAF,0.672,0.708,0.307,0.75,0.826,0.20299999999999996
482,2019,Central African Republic,71,CAF,0.671,0.488,0.305,0.743,0.704,0.20299999999999996
482,2020,Central African Republic,71,CAF,0.594,0.47,0.31,0.7,0.686,0.14200000000000002
482,2021,Central African Republic,71,CAF,0.572,0.54,0.323,0.7,0.572,0.14200000000000002
482,2022,Central African Republic,71,CAF,0.548,0.472,0.301,0.724,0.6,0.14200000000000002
482,2023,Central African Republic,71,CAF,0.523,0.395,0.275,0.632,0.182,0.131
482,2024,Central African Republic,71,CAF,0.553,0.395,0.243,0.615,0.177,0.131
483,1968,Chad,109,TCD,0.551,0.08,0.285,0.168,0.248,0.33799999999999997
483,1969,Chad,109,TCD,0.551,0.08,0.285,0.158,0.25,0.33799999999999997
483,1970,Chad,109,TCD,0.555,0.112,0.276,0.161,0.249,0.33799999999999997
483,1971,Chad,109,TCD,0.553,0.112,0.276,0.161,0.25,0.33799999999999997
483,1972,Chad,109,TCD,0.532,0.112,0.276,0.155,0.247,0.33799999999999997
483,1973,Chad,109,TCD,0.532,0.112,0.276,0.155,0.252,0.33799999999999997
483,1974,Chad,109,TCD,0.533,0.112,0.276,0.155,0.25,0.33799999999999997
483,1975,Chad,109,TCD,0.485,0.112,0.276,0.169,0.191,0.30500000000000005
483,1976,Chad,109,TCD,0.115,0.112,0.271,0.165,0.143,0.30500000000000005
483,1977,Chad,109,TCD,0.111,0.112,0.271,0.165,0.141,0.30500000000000005
483,1978,Chad,109,TCD,0.113,0.112,0.271,0.165,0.138,0.30500000000000005
483,1979,Chad,109,TCD,0.11,0.112,0.26,0.165,0.141,0.30500000000000005
483,1980,Chad,109,TCD,0.112,0.112,0.176,0.151,0.075,0.18200000000000005
483,1981,Chad,109,TCD,0.113,0.112,0.159,0.151,0.077,0.18200000000000005
483,1982,Chad,109,TCD,0.112,0.073,0.146,0.081,0.092,0.16600000000000004
483,1983,Chad,109,TCD,0.111,0.073,0.156,0.081,0.089,0.16600000000000004
483,1984,Chad,109,TCD,0.112,0.073,0.156,0.081,0.092,0.16600000000000004
483,1985,Chad,109,TCD,0.112,0.073,0.156,0.081,0.092,0.16600000000000004
483,1986,Chad,109,TCD,0.113,0.073,0.156,0.081,0.092,0.16600000000000004
483,1987,Chad,109,TCD,0.113,0.073,0.156,0.081,0.093,0.16600000000000004
483,1988,Chad,109,TCD,0.113,0.073,0.156,0.081,0.094,0.16600000000000004
483,1989,Chad,109,TCD,0.111,0.073,0.156,0.081,0.09,0.16600000000000004
483,1990,Chad,109,TCD,0.404,0.367,0.171,0.29,0.088,0.08799999999999997
483,1991,Chad,109,TCD,0.203,0.445,0.276,0.525,0.162,0.039000000000000035
483,1992,Chad,109,TCD,0.204,0.445,0.276,0.542,0.166,0.039000000000000035
483,1993,Chad,109,TCD,0.205,0.445,0.276,0.542,0.185,0.039000000000000035
483,1994,Chad,109,TCD,0.204,0.445,0.276,0.542,0.182,0.039000000000000035
483,1995,Chad,109,TCD,0.204,0.445,0.276,0.542,0.182,0.039000000000000035
483,1996,Chad,109,TCD,0.523,0.445,0.276,0.542,0.122,0.039000000000000035
483,1997,Chad,109,TCD,0.525,0.445,0.276,0.542,0.121,0.039000000000000035
483,1998,Chad,109,TCD,0.524,0.445,0.276,0.549,0.12,0.039000000000000035
483,1999,Chad,109,TCD,0.526,0.445,0.276,0.549,0.12,0.039000000000000035
483,2000,Chad,109,TCD,0.524,0.437,0.276,0.561,0.12,0.039000000000000035
483,2001,Chad,109,TCD,0.486,0.437,0.276,0.561,0.12,0.039000000000000035
483,2002,Chad,109,TCD,0.486,0.437,0.276,0.561,0.121,0.039000000000000035
483,2003,Chad,109,TCD,0.487,0.437,0.276,0.561,0.119,0.039000000000000035
483,2004,Chad,109,TCD,0.484,0.437,0.276,0.575,0.12,0.039000000000000035
483,2005,Chad,109,TCD,0.487,0.437,0.276,0.562,0.123,0.039000000000000035
483,2006,Chad,109,TCD,0.485,0.437,0.276,0.562,0.12,0.03500000000000003
483,2007,Chad,109,TCD,0.485,0.437,0.269,0.541,0.12,0.03500000000000003
483,2008,Chad,109,TCD,0.484,0.437,0.263,0.557,0.119,0.03500000000000003
483,2009,Chad,109,TCD,0.484,0.437,0.272,0.563,0.118,0.031000000000000028
483,2010,Chad,109,TCD,0.483,0.437,0.285,0.578,0.14,0.031000000000000028
483,2011,Chad,109,TCD,0.489,0.437,0.285,0.58,0.142,0.031000000000000028
483,2012,Chad,109,TCD,0.489,0.437,0.285,0.569,0.139,0.031000000000000028
483,2013,Chad,109,TCD,0.469,0.387,0.271,0.591,0.146,0.026000000000000023
483,2014,Chad,109,TCD,0.469,0.387,0.255,0.582,0.146,0.026000000000000023
483,2015,Chad,109,TCD,0.469,0.406,0.257,0.594,0.143,0.026000000000000023
483,2016,Chad,109,TCD,0.464,0.384,0.257,0.594,0.146,0.026000000000000023
483,2017,Chad,109,TCD,0.475,0.406,0.234,0.513,0.129,0.026000000000000023
483,2018,Chad,109,TCD,0.474,0.406,0.235,0.517,0.079,0.030000000000000027
483,2019,Chad,109,TCD,0.474,0.406,0.259,0.548,0.135,0.030000000000000027
483,2020,Chad,109,TCD,0.477,0.406,0.237,0.531,0.142,0.030000000000000027
483,2021,Chad,109,TCD,0.459,0.406,0.221,0.48,0.125,0.030000000000000027
483,2022,Chad,109,TCD,0.184,0.313,0.18,0.473,0.066,0.030000000000000027
483,2023,Chad,109,TCD,0.189,0.313,0.203,0.473,0.1,0.030000000000000027
483,2024,Chad,109,TCD,0.443,0.313,0.197,0.48,0.082,0.030000000000000027
484,1968,Republic of the Congo,112,COG,0.111,0.066,0.146,0.154,0.369,0.19999999999999996
484,1969,Republic of the Congo,112,COG,0.108,0.071,0.131,0.149,0.274,0.19999999999999996
484,1970,Republic of the Congo,112,COG,0.087,0.071,0.131,0.149,0.082,0.19999999999999996
484,1971,Republic of the Congo,112,COG,0.086,0.071,0.131,0.149,0.082,0.19999999999999996
484,1972,Republic of the Congo,112,COG,0.085,0.071,0.131,0.149,0.086,0.19999999999999996
484,1973,Republic of the Congo,112,COG,0.417,0.071,0.131,0.155,0.11,0.19999999999999996
484,1974,Republic of the Congo,112,COG,0.417,0.071,0.131,0.155,0.111,0.19999999999999996
484,1975,Republic of the Congo,112,COG,0.418,0.071,0.131,0.162,0.11,0.19999999999999996
484,1976,Republic of the Congo,112,COG,0.419,0.071,0.131,0.168,0.108,0.19999999999999996
484,1977,Republic of the Congo,112,COG,0.086,0.071,0.131,0.168,0.078,0.19999999999999996
484,1978,Republic of the Congo,112,COG,0.085,0.112,0.112,0.161,0.083,0.19999999999999996
484,1979,Republic of the Congo,112,COG,0.42,0.112,0.113,0.152,0.095,0.17600000000000005
484,1980,Republic of the Congo,112,COG,0.419,0.112,0.113,0.152,0.095,0.17600000000000005
484,1981,Republic of the Congo,112,COG,0.421,0.112,0.113,0.152,0.094,0.17600000000000005
484,1982,Republic of the Congo,112,COG,0.42,0.112,0.113,0.152,0.094,0.17600000000000005
484,1983,Republic of the Congo,112,COG,0.42,0.112,0.113,0.152,0.096,0.17600000000000005
484,1984,Republic of the Congo,112,COG,0.419,0.112,0.113,0.152,0.094,0.17600000000000005
484,1985,Republic of the Congo,112,COG,0.42,0.112,0.113,0.152,0.096,0.17600000000000005
484,1986,Republic of the Congo,112,COG,0.42,0.112,0.113,0.148,0.094,0.17600000000000005
484,1987,Republic of the Congo,112,COG,0.419,0.112,0.113,0.155,0.097,0.17600000000000005
484,1988,Republic of the Congo,112,COG,0.418,0.112,0.113,0.155,0.095,0.17600000000000005
484,1989,Republic of the Congo,112,COG,0.413,0.112,0.113,0.155,0.094,0.17600000000000005
484,1990,Republic of the Congo,112,COG,0.452,0.677,0.169,0.273,0.245,0.14200000000000002
484,1991,Republic of the Congo,112,COG,0.519,0.677,0.454,0.706,0.521,0.391
484,1992,Republic of the Congo,112,COG,0.787,0.677,0.47,0.706,0.699,0.42900000000000005
484,1993,Republic of the Congo,112,COG,0.736,0.717,0.491,0.711,0.699,0.477
484,1994,Republic of the Congo,112,COG,0.736,0.717,0.491,0.722,0.698,0.477
484,1995,Republic of the Congo,112,COG,0.735,0.717,0.489,0.722,0.702,0.477
484,1996,Republic of the Congo,112,COG,0.735,0.717,0.489,0.722,0.753,0.477
484,1997,Republic of the Congo,112,COG,0.682,0.334,0.263,0.385,0.133,0.29300000000000004
484,1998,Republic of the Congo,112,COG,0.227,0.291,0.276,0.382,0.243,0.29300000000000004
484,1999,Republic of the Congo,112,COG,0.23,0.291,0.276,0.382,0.243,0.29300000000000004
484,2000,Republic of the Congo,112,COG,0.228,0.224,0.275,0.382,0.24,0.29300000000000004
484,2001,Republic of the Congo,112,COG,0.23,0.224,0.275,0.363,0.241,0.29300000000000004
484,2002,Republic of the Congo,112,COG,0.517,0.241,0.275,0.363,0.24,0.29300000000000004
484,2003,Republic of the Congo,112,COG,0.518,0.241,0.275,0.363,0.241,0.29300000000000004
484,2004,Republic of the Congo,112,COG,0.517,0.241,0.275,0.363,0.239,0.29300000000000004
484,2005,Republic of the Congo,112,COG,0.517,0.241,0.275,0.363,0.24,0.29300000000000004
484,2006,Republic of the Congo,112,COG,0.517,0.241,0.275,0.363,0.241,0.29300000000000004
484,2007,Republic of the Congo,112,COG,0.494,0.241,0.275,0.363,0.246,0.29300000000000004
484,2008,Republic of the Congo,112,COG,0.494,0.241,0.275,0.363,0.244,0.29300000000000004
484,2009,Republic of the Congo,112,COG,0.52,0.241,0.275,0.363,0.241,0.29300000000000004
484,2010,Republic of the Congo,112,COG,0.516,0.241,0.266,0.359,0.24,0.29300000000000004
484,2011,Republic of the Congo,112,COG,0.518,0.241,0.266,0.359,0.24,0.29300000000000004
484,2012,Republic of the Congo,112,COG,0.498,0.241,0.266,0.359,0.239,0.29300000000000004
484,2013,Republic of the Congo,112,COG,0.502,0.154,0.273,0.394,0.303,0.29300000000000004
484,2014,Republic of the Congo,112,COG,0.5,0.154,0.273,0.394,0.296,0.29300000000000004
484,2015,Republic of the Congo,112,COG,0.503,0.154,0.284,0.394,0.298,0.29300000000000004
484,2016,Republic of the Congo,112,COG,0.465,0.154,0.275,0.394,0.297,0.29300000000000004
484,2017,Republic of the Congo,112,COG,0.487,0.154,0.263,0.402,0.314,0.30300000000000005
484,2018,Republic of the Congo,112,COG,0.489,0.191,0.301,0.43,0.319,0.30300000000000005
484,2019,Republic of the Congo,112,COG,0.489,0.158,0.256,0.379,0.309,0.30300000000000005
484,2020,Republic of the Congo,112,COG,0.488,0.285,0.34,0.372,0.359,0.31100000000000005
484,2021,Republic of the Congo,112,COG,0.447,0.285,0.337,0.403,0.323,0.31100000000000005
484,2022,Republic of the Congo,112,COG,0.474,0.181,0.348,0.353,0.326,0.31100000000000005
484,2023,Republic of the Congo,112,COG,0.476,0.201,0.353,0.393,0.307,0.31100000000000005
484,2024,Republic of the Congo,112,COG,0.473,0.201,0.337,0.397,0.308,0.31100000000000005
490,1968,Democratic Republic of the Congo,111,COD,0.445,0.193,0.097,0.098,0.1,0.20899999999999996
490,1969,Democratic Republic of the Congo,111,COD,0.445,0.193,0.097,0.098,0.1,0.20899999999999996
490,1970,Democratic Republic of the Congo,111,COD,0.292,0.179,0.104,0.087,0.079,0.20899999999999996
490,1971,Democratic Republic of the Congo,111,COD,0.29,0.168,0.104,0.084,0.074,0.20899999999999996
490,1972,Democratic Republic of the Congo,111,COD,0.29,0.168,0.104,0.084,0.074,0.20899999999999996
490,1973,Democratic Republic of the Congo,111,COD,0.291,0.168,0.104,0.088,0.074,0.20899999999999996
490,1974,Democratic Republic of the Congo,111,COD,0.289,0.168,0.101,0.088,0.075,0.15000000000000002
490,1975,Democratic Republic of the Congo,111,COD,0.29,0.168,0.101,0.088,0.075,0.15000000000000002
490,1976,Democratic Republic of the Congo,111,COD,0.289,0.168,0.101,0.088,0.073,0.15000000000000002
490,1977,Democratic Republic of the Congo,111,COD,0.298,0.168,0.093,0.088,0.071,0.15000000000000002
490,1978,Democratic Republic of the Congo,111,COD,0.297,0.168,0.094,0.088,0.115,0.15000000000000002
490,1979,Democratic Republic of the Congo,111,COD,0.296,0.168,0.096,0.089,0.113,0.15000000000000002
490,1980,Democratic Republic of the Congo,111,COD,0.301,0.168,0.087,0.103,0.099,0.08499999999999996
490,1981,Democratic Republic of the Congo,111,COD,0.301,0.168,0.087,0.103,0.099,0.08499999999999996
490,1982,Democratic Republic of the Congo,111,COD,0.316,0.168,0.087,0.103,0.097,0.08499999999999996
490,1983,Democratic Republic of the Congo,111,COD,0.316,0.168,0.087,0.103,0.099,0.08499999999999996
490,1984,Democratic Republic of the Congo,111,COD,0.302,0.168,0.087,0.103,0.1,0.08499999999999996
490,1985,Democratic Republic of the Congo,111,COD,0.302,0.168,0.087,0.103,0.097,0.08499999999999996
490,1986,Democratic Republic of the Congo,111,COD,0.302,0.168,0.087,0.103,0.1,0.08499999999999996
490,1987,Democratic Republic of the Congo,111,COD,0.322,0.168,0.087,0.103,0.1,0.08499999999999996
490,1988,Democratic Republic of the Congo,111,COD,0.323,0.168,0.094,0.103,0.098,0.08499999999999996
490,1989,Democratic Republic of the Congo,111,COD,0.323,0.168,0.094,0.103,0.099,0.08499999999999996
490,1990,Democratic Republic of the Congo,111,COD,0.332,0.247,0.111,0.174,0.186,0.08499999999999996
490,1991,Democratic Republic of the Congo,111,COD,0.332,0.377,0.111,0.285,0.187,0.08499999999999996
490,1992,Democratic Republic of the Congo,111,COD,0.332,0.398,0.111,0.322,0.17,0.08499999999999996
490,1993,Democratic Republic of the Congo,111,COD,0.238,0.398,0.111,0.369,0.16,0.08499999999999996
490,1994,Democratic Republic of the Congo,111,COD,0.24,0.398,0.111,0.389,0.157,0.08499999999999996
490,1995,Democratic Republic of the Congo,111,COD,0.235,0.398,0.116,0.389,0.16,0.08499999999999996
490,1996,Democratic Republic of the Congo,111,COD,0.237,0.398,0.115,0.389,0.158,0.08499999999999996
490,1997,Democratic Republic of the Congo,111,COD,0.098,0.313,0.108,0.359,0.135,0.08499999999999996
490,1998,Democratic Republic of the Congo,111,COD,0.134,0.484,0.142,0.566,0.16,0.08499999999999996
490,1999,Democratic Republic of the Congo,111,COD,0.134,0.484,0.186,0.573,0.155,0.08499999999999996
490,2000,Democratic Republic of the Congo,111,COD,0.136,0.511,0.205,0.575,0.286,0.08499999999999996
490,2001,Democratic Republic of the Congo,111,COD,0.164,0.511,0.207,0.575,0.287,0.08499999999999996
490,2002,Democratic Republic of the Congo,111,COD,0.183,0.511,0.207,0.575,0.287,0.08499999999999996
490,2003,Democratic Republic of the Congo,111,COD,0.213,0.511,0.207,0.575,0.335,0.08499999999999996
490,2004,Democratic Republic of the Congo,111,COD,0.211,0.588,0.216,0.598,0.34,0.08499999999999996
490,2005,Democratic Republic of the Congo,111,COD,0.221,0.588,0.216,0.647,0.339,0.08499999999999996
490,2006,Democratic Republic of the Congo,111,COD,0.661,0.588,0.214,0.653,0.369,0.10399999999999998
490,2007,Democratic Republic of the Congo,111,COD,0.659,0.588,0.219,0.649,0.366,0.10399999999999998
490,2008,Democratic Republic of the Congo,111,COD,0.657,0.588,0.219,0.665,0.368,0.10399999999999998
490,2009,Democratic Republic of the Congo,111,COD,0.656,0.588,0.238,0.664,0.371,0.10399999999999998
490,2010,Democratic Republic of the Congo,111,COD,0.635,0.623,0.259,0.688,0.38,0.10399999999999998
490,2011,Democratic Republic of the Congo,111,COD,0.57,0.612,0.259,0.684,0.38,0.10399999999999998
490,2012,Democratic Republic of the Congo,111,COD,0.574,0.599,0.259,0.684,0.37,0.10399999999999998
490,2013,Democratic Republic of the Congo,111,COD,0.562,0.628,0.264,0.67,0.257,0.062000000000000055
490,2014,Democratic Republic of the Congo,111,COD,0.564,0.636,0.264,0.686,0.269,0.062000000000000055
490,2015,Democratic Republic of the Congo,111,COD,0.551,0.625,0.265,0.691,0.248,0.062000000000000055
490,2016,Democratic Republic of the Congo,111,COD,0.551,0.597,0.263,0.687,0.251,0.062000000000000055
490,2017,Democratic Republic of the Congo,111,COD,0.553,0.597,0.245,0.657,0.222,0.06000000000000005
490,2018,Democratic Republic of the Congo,111,COD,0.553,0.597,0.29,0.655,0.203,0.050000000000000044
490,2019,Democratic Republic of the Congo,111,COD,0.582,0.635,0.369,0.68,0.233,0.11399999999999999
490,2020,Democratic Republic of the Congo,111,COD,0.585,0.636,0.363,0.71,0.273,0.129
490,2021,Democratic Republic of the Congo,111,COD,0.585,0.541,0.32,0.702,0.25,0.135
490,2022,Democratic Republic of the Congo,111,COD,0.584,0.537,0.35,0.68,0.291,0.07899999999999996
490,2023,Democratic Republic of the Congo,111,COD,0.586,0.539,0.336,0.688,0.189,0.12
490,2024,Democratic Republic of the Congo,111,COD,0.579,0.56,0.331,0.641,0.194,0.12
500,1968,Uganda,50,UGA,0.673,0.409,0.295,0.358,0.371,0.5609999999999999
500,1969,Uganda,50,UGA,0.661,0.409,0.295,0.352,0.371,0.5609999999999999
500,1970,Uganda,50,UGA,0.663,0.224,0.295,0.34,0.372,0.5609999999999999
500,1971,Uganda,50,UGA,0.643,0.207,0.21,0.277,0.289,0.15100000000000002
500,1972,Uganda,50,UGA,0.064,0.187,0.149,0.156,0.284,0.11399999999999999
500,1973,Uganda,50,UGA,0.065,0.171,0.12,0.133,0.264,0.07699999999999996
500,1974,Uganda,50,UGA,0.064,0.171,0.12,0.133,0.261,0.07699999999999996
500,1975,Uganda,50,UGA,0.064,0.171,0.113,0.133,0.265,0.07699999999999996
500,1976,Uganda,50,UGA,0.063,0.171,0.113,0.133,0.264,0.07699999999999996
500,1977,Uganda,50,UGA,0.065,0.171,0.113,0.133,0.266,0.07699999999999996
500,1978,Uganda,50,UGA,0.065,0.171,0.113,0.133,0.259,0.07699999999999996
500,1979,Uganda,50,UGA,0.083,0.171,0.113,0.133,0.086,0.07699999999999996
500,1980,Uganda,50,UGA,0.432,0.399,0.278,0.285,0.388,0.30300000000000005
500,1981,Uganda,50,UGA,0.445,0.399,0.278,0.281,0.399,0.30300000000000005
500,1982,Uganda,50,UGA,0.446,0.399,0.261,0.279,0.404,0.30300000000000005
500,1983,Uganda,50,UGA,0.445,0.399,0.226,0.279,0.397,0.30300000000000005
500,1984,Uganda,50,UGA,0.447,0.399,0.226,0.279,0.401,0.30300000000000005
500,1985,Uganda,50,UGA,0.425,0.399,0.226,0.279,0.351,0.30300000000000005
500,1986,Uganda,50,UGA,0.134,0.434,0.406,0.369,0.595,0.529
500,1987,Uganda,50,UGA,0.115,0.544,0.544,0.387,0.637,0.554
500,1988,Uganda,50,UGA,0.116,0.587,0.544,0.429,0.64,0.652
500,1989,Uganda,50,UGA,0.545,0.587,0.544,0.433,0.642,0.619
500,1990,Uganda,50,UGA,0.562,0.587,0.575,0.44,0.685,0.6930000000000001
500,1991,Uganda,50,UGA,0.561,0.724,0.597,0.44,0.688,0.6930000000000001
500,1992,Uganda,50,UGA,0.561,0.724,0.617,0.459,0.685,0.6930000000000001
500,1993,Uganda,50,UGA,0.561,0.757,0.626,0.501,0.685,0.657
500,1994,Uganda,50,UGA,0.583,0.757,0.649,0.641,0.687,0.573
500,1995,Uganda,50,UGA,0.589,0.824,0.716,0.663,0.746,0.5509999999999999
500,1996,Uganda,50,UGA,0.577,0.822,0.698,0.678,0.794,0.44999999999999996
500,1997,Uganda,50,UGA,0.583,0.803,0.696,0.698,0.8,0.44999999999999996
500,1998,Uganda,50,UGA,0.581,0.803,0.696,0.698,0.794,0.44999999999999996
500,1999,Uganda,50,UGA,0.583,0.803,0.701,0.698,0.797,0.44999999999999996
500,2000,Uganda,50,UGA,0.581,0.803,0.688,0.736,0.798,0.347
500,2001,Uganda,50,UGA,0.462,0.803,0.688,0.718,0.8,0.347
500,2002,Uganda,50,UGA,0.462,0.762,0.688,0.721,0.763,0.347
500,2003,Uganda,50,UGA,0.464,0.617,0.694,0.721,0.769,0.347
500,2004,Uganda,50,UGA,0.469,0.617,0.694,0.721,0.766,0.32899999999999996
500,2005,Uganda,50,UGA,0.467,0.617,0.694,0.721,0.775,0.262
500,2006,Uganda,50,UGA,0.532,0.541,0.701,0.731,0.767,0.262
500,2007,Uganda,50,UGA,0.532,0.541,0.701,0.726,0.769,0.262
500,2008,Uganda,50,UGA,0.532,0.541,0.688,0.721,0.773,0.262
500,2009,Uganda,50,UGA,0.531,0.541,0.671,0.712,0.771,0.262
500,2010,Uganda,50,UGA,0.531,0.528,0.659,0.712,0.772,0.259
500,2011,Uganda,50,UGA,0.541,0.52,0.64,0.704,0.759,0.259
500,2012,Uganda,50,UGA,0.541,0.514,0.642,0.694,0.75,0.259
500,2013,Uganda,50,UGA,0.533,0.507,0.652,0.678,0.748,0.259
500,2014,Uganda,50,UGA,0.531,0.409,0.651,0.675,0.748,0.259
500,2015,Uganda,50,UGA,0.531,0.432,0.627,0.662,0.74,0.259
500,2016,Uganda,50,UGA,0.506,0.428,0.544,0.636,0.72,0.22599999999999998
500,2017,Uganda,50,UGA,0.506,0.382,0.516,0.664,0.706,0.20099999999999996
500,2018,Uganda,50,UGA,0.507,0.292,0.51,0.637,0.709,0.18799999999999994
500,2019,Uganda,50,UGA,0.509,0.25,0.505,0.637,0.694,0.19299999999999995
500,2020,Uganda,50,UGA,0.523,0.275,0.512,0.634,0.711,0.19299999999999995
500,2021,Uganda,50,UGA,0.524,0.273,0.48,0.58,0.659,0.16200000000000003
500,2022,Uganda,50,UGA,0.523,0.273,0.489,0.533,0.687,0.16800000000000004
500,2023,Uganda,50,UGA,0.523,0.248,0.484,0.537,0.692,0.17800000000000005
500,2024,Uganda,50,UGA,0.492,0.333,0.469,0.521,0.679,0.17800000000000005
501,1968,Kenya,40,KEN,0.576,0.263,0.264,0.221,0.624,0.534
501,1969,Kenya,40,KEN,0.548,0.263,0.26,0.209,0.586,0.512
501,1970,Kenya,40,KEN,0.542,0.263,0.277,0.195,0.532,0.36
501,1971,Kenya,40,KEN,0.541,0.263,0.277,0.2,0.528,0.36
501,1972,Kenya,40,KEN,0.54,0.263,0.277,0.195,0.541,0.22599999999999998
501,1973,Kenya,40,KEN,0.542,0.263,0.277,0.206,0.534,0.22599999999999998
501,1974,Kenya,40,KEN,0.578,0.263,0.277,0.206,0.532,0.22599999999999998
501,1975,Kenya,40,KEN,0.576,0.281,0.263,0.204,0.534,0.22599999999999998
501,1976,Kenya,40,KEN,0.577,0.292,0.268,0.204,0.533,0.22599999999999998
501,1977,Kenya,40,KEN,0.576,0.292,0.268,0.207,0.53,0.22599999999999998
501,1978,Kenya,40,KEN,0.579,0.292,0.274,0.201,0.516,0.20899999999999996
501,1979,Kenya,40,KEN,0.542,0.292,0.281,0.213,0.525,0.20899999999999996
501,1980,Kenya,40,KEN,0.542,0.292,0.275,0.207,0.518,0.20899999999999996
501,1981,Kenya,40,KEN,0.545,0.292,0.275,0.201,0.522,0.20899999999999996
501,1982,Kenya,40,KEN,0.539,0.265,0.24,0.191,0.503,0.20899999999999996
501,1983,Kenya,40,KEN,0.51,0.265,0.243,0.19,0.489,0.14
501,1984,Kenya,40,KEN,0.511,0.265,0.238,0.171,0.494,0.14
501,1985,Kenya,40,KEN,0.511,0.265,0.238,0.171,0.485,0.14
501,1986,Kenya,40,KEN,0.508,0.265,0.23,0.171,0.489,0.14
501,1987,Kenya,40,KEN,0.509,0.265,0.23,0.171,0.488,0.14
501,1988,Kenya,40,KEN,0.463,0.265,0.197,0.171,0.486,0.14
501,1989,Kenya,40,KEN,0.466,0.265,0.197,0.162,0.497,0.14
501,1990,Kenya,40,KEN,0.469,0.35,0.281,0.255,0.525,0.20599999999999996
501,1991,Kenya,40,KEN,0.475,0.477,0.304,0.281,0.534,0.20599999999999996
501,1992,Kenya,40,KEN,0.597,0.601,0.313,0.48,0.666,0.20599999999999996
501,1993,Kenya,40,KEN,0.596,0.684,0.347,0.586,0.684,0.20599999999999996
501,1994,Kenya,40,KEN,0.597,0.684,0.347,0.585,0.672,0.20599999999999996
501,1995,Kenya,40,KEN,0.597,0.684,0.347,0.616,0.676,0.20599999999999996
501,1996,Kenya,40,KEN,0.597,0.684,0.347,0.616,0.677,0.20599999999999996
501,1997,Kenya,40,KEN,0.635,0.684,0.342,0.604,0.673,0.20599999999999996
501,1998,Kenya,40,KEN,0.636,0.684,0.346,0.614,0.688,0.20599999999999996
501,1999,Kenya,40,KEN,0.635,0.684,0.346,0.614,0.682,0.20599999999999996
501,2000,Kenya,40,KEN,0.635,0.715,0.45,0.676,0.766,0.269
501,2001,Kenya,40,KEN,0.635,0.715,0.45,0.683,0.768,0.269
501,2002,Kenya,40,KEN,0.696,0.736,0.539,0.724,0.774,0.269
501,2003,Kenya,40,KEN,0.733,0.786,0.575,0.853,0.834,0.269
501,2004,Kenya,40,KEN,0.734,0.786,0.575,0.853,0.831,0.30000000000000004
501,2005,Kenya,40,KEN,0.731,0.786,0.601,0.853,0.83,0.30000000000000004
501,2006,Kenya,40,KEN,0.732,0.79,0.601,0.853,0.833,0.30000000000000004
501,2007,Kenya,40,KEN,0.65,0.79,0.584,0.858,0.828,0.30000000000000004
501,2008,Kenya,40,KEN,0.649,0.79,0.599,0.864,0.832,0.30000000000000004
501,2009,Kenya,40,KEN,0.657,0.79,0.608,0.865,0.832,0.30000000000000004
501,2010,Kenya,40,KEN,0.658,0.835,0.651,0.898,0.916,0.31499999999999995
501,2011,Kenya,40,KEN,0.66,0.835,0.651,0.898,0.915,0.31499999999999995
501,2012,Kenya,40,KEN,0.66,0.835,0.651,0.898,0.913,0.31499999999999995
501,2013,Kenya,40,KEN,0.743,0.832,0.664,0.884,0.869,0.389
501,2014,Kenya,40,KEN,0.742,0.797,0.667,0.882,0.866,0.389
501,2015,Kenya,40,KEN,0.742,0.797,0.667,0.882,0.869,0.389
501,2016,Kenya,40,KEN,0.74,0.768,0.668,0.878,0.868,0.41400000000000003
501,2017,Kenya,40,KEN,0.717,0.772,0.644,0.839,0.877,0.40800000000000003
501,2018,Kenya,40,KEN,0.715,0.767,0.658,0.831,0.867,0.40800000000000003
501,2019,Kenya,40,KEN,0.72,0.767,0.66,0.828,0.885,0.46499999999999997
501,2020,Kenya,40,KEN,0.723,0.781,0.689,0.851,0.881,0.42200000000000004
501,2021,Kenya,40,KEN,0.722,0.878,0.727,0.873,0.897,0.42200000000000004
501,2022,Kenya,40,KEN,0.773,0.899,0.727,0.874,0.88,0.42200000000000004
501,2023,Kenya,40,KEN,0.761,0.834,0.728,0.884,0.873,0.42500000000000004
501,2024,Kenya,40,KEN,0.763,0.853,0.661,0.896,0.857,0.42500000000000004
510,1968,Tanzania,47,TZA,0.68,0.372,0.682,0.377,0.854,0.976
510,1969,Tanzania,47,TZA,0.68,0.372,0.682,0.377,0.855,0.976
510,1970,Tanzania,47,TZA,0.68,0.372,0.682,0.366,0.847,0.968
510,1971,Tanzania,47,TZA,0.679,0.372,0.682,0.366,0.847,0.968
510,1972,Tanzania,47,TZA,0.679,0.372,0.664,0.366,0.844,0.968
510,1973,Tanzania,47,TZA,0.679,0.372,0.683,0.366,0.844,0.968
510,1974,Tanzania,47,TZA,0.679,0.372,0.683,0.366,0.845,0.968
510,1975,Tanzania,47,TZA,0.678,0.372,0.683,0.366,0.847,0.968
510,1976,Tanzania,47,TZA,0.68,0.361,0.683,0.372,0.849,0.968
510,1977,Tanzania,47,TZA,0.678,0.361,0.683,0.375,0.845,0.968
510,1978,Tanzania,47,TZA,0.678,0.361,0.683,0.375,0.845,0.968
510,1979,Tanzania,47,TZA,0.679,0.361,0.683,0.375,0.846,0.968
510,1980,Tanzania,47,TZA,0.68,0.464,0.683,0.375,0.846,0.945
510,1981,Tanzania,47,TZA,0.68,0.464,0.683,0.385,0.845,0.945
510,1982,Tanzania,47,TZA,0.681,0.563,0.683,0.385,0.847,0.945
510,1983,Tanzania,47,TZA,0.68,0.563,0.683,0.385,0.845,0.945
510,1984,Tanzania,47,TZA,0.682,0.563,0.683,0.385,0.846,0.945
510,1985,Tanzania,47,TZA,0.678,0.578,0.697,0.422,0.838,0.899
510,1986,Tanzania,47,TZA,0.679,0.616,0.703,0.431,0.829,0.858
510,1987,Tanzania,47,TZA,0.68,0.616,0.726,0.439,0.834,0.858
510,1988,Tanzania,47,TZA,0.679,0.616,0.724,0.439,0.833,0.858
510,1989,Tanzania,47,TZA,0.68,0.616,0.724,0.439,0.831,0.858
510,1990,Tanzania,47,TZA,0.694,0.627,0.721,0.503,0.836,0.688
510,1991,Tanzania,47,TZA,0.695,0.73,0.763,0.509,0.834,0.688
510,1992,Tanzania,47,TZA,0.705,0.771,0.764,0.675,0.833,0.688
510,1993,Tanzania,47,TZA,0.72,0.771,0.764,0.657,0.834,0.688
510,1994,Tanzania,47,TZA,0.747,0.771,0.764,0.67,0.832,0.638
510,1995,Tanzania,47,TZA,0.779,0.762,0.764,0.706,0.909,0.5780000000000001
510,1996,Tanzania,47,TZA,0.777,0.789,0.754,0.738,0.908,0.5780000000000001
510,1997,Tanzania,47,TZA,0.779,0.789,0.754,0.738,0.908,0.5780000000000001
510,1998,Tanzania,47,TZA,0.777,0.789,0.754,0.738,0.908,0.5780000000000001
510,1999,Tanzania,47,TZA,0.778,0.789,0.754,0.738,0.908,0.5780000000000001
510,2000,Tanzania,47,TZA,0.729,0.789,0.761,0.72,0.908,0.5780000000000001
510,2001,Tanzania,47,TZA,0.73,0.789,0.769,0.741,0.91,0.5780000000000001
510,2002,Tanzania,47,TZA,0.728,0.789,0.769,0.741,0.906,0.5780000000000001
510,2003,Tanzania,47,TZA,0.73,0.789,0.769,0.741,0.907,0.5780000000000001
510,2004,Tanzania,47,TZA,0.728,0.789,0.769,0.741,0.907,0.5780000000000001
510,2005,Tanzania,47,TZA,0.752,0.725,0.769,0.724,0.906,0.5780000000000001
510,2006,Tanzania,47,TZA,0.753,0.725,0.769,0.737,0.921,0.5780000000000001
510,2007,Tanzania,47,TZA,0.753,0.725,0.769,0.743,0.92,0.5780000000000001
510,2008,Tanzania,47,TZA,0.752,0.735,0.769,0.743,0.921,0.5780000000000001
510,2009,Tanzania,47,TZA,0.753,0.735,0.769,0.734,0.92,0.5780000000000001
510,2010,Tanzania,47,TZA,0.756,0.735,0.771,0.733,0.928,0.5780000000000001
510,2011,Tanzania,47,TZA,0.756,0.735,0.774,0.745,0.926,0.5780000000000001
510,2012,Tanzania,47,TZA,0.757,0.735,0.774,0.744,0.921,0.5780000000000001
510,2013,Tanzania,47,TZA,0.756,0.717,0.752,0.745,0.923,0.5529999999999999
510,2014,Tanzania,47,TZA,0.756,0.717,0.748,0.74,0.925,0.5529999999999999
510,2015,Tanzania,47,TZA,0.734,0.642,0.764,0.715,0.927,0.619
510,2016,Tanzania,47,TZA,0.733,0.563,0.761,0.628,0.862,0.753
510,2017,Tanzania,47,TZA,0.73,0.567,0.762,0.629,0.856,0.7969999999999999
510,2018,Tanzania,47,TZA,0.729,0.519,0.749,0.598,0.877,0.815
510,2019,Tanzania,47,TZA,0.73,0.515,0.727,0.597,0.851,0.8109999999999999
510,2020,Tanzania,47,TZA,0.663,0.52,0.731,0.575,0.87,0.899
510,2021,Tanzania,47,TZA,0.663,0.559,0.774,0.602,0.871,0.8
510,2022,Tanzania,47,TZA,0.662,0.55,0.838,0.712,0.876,0.889
510,2023,Tanzania,47,TZA,0.681,0.773,0.844,0.701,0.867,0.865
510,2024,Tanzania,47,TZA,0.682,0.79,0.835,0.699,0.889,0.865
516,1968,Burundi,69,BDI,0.142,0.084,0.215,0.103,0.141,0.706
516,1969,Burundi,69,BDI,0.128,0.084,0.215,0.103,0.137,0.706
516,1970,Burundi,69,BDI,0.115,0.084,0.241,0.103,0.138,0.706
516,1971,Burundi,69,BDI,0.116,0.084,0.233,0.103,0.139,0.706
516,1972,Burundi,69,BDI,0.117,0.084,0.217,0.103,0.138,0.706
516,1973,Burundi,69,BDI,0.117,0.084,0.217,0.103,0.139,0.706
516,1974,Burundi,69,BDI,0.118,0.084,0.228,0.103,0.14,0.706
516,1975,Burundi,69,BDI,0.116,0.084,0.25,0.103,0.143,0.706
516,1976,Burundi,69,BDI,0.117,0.084,0.331,0.077,0.152,0.8280000000000001
516,1977,Burundi,69,BDI,0.118,0.084,0.354,0.089,0.14,0.8280000000000001
516,1978,Burundi,69,BDI,0.118,0.084,0.354,0.089,0.152,0.8280000000000001
516,1979,Burundi,69,BDI,0.119,0.084,0.354,0.094,0.149,0.8280000000000001
516,1980,Burundi,69,BDI,0.114,0.097,0.363,0.104,0.152,0.8280000000000001
516,1981,Burundi,69,BDI,0.515,0.097,0.363,0.104,0.338,0.8280000000000001
516,1982,Burundi,69,BDI,0.513,0.097,0.363,0.104,0.484,0.8280000000000001
516,1983,Burundi,69,BDI,0.511,0.097,0.373,0.109,0.488,0.8280000000000001
516,1984,Burundi,69,BDI,0.521,0.097,0.373,0.109,0.483,0.8280000000000001
516,1985,Burundi,69,BDI,0.521,0.097,0.373,0.119,0.487,0.8280000000000001
516,1986,Burundi,69,BDI,0.521,0.097,0.383,0.119,0.486,0.8280000000000001
516,1987,Burundi,69,BDI,0.522,0.097,0.406,0.129,0.411,0.8280000000000001
516,1988,Burundi,69,BDI,0.116,0.097,0.411,0.133,0.45,0.793
516,1989,Burundi,69,BDI,0.115,0.097,0.411,0.138,0.457,0.793
516,1990,Burundi,69,BDI,0.114,0.097,0.424,0.142,0.448,0.793
516,1991,Burundi,69,BDI,0.118,0.106,0.399,0.142,0.45,0.793
516,1992,Burundi,69,BDI,0.209,0.415,0.396,0.451,0.47,0.735
516,1993,Burundi,69,BDI,0.794,0.456,0.358,0.55,0.549,0.6759999999999999
516,1994,Burundi,69,BDI,0.259,0.456,0.348,0.566,0.556,0.6759999999999999
516,1995,Burundi,69,BDI,0.259,0.456,0.348,0.566,0.514,0.6759999999999999
516,1996,Burundi,69,BDI,0.228,0.456,0.348,0.552,0.513,0.6759999999999999
516,1997,Burundi,69,BDI,0.227,0.456,0.348,0.538,0.515,0.6759999999999999
516,1998,Burundi,69,BDI,0.23,0.456,0.348,0.508,0.516,0.6759999999999999
516,1999,Burundi,69,BDI,0.227,0.456,0.349,0.527,0.517,0.6759999999999999
516,2000,Burundi,69,BDI,0.229,0.456,0.351,0.523,0.505,0.6759999999999999
516,2001,Burundi,69,BDI,0.227,0.456,0.364,0.542,0.509,0.6759999999999999
516,2002,Burundi,69,BDI,0.231,0.456,0.335,0.614,0.525,0.6759999999999999
516,2003,Burundi,69,BDI,0.231,0.456,0.335,0.669,0.524,0.6759999999999999
516,2004,Burundi,69,BDI,0.228,0.448,0.345,0.669,0.527,0.6759999999999999
516,2005,Burundi,69,BDI,0.749,0.445,0.342,0.672,0.407,0.16200000000000003
516,2006,Burundi,69,BDI,0.715,0.453,0.323,0.65,0.403,0.14400000000000002
516,2007,Burundi,69,BDI,0.715,0.432,0.311,0.646,0.402,0.14400000000000002
516,2008,Burundi,69,BDI,0.711,0.426,0.309,0.647,0.397,0.14400000000000002
516,2009,Burundi,69,BDI,0.709,0.426,0.304,0.636,0.4,0.14400000000000002
516,2010,Burundi,69,BDI,0.526,0.376,0.285,0.552,0.371,0.128
516,2011,Burundi,69,BDI,0.511,0.376,0.295,0.571,0.373,0.128
516,2012,Burundi,69,BDI,0.511,0.376,0.295,0.571,0.37,0.128
516,2013,Burundi,69,BDI,0.492,0.312,0.24,0.561,0.3,0.09099999999999997
516,2014,Burundi,69,BDI,0.483,0.227,0.203,0.537,0.292,0.06799999999999995
516,2015,Burundi,69,BDI,0.326,0.131,0.13,0.213,0.192,0.06799999999999995
516,2016,Burundi,69,BDI,0.327,0.08,0.099,0.123,0.172,0.040000000000000036
516,2017,Burundi,69,BDI,0.327,0.046,0.128,0.087,0.154,0.040000000000000036
516,2018,Burundi,69,BDI,0.325,0.066,0.103,0.089,0.157,0.040000000000000036
516,2019,Burundi,69,BDI,0.326,0.066,0.145,0.1,0.216,0.062000000000000055
516,2020,Burundi,69,BDI,0.383,0.054,0.174,0.114,0.169,0.05500000000000005
516,2021,Burundi,69,BDI,0.391,0.105,0.205,0.152,0.333,0.20199999999999996
516,2022,Burundi,69,BDI,0.402,0.055,0.293,0.231,0.325,0.32999999999999996
516,2023,Burundi,69,BDI,0.401,0.051,0.254,0.219,0.209,0.258
516,2024,Burundi,69,BDI,0.4,0.051,0.263,0.166,0.334,0.258
517,1968,Rwanda,129,RWA,0.601,0.348,0.494,0.207,0.517,0.5860000000000001
517,1969,Rwanda,129,RWA,0.615,0.348,0.487,0.201,0.514,0.5860000000000001
517,1970,Rwanda,129,RWA,0.611,0.348,0.468,0.206,0.509,0.5860000000000001
517,1971,Rwanda,129,RWA,0.611,0.348,0.461,0.206,0.516,0.5860000000000001
517,1972,Rwanda,129,RWA,0.611,0.348,0.461,0.206,0.507,0.5860000000000001
517,1973,Rwanda,129,RWA,0.604,0.337,0.506,0.21,0.511,0.5660000000000001
517,1974,Rwanda,129,RWA,0.073,0.176,0.457,0.161,0.359,0.542
517,1975,Rwanda,129,RWA,0.069,0.176,0.45,0.151,0.368,0.542
517,1976,Rwanda,129,RWA,0.086,0.176,0.45,0.151,0.368,0.542
517,1977,Rwanda,129,RWA,0.086,0.176,0.45,0.151,0.361,0.542
517,1978,Rwanda,129,RWA,0.416,0.217,0.47,0.174,0.369,0.542
517,1979,Rwanda,129,RWA,0.413,0.217,0.491,0.198,0.368,0.542
517,1980,Rwanda,129,RWA,0.411,0.212,0.491,0.192,0.368,0.542
517,1981,Rwanda,129,RWA,0.476,0.212,0.491,0.192,0.43,0.542
517,1982,Rwanda,129,RWA,0.478,0.212,0.491,0.192,0.344,0.542
517,1983,Rwanda,129,RWA,0.456,0.212,0.491,0.192,0.349,0.542
517,1984,Rwanda,129,RWA,0.456,0.212,0.491,0.192,0.348,0.542
517,1985,Rwanda,129,RWA,0.455,0.212,0.491,0.192,0.347,0.542
517,1986,Rwanda,129,RWA,0.454,0.212,0.491,0.192,0.339,0.542
517,1987,Rwanda,129,RWA,0.456,0.212,0.491,0.192,0.348,0.542
517,1988,Rwanda,129,RWA,0.484,0.212,0.491,0.201,0.346,0.542
517,1989,Rwanda,129,RWA,0.481,0.212,0.491,0.201,0.345,0.542
517,1990,Rwanda,129,RWA,0.48,0.215,0.465,0.252,0.361,0.579
517,1991,Rwanda,129,RWA,0.506,0.217,0.468,0.32,0.371,0.579
517,1992,Rwanda,129,RWA,0.515,0.219,0.48,0.327,0.372,0.579
517,1993,Rwanda,129,RWA,0.256,0.219,0.469,0.326,0.426,0.579
517,1994,Rwanda,129,RWA,0.206,0.238,0.314,0.235,0.485,0.601
517,1995,Rwanda,129,RWA,0.177,0.213,0.397,0.143,0.654,0.562
517,1996,Rwanda,129,RWA,0.178,0.301,0.411,0.152,0.656,0.562
517,1997,Rwanda,129,RWA,0.179,0.301,0.433,0.152,0.653,0.562
517,1998,Rwanda,129,RWA,0.181,0.301,0.46,0.146,0.657,0.562
517,1999,Rwanda,129,RWA,0.179,0.301,0.476,0.158,0.657,0.562
517,2000,Rwanda,129,RWA,0.177,0.322,0.558,0.206,0.37,0.618
517,2001,Rwanda,129,RWA,0.179,0.322,0.557,0.206,0.371,0.651
517,2002,Rwanda,129,RWA,0.178,0.322,0.558,0.211,0.369,0.651
517,2003,Rwanda,129,RWA,0.467,0.322,0.558,0.229,0.374,0.651
517,2004,Rwanda,129,RWA,0.486,0.346,0.557,0.213,0.374,0.651
517,2005,Rwanda,129,RWA,0.485,0.326,0.56,0.206,0.369,0.651
517,2006,Rwanda,129,RWA,0.486,0.326,0.566,0.211,0.369,0.651
517,2007,Rwanda,129,RWA,0.488,0.34,0.568,0.211,0.371,0.661
517,2008,Rwanda,129,RWA,0.539,0.34,0.568,0.211,0.372,0.661
517,2009,Rwanda,129,RWA,0.543,0.34,0.565,0.211,0.359,0.661
517,2010,Rwanda,129,RWA,0.536,0.356,0.569,0.202,0.38,0.667
517,2011,Rwanda,129,RWA,0.536,0.354,0.582,0.203,0.383,0.667
517,2012,Rwanda,129,RWA,0.534,0.362,0.593,0.216,0.386,0.667
517,2013,Rwanda,129,RWA,0.534,0.356,0.567,0.222,0.389,0.639
517,2014,Rwanda,129,RWA,0.538,0.346,0.574,0.236,0.396,0.639
517,2015,Rwanda,129,RWA,0.547,0.346,0.574,0.232,0.391,0.639
517,2016,Rwanda,129,RWA,0.548,0.303,0.463,0.23,0.42,0.639
517,2017,Rwanda,129,RWA,0.562,0.308,0.398,0.213,0.415,0.639
517,2018,Rwanda,129,RWA,0.559,0.308,0.406,0.225,0.39,0.639
517,2019,Rwanda,129,RWA,0.561,0.287,0.436,0.221,0.387,0.639
517,2020,Rwanda,129,RWA,0.561,0.28,0.377,0.203,0.417,0.639
517,2021,Rwanda,129,RWA,0.551,0.251,0.34,0.223,0.401,0.5900000000000001
517,2022,Rwanda,129,RWA,0.552,0.238,0.328,0.19,0.408,0.604
517,2023,Rwanda,129,RWA,0.541,0.192,0.244,0.185,0.395,0.642
517,2024,Rwanda,129,RWA,0.517,0.192,0.238,0.152,0.393,0.646
520,1968,Somalia,130,SOM,0.678,0.317,0.36,0.557,0.815,0.5
520,1969,Somalia,130,SOM,0.533,0.269,0.344,0.216,0.263,0.5
520,1970,Somalia,130,SOM,0.119,0.093,0.068,0.042,0.179,0.51
520,1971,Somalia,130,SOM,0.118,0.093,0.071,0.042,0.179,0.51
520,1972,Somalia,130,SOM,0.115,0.093,0.071,0.042,0.175,0.51
520,1973,Somalia,130,SOM,0.119,0.093,0.071,0.044,0.179,0.51
520,1974,Somalia,130,SOM,0.117,0.093,0.071,0.044,0.177,0.51
520,1975,Somalia,130,SOM,0.114,0.093,0.071,0.044,0.183,0.51
520,1976,Somalia,130,SOM,0.115,0.093,0.069,0.044,0.184,0.51
520,1977,Somalia,130,SOM,0.115,0.093,0.069,0.044,0.181,0.469
520,1978,Somalia,130,SOM,0.118,0.093,0.069,0.044,0.18,0.469
520,1979,Somalia,130,SOM,0.299,0.093,0.068,0.039,0.227,0.469
520,1980,Somalia,130,SOM,0.307,0.093,0.068,0.039,0.209,0.469
520,1981,Somalia,130,SOM,0.306,0.093,0.068,0.039,0.21,0.469
520,1982,Somalia,130,SOM,0.304,0.093,0.068,0.038,0.209,0.469
520,1983,Somalia,130,SOM,0.305,0.093,0.068,0.038,0.209,0.469
520,1984,Somalia,130,SOM,0.294,0.093,0.068,0.038,0.207,0.469
520,1985,Somalia,130,SOM,0.295,0.093,0.068,0.038,0.206,0.469
520,1986,Somalia,130,SOM,0.295,0.093,0.068,0.038,0.204,0.469
520,1987,Somalia,130,SOM,0.294,0.088,0.068,0.038,0.208,0.469
520,1988,Somalia,130,SOM,0.295,0.088,0.068,0.038,0.206,0.469
520,1989,Somalia,130,SOM,0.295,0.088,0.068,0.038,0.204,0.469
520,1990,Somalia,130,SOM,0.294,0.097,0.044,0.047,0.205,0.44999999999999996
520,1991,Somalia,130,SOM,0.306,0.456,0.043,0.148,0.119,0.236
520,1992,Somalia,130,SOM,0.206,0.671,0.062,0.322,0.069,0.03700000000000003
520,1993,Somalia,130,SOM,0.209,0.671,0.059,0.361,0.075,0.03700000000000003
520,1994,Somalia,130,SOM,0.207,0.671,0.059,0.389,0.075,0.03700000000000003
520,1995,Somalia,130,SOM,0.203,0.671,0.059,0.394,0.071,0.03700000000000003
520,1996,Somalia,130,SOM,0.206,0.671,0.059,0.394,0.074,0.03700000000000003
520,1997,Somalia,130,SOM,0.202,0.671,0.059,0.394,0.071,0.03700000000000003
520,1998,Somalia,130,SOM,0.202,0.671,0.059,0.394,0.073,0.03700000000000003
520,1999,Somalia,130,SOM,0.207,0.671,0.059,0.394,0.071,0.03700000000000003
520,2000,Somalia,130,SOM,0.205,0.671,0.056,0.48,0.298,0.05500000000000005
520,2001,Somalia,130,SOM,0.206,0.671,0.056,0.451,0.522,0.06599999999999995
520,2002,Somalia,130,SOM,0.208,0.671,0.056,0.451,0.519,0.07299999999999995
520,2003,Somalia,130,SOM,0.205,0.671,0.056,0.451,0.519,0.07299999999999995
520,2004,Somalia,130,SOM,0.209,0.671,0.059,0.463,0.591,0.07299999999999995
520,2005,Somalia,130,SOM,0.212,0.6,0.051,0.51,0.594,0.06999999999999995
520,2006,Somalia,130,SOM,0.212,0.6,0.05,0.512,0.601,0.07499999999999996
520,2007,Somalia,130,SOM,0.215,0.6,0.052,0.512,0.617,0.07799999999999996
520,2008,Somalia,130,SOM,0.211,0.6,0.049,0.512,0.6,0.07799999999999996
520,2009,Somalia,130,SOM,0.213,0.6,0.049,0.524,0.604,0.08299999999999996
520,2010,Somalia,130,SOM,0.216,0.62,0.098,0.573,0.606,0.08299999999999996
520,2011,Somalia,130,SOM,0.215,0.62,0.095,0.614,0.617,0.08299999999999996
520,2012,Somalia,130,SOM,0.225,0.649,0.145,0.613,0.645,0.07099999999999995
520,2013,Somalia,130,SOM,0.225,0.561,0.16,0.575,0.626,0.07099999999999995
520,2014,Somalia,130,SOM,0.226,0.561,0.16,0.575,0.624,0.07099999999999995
520,2015,Somalia,130,SOM,0.227,0.561,0.16,0.575,0.664,0.07099999999999995
520,2016,Somalia,130,SOM,0.227,0.561,0.196,0.57,0.601,0.07099999999999995
520,2017,Somalia,130,SOM,0.228,0.609,0.219,0.608,0.63,0.09699999999999998
520,2018,Somalia,130,SOM,0.227,0.425,0.185,0.521,0.587,0.09499999999999997
520,2019,Somalia,130,SOM,0.23,0.383,0.178,0.494,0.619,0.16100000000000003
520,2020,Somalia,130,SOM,0.227,0.435,0.173,0.556,0.592,0.10499999999999998
520,2021,Somalia,130,SOM,0.232,0.379,0.225,0.605,0.6,0.11399999999999999
520,2022,Somalia,130,SOM,0.226,0.437,0.252,0.6,0.628,0.11199999999999999
520,2023,Somalia,130,SOM,0.228,0.505,0.346,0.644,0.695,0.11199999999999999
520,2024,Somalia,130,SOM,0.223,0.505,0.346,0.66,0.628,0.07599999999999996
522,1977,Djibouti,113,DJI,0.37,0.088,0.051,0.106,0.108,0.33499999999999996
522,1978,Djibouti,113,DJI,0.368,0.233,0.323,0.2,0.155,0.17700000000000005
522,1979,Djibouti,113,DJI,0.368,0.233,0.356,0.2,0.154,0.17700000000000005
522,1980,Djibouti,113,DJI,0.366,0.233,0.359,0.187,0.153,0.17700000000000005
522,1981,Djibouti,113,DJI,0.365,0.233,0.359,0.187,0.154,0.17700000000000005
522,1982,Djibouti,113,DJI,0.366,0.233,0.359,0.187,0.152,0.17700000000000005
522,1983,Djibouti,113,DJI,0.365,0.233,0.359,0.187,0.153,0.17700000000000005
522,1984,Djibouti,113,DJI,0.365,0.233,0.359,0.187,0.154,0.17700000000000005
522,1985,Djibouti,113,DJI,0.364,0.233,0.359,0.187,0.154,0.17700000000000005
522,1986,Djibouti,113,DJI,0.365,0.233,0.359,0.187,0.154,0.17700000000000005
522,1987,Djibouti,113,DJI,0.37,0.233,0.359,0.187,0.155,0.17700000000000005
522,1988,Djibouti,113,DJI,0.37,0.233,0.359,0.187,0.152,0.17700000000000005
522,1989,Djibouti,113,DJI,0.37,0.233,0.359,0.187,0.152,0.17700000000000005
522,1990,Djibouti,113,DJI,0.371,0.244,0.392,0.182,0.15,0.17700000000000005
522,1991,Djibouti,113,DJI,0.37,0.244,0.353,0.167,0.152,0.17700000000000005
522,1992,Djibouti,113,DJI,0.511,0.463,0.471,0.269,0.18,0.257
522,1993,Djibouti,113,DJI,0.516,0.463,0.488,0.269,0.184,0.257
522,1994,Djibouti,113,DJI,0.514,0.463,0.484,0.269,0.184,0.257
522,1995,Djibouti,113,DJI,0.514,0.463,0.484,0.269,0.184,0.257
522,1996,Djibouti,113,DJI,0.514,0.463,0.484,0.269,0.185,0.257
522,1997,Djibouti,113,DJI,0.524,0.463,0.484,0.269,0.185,0.257
522,1998,Djibouti,113,DJI,0.522,0.463,0.484,0.269,0.214,0.257
522,1999,Djibouti,113,DJI,0.523,0.463,0.484,0.273,0.212,0.257
522,2000,Djibouti,113,DJI,0.532,0.491,0.492,0.273,0.212,0.32299999999999995
522,2001,Djibouti,113,DJI,0.534,0.491,0.492,0.275,0.211,0.32299999999999995
522,2002,Djibouti,113,DJI,0.535,0.714,0.496,0.274,0.212,0.32299999999999995
522,2003,Djibouti,113,DJI,0.558,0.481,0.492,0.274,0.213,0.32299999999999995
522,2004,Djibouti,113,DJI,0.562,0.481,0.492,0.286,0.211,0.32299999999999995
522,2005,Djibouti,113,DJI,0.495,0.481,0.492,0.285,0.215,0.32299999999999995
522,2006,Djibouti,113,DJI,0.496,0.481,0.492,0.279,0.214,0.32299999999999995
522,2007,Djibouti,113,DJI,0.494,0.481,0.492,0.279,0.214,0.32299999999999995
522,2008,Djibouti,113,DJI,0.492,0.481,0.492,0.279,0.211,0.32299999999999995
522,2009,Djibouti,113,DJI,0.494,0.481,0.487,0.28,0.211,0.32299999999999995
522,2010,Djibouti,113,DJI,0.493,0.487,0.487,0.267,0.213,0.32299999999999995
522,2011,Djibouti,113,DJI,0.511,0.487,0.487,0.267,0.206,0.32299999999999995
522,2012,Djibouti,113,DJI,0.511,0.487,0.487,0.267,0.21,0.32299999999999995
522,2013,Djibouti,113,DJI,0.518,0.487,0.487,0.267,0.212,0.32299999999999995
522,2014,Djibouti,113,DJI,0.518,0.487,0.487,0.267,0.212,0.32299999999999995
522,2015,Djibouti,113,DJI,0.519,0.487,0.487,0.267,0.213,0.32299999999999995
522,2016,Djibouti,113,DJI,0.516,0.487,0.487,0.267,0.21,0.32299999999999995
522,2017,Djibouti,113,DJI,0.517,0.51,0.446,0.276,0.214,0.32299999999999995
522,2018,Djibouti,113,DJI,0.5,0.517,0.453,0.349,0.211,0.30800000000000005
522,2019,Djibouti,113,DJI,0.499,0.517,0.457,0.348,0.252,0.32899999999999996
522,2020,Djibouti,113,DJI,0.498,0.517,0.454,0.342,0.254,0.32899999999999996
522,2021,Djibouti,113,DJI,0.5,0.517,0.454,0.342,0.251,0.29100000000000004
522,2022,Djibouti,113,DJI,0.502,0.53,0.454,0.342,0.249,0.29100000000000004
522,2023,Djibouti,113,DJI,0.49,0.53,0.451,0.342,0.25,0.29100000000000004
522,2024,Djibouti,113,DJI,0.491,0.53,0.451,0.342,0.251,0.29100000000000004
530,1968,Ethiopia,38,ETH,0.345,0.116,0.168,0.077,0.116,0.30500000000000005
530,1969,Ethiopia,38,ETH,0.353,0.116,0.168,0.077,0.112,0.30500000000000005
530,1970,Ethiopia,38,ETH,0.352,0.116,0.183,0.077,0.113,0.30500000000000005
530,1971,Ethiopia,38,ETH,0.351,0.116,0.183,0.077,0.113,0.30500000000000005
530,1972,Ethiopia,38,ETH,0.351,0.174,0.181,0.077,0.115,0.30500000000000005
530,1973,Ethiopia,38,ETH,0.35,0.174,0.176,0.077,0.115,0.30500000000000005
530,1974,Ethiopia,38,ETH,0.349,0.103,0.106,0.067,0.111,0.33799999999999997
530,1975,Ethiopia,38,ETH,0.087,0.048,0.048,0.079,0.038,0.393
530,1976,Ethiopia,38,ETH,0.072,0.048,0.055,0.044,0.04,0.393
530,1977,Ethiopia,38,ETH,0.073,0.048,0.055,0.044,0.038,0.393
530,1978,Ethiopia,38,ETH,0.073,0.048,0.055,0.044,0.04,0.393
530,1979,Ethiopia,38,ETH,0.073,0.048,0.055,0.044,0.038,0.393
530,1980,Ethiopia,38,ETH,0.08,0.048,0.058,0.044,0.04,0.393
530,1981,Ethiopia,38,ETH,0.08,0.048,0.062,0.044,0.039,0.393
530,1982,Ethiopia,38,ETH,0.079,0.048,0.062,0.044,0.039,0.393
530,1983,Ethiopia,38,ETH,0.08,0.048,0.062,0.044,0.039,0.393
530,1984,Ethiopia,38,ETH,0.08,0.048,0.062,0.044,0.039,0.393
530,1985,Ethiopia,38,ETH,0.079,0.048,0.062,0.044,0.039,0.393
530,1986,Ethiopia,38,ETH,0.077,0.048,0.062,0.044,0.038,0.393
530,1987,Ethiopia,38,ETH,0.329,0.048,0.062,0.044,0.052,0.42700000000000005
530,1988,Ethiopia,38,ETH,0.329,0.048,0.062,0.048,0.059,0.42700000000000005
530,1989,Ethiopia,38,ETH,0.329,0.048,0.062,0.048,0.061,0.42700000000000005
530,1990,Ethiopia,38,ETH,0.331,0.064,0.075,0.048,0.062,0.42700000000000005
530,1991,Ethiopia,38,ETH,0.338,0.239,0.349,0.332,0.105,0.42700000000000005
530,1992,Ethiopia,38,ETH,0.341,0.312,0.443,0.42,0.11,0.42700000000000005
530,1993,Ethiopia,38,ETH,0.343,0.312,0.445,0.42,0.111,0.42700000000000005
530,1994,Ethiopia,38,ETH,0.49,0.312,0.453,0.413,0.101,0.42700000000000005
530,1995,Ethiopia,38,ETH,0.473,0.312,0.474,0.379,0.186,0.31799999999999995
530,1996,Ethiopia,38,ETH,0.468,0.312,0.474,0.379,0.191,0.31799999999999995
530,1997,Ethiopia,38,ETH,0.47,0.312,0.474,0.379,0.19,0.31799999999999995
530,1998,Ethiopia,38,ETH,0.469,0.312,0.474,0.379,0.19,0.31799999999999995
530,1999,Ethiopia,38,ETH,0.469,0.312,0.474,0.379,0.189,0.31799999999999995
530,2000,Ethiopia,38,ETH,0.47,0.312,0.474,0.375,0.186,0.31799999999999995
530,2001,Ethiopia,38,ETH,0.471,0.312,0.474,0.38,0.186,0.31799999999999995
530,2002,Ethiopia,38,ETH,0.472,0.312,0.474,0.38,0.189,0.31799999999999995
530,2003,Ethiopia,38,ETH,0.472,0.312,0.474,0.38,0.185,0.31799999999999995
530,2004,Ethiopia,38,ETH,0.472,0.312,0.474,0.364,0.188,0.31799999999999995
530,2005,Ethiopia,38,ETH,0.554,0.341,0.474,0.369,0.187,0.31799999999999995
530,2006,Ethiopia,38,ETH,0.556,0.254,0.468,0.283,0.19,0.31799999999999995
530,2007,Ethiopia,38,ETH,0.556,0.254,0.489,0.289,0.194,0.33599999999999997
530,2008,Ethiopia,38,ETH,0.557,0.254,0.481,0.295,0.193,0.33599999999999997
530,2009,Ethiopia,38,ETH,0.558,0.225,0.484,0.293,0.195,0.29500000000000004
530,2010,Ethiopia,38,ETH,0.464,0.222,0.492,0.289,0.195,0.29500000000000004
530,2011,Ethiopia,38,ETH,0.471,0.225,0.498,0.287,0.197,0.29500000000000004
530,2012,Ethiopia,38,ETH,0.472,0.231,0.496,0.286,0.193,0.29100000000000004
530,2013,Ethiopia,38,ETH,0.472,0.218,0.474,0.284,0.213,0.29100000000000004
530,2014,Ethiopia,38,ETH,0.474,0.218,0.469,0.298,0.21,0.29100000000000004
530,2015,Ethiopia,38,ETH,0.487,0.218,0.457,0.29,0.207,0.29100000000000004
530,2016,Ethiopia,38,ETH,0.486,0.213,0.442,0.284,0.208,0.29100000000000004
530,2017,Ethiopia,38,ETH,0.486,0.198,0.46,0.308,0.178,0.33099999999999996
530,2018,Ethiopia,38,ETH,0.514,0.202,0.583,0.447,0.289,0.31499999999999995
530,2019,Ethiopia,38,ETH,0.544,0.568,0.587,0.626,0.295,0.28500000000000003
530,2020,Ethiopia,38,ETH,0.539,0.665,0.532,0.579,0.279,0.28500000000000003
530,2021,Ethiopia,38,ETH,0.633,0.655,0.497,0.397,0.218,0.29400000000000004
530,2022,Ethiopia,38,ETH,0.623,0.657,0.459,0.355,0.214,0.28300000000000003
530,2023,Ethiopia,38,ETH,0.622,0.571,0.388,0.316,0.158,0.28300000000000003
530,2024,Ethiopia,38,ETH,0.611,0.481,0.322,0.269,0.15,0.31200000000000006
531,1993,Eritrea,115,ERI,0.076,0.112,0.213,0.222,0.084,0.685
531,1994,Eritrea,115,ERI,0.075,0.104,0.209,0.226,0.083,0.685
531,1995,Eritrea,115,ERI,0.078,0.104,0.206,0.226,0.083,0.685
531,1996,Eritrea,115,ERI,0.075,0.104,0.202,0.226,0.084,0.685
531,1997,Eritrea,115,ERI,0.078,0.104,0.202,0.313,0.084,0.685
531,1998,Eritrea,115,ERI,0.077,0.104,0.148,0.308,0.083,0.685
531,1999,Eritrea,115,ERI,0.076,0.104,0.136,0.308,0.071,0.685
531,2000,Eritrea,115,ERI,0.078,0.067,0.095,0.302,0.07,0.685
531,2001,Eritrea,115,ERI,0.074,0.067,0.029,0.158,0.052,0.42000000000000004
531,2002,Eritrea,115,ERI,0.076,0.022,0.019,0.023,0.036,0.39
531,2003,Eritrea,115,ERI,0.076,0.022,0.019,0.015,0.032,0.39
531,2004,Eritrea,115,ERI,0.076,0.022,0.019,0.015,0.032,0.39
531,2005,Eritrea,115,ERI,0.074,0.022,0.016,0.015,0.032,0.39
531,2006,Eritrea,115,ERI,0.074,0.022,0.016,0.015,0.032,0.39
531,2007,Eritrea,115,ERI,0.078,0.022,0.013,0.014,0.032,0.39
531,2008,Eritrea,115,ERI,0.075,0.022,0.013,0.014,0.031,0.39
531,2009,Eritrea,115,ERI,0.077,0.022,0.013,0.015,0.025,0.39
531,2010,Eritrea,115,ERI,0.077,0.022,0.014,0.015,0.025,0.39
531,2011,Eritrea,115,ERI,0.078,0.022,0.014,0.015,0.026,0.39
531,2012,Eritrea,115,ERI,0.077,0.022,0.012,0.015,0.025,0.39
531,2013,Eritrea,115,ERI,0.074,0.093,0.014,0.018,0.029,0.33799999999999997
531,2014,Eritrea,115,ERI,0.07,0.093,0.015,0.018,0.03,0.33799999999999997
531,2015,Eritrea,115,ERI,0.072,0.088,0.014,0.018,0.03,0.33799999999999997
531,2016,Eritrea,115,ERI,0.073,0.074,0.016,0.017,0.026,0.258
531,2017,Eritrea,115,ERI,0.072,0.074,0.019,0.013,0.031,0.28700000000000003
531,2018,Eritrea,115,ERI,0.066,0.074,0.026,0.018,0.047,0.30000000000000004
531,2019,Eritrea,115,ERI,0.065,0.078,0.032,0.028,0.046,0.30000000000000004
531,2020,Eritrea,115,ERI,0.063,0.074,0.025,0.025,0.053,0.28500000000000003
531,2021,Eritrea,115,ERI,0.055,0.052,0.031,0.054,0.061,0.277
531,2022,Eritrea,115,ERI,0.058,0.052,0.039,0.056,0.063,0.30600000000000005
531,2023,Eritrea,115,ERI,0.055,0.059,0.033,0.025,0.05,0.29000000000000004
531,2024,Eritrea,115,ERI,0.059,0.068,0.027,0.021,0.066,0.243
540,1975,Angola,104,AGO,0.079,0.047,0.069,0.048,0.108,0.7
540,1976,Angola,104,AGO,0.091,0.047,0.092,0.045,0.153,0.7
540,1977,Angola,104,AGO,0.092,0.033,0.092,0.045,0.154,0.7
540,1978,Angola,104,AGO,0.092,0.033,0.092,0.045,0.153,0.654
540,1979,Angola,104,AGO,0.09,0.033,0.092,0.045,0.146,0.654
540,1980,Angola,104,AGO,0.094,0.04,0.092,0.045,0.154,0.591
540,1981,Angola,104,AGO,0.091,0.04,0.092,0.045,0.153,0.591
540,1982,Angola,104,AGO,0.089,0.04,0.092,0.045,0.152,0.558
540,1983,Angola,104,AGO,0.091,0.04,0.092,0.045,0.152,0.558
540,1984,Angola,104,AGO,0.092,0.04,0.092,0.045,0.153,0.558
540,1985,Angola,104,AGO,0.091,0.04,0.092,0.045,0.151,0.558
540,1986,Angola,104,AGO,0.092,0.04,0.092,0.048,0.15,0.558
540,1987,Angola,104,AGO,0.094,0.04,0.092,0.048,0.152,0.558
540,1988,Angola,104,AGO,0.092,0.04,0.092,0.048,0.151,0.46299999999999997
540,1989,Angola,104,AGO,0.093,0.04,0.092,0.048,0.151,0.46299999999999997
540,1990,Angola,104,AGO,0.105,0.04,0.143,0.054,0.151,0.46299999999999997
540,1991,Angola,104,AGO,0.141,0.158,0.165,0.057,0.153,0.46299999999999997
540,1992,Angola,104,AGO,0.614,0.418,0.224,0.216,0.189,0.29200000000000004
540,1993,Angola,104,AGO,0.226,0.432,0.205,0.243,0.191,0.272
540,1994,Angola,104,AGO,0.226,0.432,0.205,0.243,0.19,0.272
540,1995,Angola,104,AGO,0.228,0.432,0.205,0.243,0.19,0.272
540,1996,Angola,104,AGO,0.228,0.432,0.205,0.243,0.187,0.272
540,1997,Angola,104,AGO,0.227,0.432,0.205,0.243,0.187,0.272
540,1998,Angola,104,AGO,0.227,0.432,0.205,0.243,0.191,0.272
540,1999,Angola,104,AGO,0.227,0.432,0.205,0.243,0.19,0.272
540,2000,Angola,104,AGO,0.225,0.432,0.205,0.243,0.197,0.272
540,2001,Angola,104,AGO,0.227,0.432,0.224,0.251,0.196,0.272
540,2002,Angola,104,AGO,0.225,0.411,0.353,0.292,0.16,0.14600000000000002
540,2003,Angola,104,AGO,0.227,0.46,0.39,0.343,0.164,0.10199999999999998
540,2004,Angola,104,AGO,0.226,0.46,0.408,0.34,0.162,0.10199999999999998
540,2005,Angola,104,AGO,0.227,0.46,0.413,0.356,0.16,0.10199999999999998
540,2006,Angola,104,AGO,0.227,0.46,0.413,0.356,0.164,0.10199999999999998
540,2007,Angola,104,AGO,0.226,0.455,0.42,0.356,0.165,0.10199999999999998
540,2008,Angola,104,AGO,0.561,0.455,0.42,0.355,0.168,0.10199999999999998
540,2009,Angola,104,AGO,0.566,0.465,0.431,0.362,0.164,0.10199999999999998
540,2010,Angola,104,AGO,0.583,0.465,0.454,0.368,0.138,0.10199999999999998
540,2011,Angola,104,AGO,0.582,0.464,0.454,0.368,0.138,0.10199999999999998
540,2012,Angola,104,AGO,0.564,0.464,0.454,0.367,0.148,0.10199999999999998
540,2013,Angola,104,AGO,0.565,0.473,0.456,0.378,0.169,0.10199999999999998
540,2014,Angola,104,AGO,0.563,0.473,0.456,0.378,0.165,0.10199999999999998
540,2015,Angola,104,AGO,0.564,0.473,0.456,0.378,0.169,0.10199999999999998
540,2016,Angola,104,AGO,0.564,0.477,0.463,0.378,0.167,0.10199999999999998
540,2017,Angola,104,AGO,0.598,0.488,0.531,0.409,0.216,0.18700000000000006
540,2018,Angola,104,AGO,0.6,0.519,0.564,0.562,0.254,0.351
540,2019,Angola,104,AGO,0.598,0.519,0.567,0.543,0.269,0.361
540,2020,Angola,104,AGO,0.595,0.519,0.579,0.538,0.277,0.361
540,2021,Angola,104,AGO,0.6,0.605,0.567,0.481,0.25,0.483
540,2022,Angola,104,AGO,0.614,0.594,0.578,0.492,0.277,0.532
540,2023,Angola,104,AGO,0.627,0.594,0.59,0.458,0.23,0.532
540,2024,Angola,104,AGO,0.624,0.594,0.613,0.493,0.258,0.532
541,1975,Mozambique,57,MOZ,0.08,0.085,0.141,0.094,0.337,0.735
541,1976,Mozambique,57,MOZ,0.073,0.075,0.135,0.103,0.335,0.735
541,1977,Mozambique,57,MOZ,0.073,0.075,0.135,0.103,0.279,0.735
541,1978,Mozambique,57,MOZ,0.07,0.075,0.135,0.103,0.283,0.735
541,1979,Mozambique,57,MOZ,0.073,0.075,0.135,0.103,0.276,0.735
541,1980,Mozambique,57,MOZ,0.072,0.075,0.138,0.103,0.275,0.735
541,1981,Mozambique,57,MOZ,0.074,0.075,0.138,0.103,0.277,0.735
541,1982,Mozambique,57,MOZ,0.073,0.075,0.138,0.103,0.275,0.735
541,1983,Mozambique,57,MOZ,0.074,0.075,0.138,0.103,0.273,0.735
541,1984,Mozambique,57,MOZ,0.07,0.075,0.14,0.103,0.274,0.735
541,1985,Mozambique,57,MOZ,0.073,0.075,0.14,0.103,0.275,0.735
541,1986,Mozambique,57,MOZ,0.074,0.075,0.14,0.103,0.275,0.735
541,1987,Mozambique,57,MOZ,0.071,0.075,0.163,0.105,0.273,0.735
541,1988,Mozambique,57,MOZ,0.071,0.075,0.167,0.105,0.277,0.735
541,1989,Mozambique,57,MOZ,0.072,0.075,0.167,0.105,0.277,0.735
541,1990,Mozambique,57,MOZ,0.179,0.407,0.45,0.246,0.31,0.5369999999999999
541,1991,Mozambique,57,MOZ,0.188,0.635,0.502,0.458,0.341,0.498
541,1992,Mozambique,57,MOZ,0.214,0.652,0.539,0.528,0.327,0.498
541,1993,Mozambique,57,MOZ,0.242,0.765,0.598,0.56,0.323,0.498
541,1994,Mozambique,57,MOZ,0.712,0.746,0.653,0.676,0.534,0.366
541,1995,Mozambique,57,MOZ,0.712,0.746,0.686,0.707,0.537,0.274
541,1996,Mozambique,57,MOZ,0.713,0.746,0.686,0.692,0.538,0.274
541,1997,Mozambique,57,MOZ,0.707,0.746,0.665,0.692,0.544,0.274
541,1998,Mozambique,57,MOZ,0.708,0.746,0.665,0.692,0.537,0.274
541,1999,Mozambique,57,MOZ,0.64,0.746,0.665,0.683,0.542,0.274
541,2000,Mozambique,57,MOZ,0.641,0.761,0.686,0.721,0.556,0.274
541,2001,Mozambique,57,MOZ,0.643,0.761,0.686,0.721,0.554,0.274
541,2002,Mozambique,57,MOZ,0.643,0.761,0.686,0.721,0.553,0.274
541,2003,Mozambique,57,MOZ,0.642,0.761,0.686,0.733,0.555,0.274
541,2004,Mozambique,57,MOZ,0.713,0.761,0.686,0.733,0.553,0.274
541,2005,Mozambique,57,MOZ,0.704,0.761,0.667,0.736,0.545,0.274
541,2006,Mozambique,57,MOZ,0.702,0.761,0.667,0.736,0.549,0.274
541,2007,Mozambique,57,MOZ,0.703,0.761,0.667,0.739,0.548,0.274
541,2008,Mozambique,57,MOZ,0.705,0.761,0.673,0.724,0.546,0.274
541,2009,Mozambique,57,MOZ,0.651,0.761,0.664,0.723,0.551,0.274
541,2010,Mozambique,57,MOZ,0.647,0.761,0.679,0.723,0.561,0.274
541,2011,Mozambique,57,MOZ,0.649,0.761,0.672,0.723,0.559,0.274
541,2012,Mozambique,57,MOZ,0.648,0.761,0.675,0.723,0.557,0.274
541,2013,Mozambique,57,MOZ,0.646,0.765,0.68,0.736,0.566,0.253
541,2014,Mozambique,57,MOZ,0.658,0.779,0.666,0.724,0.594,0.253
541,2015,Mozambique,57,MOZ,0.66,0.779,0.631,0.749,0.601,0.23199999999999998
541,2016,Mozambique,57,MOZ,0.659,0.73,0.621,0.738,0.588,0.29800000000000004
541,2017,Mozambique,57,MOZ,0.639,0.747,0.584,0.683,0.602,0.29100000000000004
541,2018,Mozambique,57,MOZ,0.637,0.747,0.542,0.638,0.587,0.29100000000000004
541,2019,Mozambique,57,MOZ,0.6,0.784,0.534,0.644,0.572,0.29800000000000004
541,2020,Mozambique,57,MOZ,0.602,0.695,0.532,0.645,0.487,0.28800000000000003
541,2021,Mozambique,57,MOZ,0.602,0.676,0.526,0.637,0.539,0.276
541,2022,Mozambique,57,MOZ,0.603,0.635,0.534,0.648,0.54,0.276
541,2023,Mozambique,57,MOZ,0.588,0.645,0.505,0.629,0.496,0.18899999999999995
541,2024,Mozambique,57,MOZ,0.453,0.51,0.415,0.524,0.382,0.18899999999999995
551,1968,Zambia,61,ZMB,0.489,0.649,0.501,0.386,0.611,0.812
551,1969,Zambia,61,ZMB,0.487,0.633,0.501,0.386,0.606,0.812
551,1970,Zambia,61,ZMB,0.487,0.522,0.508,0.386,0.609,0.812
551,1971,Zambia,61,ZMB,0.48,0.534,0.517,0.392,0.607,0.812
551,1972,Zambia,61,ZMB,0.479,0.527,0.517,0.395,0.606,0.812
551,1973,Zambia,61,ZMB,0.472,0.421,0.517,0.227,0.466,0.812
551,1974,Zambia,61,ZMB,0.463,0.389,0.517,0.158,0.455,0.812
551,1975,Zambia,61,ZMB,0.462,0.385,0.517,0.158,0.454,0.812
551,1976,Zambia,61,ZMB,0.462,0.385,0.517,0.155,0.46,0.812
551,1977,Zambia,61,ZMB,0.465,0.385,0.517,0.155,0.456,0.812
551,1978,Zambia,61,ZMB,0.465,0.385,0.517,0.155,0.455,0.812
551,1979,Zambia,61,ZMB,0.466,0.385,0.517,0.155,0.453,0.812
551,1980,Zambia,61,ZMB,0.464,0.424,0.517,0.155,0.456,0.812
551,1981,Zambia,61,ZMB,0.467,0.441,0.517,0.155,0.458,0.812
551,1982,Zambia,61,ZMB,0.463,0.441,0.517,0.155,0.455,0.812
551,1983,Zambia,61,ZMB,0.458,0.441,0.517,0.155,0.456,0.812
551,1984,Zambia,61,ZMB,0.458,0.441,0.533,0.155,0.457,0.812
551,1985,Zambia,61,ZMB,0.459,0.423,0.533,0.155,0.457,0.812
551,1986,Zambia,61,ZMB,0.458,0.434,0.533,0.155,0.459,0.812
551,1987,Zambia,61,ZMB,0.459,0.426,0.533,0.155,0.454,0.812
551,1988,Zambia,61,ZMB,0.461,0.438,0.533,0.155,0.453,0.812
551,1989,Zambia,61,ZMB,0.463,0.438,0.533,0.155,0.454,0.812
551,1990,Zambia,61,ZMB,0.529,0.566,0.587,0.227,0.46,0.812
551,1991,Zambia,61,ZMB,0.651,0.761,0.703,0.431,0.669,0.51
551,1992,Zambia,61,ZMB,0.696,0.87,0.757,0.681,0.739,0.41300000000000003
551,1993,Zambia,61,ZMB,0.698,0.832,0.757,0.683,0.741,0.41300000000000003
551,1994,Zambia,61,ZMB,0.719,0.832,0.757,0.741,0.737,0.41300000000000003
551,1995,Zambia,61,ZMB,0.719,0.832,0.757,0.741,0.738,0.41300000000000003
551,1996,Zambia,61,ZMB,0.714,0.843,0.757,0.736,0.741,0.41300000000000003
551,1997,Zambia,61,ZMB,0.72,0.829,0.757,0.736,0.742,0.41300000000000003
551,1998,Zambia,61,ZMB,0.721,0.829,0.757,0.736,0.737,0.44399999999999995
551,1999,Zambia,61,ZMB,0.72,0.829,0.757,0.736,0.737,0.44399999999999995
551,2000,Zambia,61,ZMB,0.723,0.829,0.757,0.744,0.739,0.44399999999999995
551,2001,Zambia,61,ZMB,0.732,0.859,0.764,0.744,0.814,0.47
551,2002,Zambia,61,ZMB,0.74,0.845,0.77,0.724,0.868,0.6679999999999999
551,2003,Zambia,61,ZMB,0.74,0.845,0.77,0.724,0.869,0.6679999999999999
551,2004,Zambia,61,ZMB,0.74,0.845,0.77,0.724,0.87,0.6679999999999999
551,2005,Zambia,61,ZMB,0.744,0.837,0.759,0.767,0.893,0.772
551,2006,Zambia,61,ZMB,0.748,0.837,0.759,0.766,0.896,0.772
551,2007,Zambia,61,ZMB,0.746,0.798,0.759,0.772,0.894,0.792
551,2008,Zambia,61,ZMB,0.769,0.823,0.756,0.764,0.887,0.5409999999999999
551,2009,Zambia,61,ZMB,0.768,0.81,0.756,0.759,0.855,0.5409999999999999
551,2010,Zambia,61,ZMB,0.763,0.778,0.779,0.756,0.858,0.514
551,2011,Zambia,61,ZMB,0.763,0.761,0.775,0.741,0.886,0.616
551,2012,Zambia,61,ZMB,0.757,0.788,0.775,0.731,0.886,0.813
551,2013,Zambia,61,ZMB,0.765,0.768,0.743,0.689,0.832,0.657
551,2014,Zambia,61,ZMB,0.765,0.762,0.757,0.67,0.829,0.657
551,2015,Zambia,61,ZMB,0.731,0.754,0.757,0.668,0.83,0.577
551,2016,Zambia,61,ZMB,0.641,0.689,0.713,0.595,0.803,0.577
551,2017,Zambia,61,ZMB,0.629,0.694,0.751,0.604,0.765,0.483
551,2018,Zambia,61,ZMB,0.626,0.715,0.743,0.63,0.719,0.31599999999999995
551,2019,Zambia,61,ZMB,0.621,0.606,0.723,0.658,0.872,0.28
551,2020,Zambia,61,ZMB,0.605,0.638,0.686,0.64,0.884,0.30400000000000005
551,2021,Zambia,61,ZMB,0.728,0.694,0.744,0.713,0.868,0.34299999999999997
551,2022,Zambia,61,ZMB,0.73,0.904,0.799,0.856,0.905,0.5680000000000001
551,2023,Zambia,61,ZMB,0.733,0.892,0.8,0.849,0.801,0.5680000000000001
551,2024,Zambia,61,ZMB,0.735,0.892,0.745,0.813,0.782,0.44199999999999995
552,1968,Zimbabwe,62,ZWE,0.72,0.295,0.116,0.085,0.507,0.878
552,1969,Zimbabwe,62,ZWE,0.72,0.295,0.093,0.085,0.509,0.878
552,1970,Zimbabwe,62,ZWE,0.732,0.257,0.093,0.093,0.506,0.878
552,1971,Zimbabwe,62,ZWE,0.731,0.257,0.093,0.093,0.502,0.878
552,1972,Zimbabwe,62,ZWE,0.733,0.257,0.093,0.093,0.509,0.878
552,1973,Zimbabwe,62,ZWE,0.732,0.257,0.093,0.093,0.51,0.878
552,1974,Zimbabwe,62,ZWE,0.732,0.257,0.093,0.093,0.505,0.878
552,1975,Zimbabwe,62,ZWE,0.732,0.257,0.096,0.093,0.51,0.878
552,1976,Zimbabwe,62,ZWE,0.734,0.257,0.096,0.093,0.51,0.878
552,1977,Zimbabwe,62,ZWE,0.723,0.257,0.096,0.093,0.504,0.878
552,1978,Zimbabwe,62,ZWE,0.187,0.257,0.096,0.093,0.506,0.878
552,1979,Zimbabwe,62,ZWE,0.704,0.294,0.096,0.093,0.501,0.878
552,1980,Zimbabwe,62,ZWE,0.591,0.521,0.528,0.325,0.518,0.7989999999999999
552,1981,Zimbabwe,62,ZWE,0.593,0.552,0.571,0.389,0.521,0.7989999999999999
552,1982,Zimbabwe,62,ZWE,0.595,0.552,0.571,0.375,0.525,0.7989999999999999
552,1983,Zimbabwe,62,ZWE,0.594,0.552,0.571,0.375,0.519,0.7989999999999999
552,1984,Zimbabwe,62,ZWE,0.596,0.552,0.571,0.362,0.521,0.7989999999999999
552,1985,Zimbabwe,62,ZWE,0.556,0.552,0.571,0.362,0.521,0.7989999999999999
552,1986,Zimbabwe,62,ZWE,0.555,0.552,0.571,0.362,0.525,0.7989999999999999
552,1987,Zimbabwe,62,ZWE,0.553,0.552,0.571,0.375,0.476,0.7989999999999999
552,1988,Zimbabwe,62,ZWE,0.553,0.552,0.648,0.39,0.423,0.7989999999999999
552,1989,Zimbabwe,62,ZWE,0.552,0.552,0.65,0.394,0.43,0.7989999999999999
552,1990,Zimbabwe,62,ZWE,0.565,0.552,0.65,0.36,0.461,0.727
552,1991,Zimbabwe,62,ZWE,0.567,0.606,0.65,0.36,0.468,0.727
552,1992,Zimbabwe,62,ZWE,0.566,0.606,0.65,0.36,0.464,0.727
552,1993,Zimbabwe,62,ZWE,0.567,0.606,0.65,0.36,0.467,0.727
552,1994,Zimbabwe,62,ZWE,0.567,0.606,0.65,0.36,0.461,0.727
552,1995,Zimbabwe,62,ZWE,0.565,0.623,0.65,0.36,0.469,0.727
552,1996,Zimbabwe,62,ZWE,0.563,0.623,0.656,0.373,0.464,0.727
552,1997,Zimbabwe,62,ZWE,0.564,0.623,0.672,0.373,0.464,0.727
552,1998,Zimbabwe,62,ZWE,0.561,0.623,0.67,0.383,0.461,0.5429999999999999
552,1999,Zimbabwe,62,ZWE,0.562,0.623,0.67,0.385,0.466,0.5429999999999999
552,2000,Zimbabwe,62,ZWE,0.425,0.604,0.545,0.401,0.41,0.18000000000000005
552,2001,Zimbabwe,62,ZWE,0.421,0.604,0.41,0.384,0.408,0.18000000000000005
552,2002,Zimbabwe,62,ZWE,0.426,0.604,0.41,0.374,0.447,0.18000000000000005
552,2003,Zimbabwe,62,ZWE,0.423,0.582,0.41,0.374,0.416,0.16700000000000004
552,2004,Zimbabwe,62,ZWE,0.424,0.582,0.41,0.292,0.421,0.16700000000000004
552,2005,Zimbabwe,62,ZWE,0.44,0.582,0.41,0.294,0.425,0.16700000000000004
552,2006,Zimbabwe,62,ZWE,0.45,0.582,0.405,0.289,0.42,0.16700000000000004
552,2007,Zimbabwe,62,ZWE,0.45,0.582,0.405,0.289,0.421,0.16700000000000004
552,2008,Zimbabwe,62,ZWE,0.416,0.571,0.373,0.299,0.422,0.16700000000000004
552,2009,Zimbabwe,62,ZWE,0.422,0.595,0.455,0.313,0.554,0.16900000000000004
552,2010,Zimbabwe,62,ZWE,0.438,0.622,0.55,0.378,0.564,0.19099999999999995
552,2011,Zimbabwe,62,ZWE,0.438,0.614,0.55,0.376,0.57,0.19099999999999995
552,2012,Zimbabwe,62,ZWE,0.437,0.614,0.55,0.381,0.568,0.19799999999999995
552,2013,Zimbabwe,62,ZWE,0.585,0.575,0.57,0.423,0.528,0.20099999999999996
552,2014,Zimbabwe,62,ZWE,0.565,0.56,0.509,0.42,0.573,0.20099999999999996
552,2015,Zimbabwe,62,ZWE,0.565,0.56,0.52,0.414,0.567,0.20099999999999996
552,2016,Zimbabwe,62,ZWE,0.56,0.56,0.471,0.393,0.574,0.17700000000000005
552,2017,Zimbabwe,62,ZWE,0.559,0.541,0.491,0.418,0.724,0.16300000000000003
552,2018,Zimbabwe,62,ZWE,0.537,0.571,0.461,0.471,0.658,0.20399999999999996
552,2019,Zimbabwe,62,ZWE,0.535,0.53,0.424,0.441,0.625,0.21099999999999997
552,2020,Zimbabwe,62,ZWE,0.555,0.523,0.487,0.459,0.554,0.20499999999999996
552,2021,Zimbabwe,62,ZWE,0.55,0.504,0.437,0.468,0.593,0.15400000000000003
552,2022,Zimbabwe,62,ZWE,0.539,0.518,0.432,0.433,0.57,0.14800000000000002
552,2023,Zimbabwe,62,ZWE,0.546,0.503,0.406,0.431,0.52,0.14800000000000002
552,2024,Zimbabwe,62,ZWE,0.542,0.441,0.391,0.383,0.466,0.14800000000000002
553,1968,Malawi,87,MWI,0.727,0.02,0.151,0.016,0.198,0.935
553,1969,Malawi,87,MWI,0.729,0.02,0.151,0.016,0.2,0.935
553,1970,Malawi,87,MWI,0.729,0.02,0.151,0.016,0.202,0.935
553,1971,Malawi,87,MWI,0.726,0.02,0.158,0.016,0.172,0.935
553,1972,Malawi,87,MWI,0.727,0.02,0.158,0.016,0.173,0.935
553,1973,Malawi,87,MWI,0.728,0.02,0.158,0.016,0.172,0.935
553,1974,Malawi,87,MWI,0.728,0.02,0.157,0.017,0.172,0.935
553,1975,Malawi,87,MWI,0.728,0.02,0.16,0.017,0.17,0.935
553,1976,Malawi,87,MWI,0.394,0.02,0.16,0.017,0.172,0.935
553,1977,Malawi,87,MWI,0.394,0.02,0.16,0.017,0.175,0.935
553,1978,Malawi,87,MWI,0.4,0.02,0.16,0.017,0.168,0.935
553,1979,Malawi,87,MWI,0.401,0.02,0.16,0.017,0.169,0.935
553,1980,Malawi,87,MWI,0.401,0.02,0.16,0.017,0.17,0.935
553,1981,Malawi,87,MWI,0.402,0.02,0.16,0.017,0.169,0.935
553,1982,Malawi,87,MWI,0.399,0.02,0.16,0.017,0.169,0.935
553,1983,Malawi,87,MWI,0.402,0.02,0.16,0.017,0.173,0.935
553,1984,Malawi,87,MWI,0.403,0.02,0.16,0.017,0.174,0.935
553,1985,Malawi,87,MWI,0.404,0.02,0.16,0.017,0.169,0.935
553,1986,Malawi,87,MWI,0.402,0.02,0.16,0.017,0.172,0.935
553,1987,Malawi,87,MWI,0.4,0.02,0.16,0.017,0.17,0.935
553,1988,Malawi,87,MWI,0.4,0.02,0.16,0.017,0.172,0.935
553,1989,Malawi,87,MWI,0.401,0.02,0.16,0.017,0.17,0.935
553,1990,Malawi,87,MWI,0.401,0.02,0.16,0.017,0.171,0.935
553,1991,Malawi,87,MWI,0.399,0.02,0.161,0.017,0.168,0.916
553,1992,Malawi,87,MWI,0.683,0.02,0.166,0.026,0.235,0.916
553,1993,Malawi,87,MWI,0.779,0.02,0.254,0.108,0.235,0.903
553,1994,Malawi,87,MWI,0.84,0.292,0.368,0.484,0.731,0.31699999999999995
553,1995,Malawi,87,MWI,0.84,0.69,0.634,0.66,0.803,0.31699999999999995
553,1996,Malawi,87,MWI,0.841,0.69,0.68,0.661,0.803,0.31699999999999995
553,1997,Malawi,87,MWI,0.841,0.69,0.676,0.661,0.803,0.31699999999999995
553,1998,Malawi,87,MWI,0.839,0.69,0.676,0.661,0.804,0.31699999999999995
553,1999,Malawi,87,MWI,0.756,0.69,0.676,0.661,0.804,0.31699999999999995
553,2000,Malawi,87,MWI,0.755,0.673,0.676,0.687,0.807,0.38
553,2001,Malawi,87,MWI,0.756,0.673,0.722,0.687,0.799,0.38
553,2002,Malawi,87,MWI,0.755,0.673,0.738,0.687,0.803,0.38
553,2003,Malawi,87,MWI,0.757,0.673,0.738,0.687,0.805,0.38
553,2004,Malawi,87,MWI,0.702,0.741,0.75,0.709,0.802,0.38
553,2005,Malawi,87,MWI,0.702,0.766,0.751,0.731,0.803,0.404
553,2006,Malawi,87,MWI,0.7,0.76,0.755,0.738,0.809,0.41000000000000003
553,2007,Malawi,87,MWI,0.702,0.76,0.753,0.738,0.802,0.41000000000000003
553,2008,Malawi,87,MWI,0.702,0.76,0.751,0.738,0.802,0.41000000000000003
553,2009,Malawi,87,MWI,0.79,0.76,0.748,0.731,0.786,0.41000000000000003
553,2010,Malawi,87,MWI,0.788,0.744,0.76,0.719,0.773,0.348
553,2011,Malawi,87,MWI,0.788,0.745,0.75,0.717,0.776,0.348
553,2012,Malawi,87,MWI,0.797,0.765,0.75,0.749,0.776,0.348
553,2013,Malawi,87,MWI,0.785,0.83,0.773,0.831,0.762,0.265
553,2014,Malawi,87,MWI,0.764,0.829,0.773,0.827,0.809,0.31000000000000005
553,2015,Malawi,87,MWI,0.764,0.854,0.829,0.827,0.814,0.31000000000000005
553,2016,Malawi,87,MWI,0.765,0.846,0.81,0.828,0.874,0.254
553,2017,Malawi,87,MWI,0.776,0.866,0.834,0.825,0.913,0.33099999999999996
553,2018,Malawi,87,MWI,0.767,0.847,0.851,0.822,0.902,0.32399999999999995
553,2019,Malawi,87,MWI,0.686,0.793,0.856,0.804,0.901,0.31000000000000005
553,2020,Malawi,87,MWI,0.824,0.83,0.903,0.814,0.879,0.33899999999999997
553,2021,Malawi,87,MWI,0.824,0.832,0.902,0.822,0.914,0.352
553,2022,Malawi,87,MWI,0.827,0.912,0.824,0.796,0.903,0.31799999999999995
553,2023,Malawi,87,MWI,0.823,0.724,0.826,0.752,0.923,0.33499999999999996
553,2024,Malawi,87,MWI,0.822,0.724,0.799,0.786,0.919,0.23199999999999998
560,1968,South Africa,8,ZAF,0.532,0.266,0.108,0.283,0.387,0.44199999999999995
560,1969,South Africa,8,ZAF,0.531,0.266,0.108,0.283,0.38,0.44199999999999995
560,1970,South Africa,8,ZAF,0.535,0.266,0.109,0.283,0.385,0.44199999999999995
560,1971,South Africa,8,ZAF,0.536,0.266,0.111,0.283,0.384,0.44199999999999995
560,1972,South Africa,8,ZAF,0.534,0.266,0.11,0.283,0.386,0.44199999999999995
560,1973,South Africa,8,ZAF,0.533,0.266,0.11,0.283,0.385,0.44199999999999995
560,1974,South Africa,8,ZAF,0.534,0.266,0.11,0.275,0.382,0.44199999999999995
560,1975,South Africa,8,ZAF,0.537,0.266,0.11,0.275,0.385,0.44199999999999995
560,1976,South Africa,8,ZAF,0.536,0.266,0.108,0.275,0.381,0.44199999999999995
560,1977,South Africa,8,ZAF,0.534,0.287,0.108,0.252,0.377,0.44199999999999995
560,1978,South Africa,8,ZAF,0.534,0.287,0.108,0.252,0.383,0.44199999999999995
560,1979,South Africa,8,ZAF,0.534,0.287,0.108,0.252,0.384,0.44199999999999995
560,1980,South Africa,8,ZAF,0.533,0.295,0.107,0.249,0.38,0.44199999999999995
560,1981,South Africa,8,ZAF,0.533,0.295,0.107,0.249,0.382,0.44199999999999995
560,1982,South Africa,8,ZAF,0.534,0.295,0.107,0.249,0.377,0.44199999999999995
560,1983,South Africa,8,ZAF,0.534,0.295,0.107,0.249,0.389,0.44199999999999995
560,1984,South Africa,8,ZAF,0.517,0.295,0.107,0.249,0.602,0.44199999999999995
560,1985,South Africa,8,ZAF,0.518,0.295,0.111,0.249,0.607,0.44199999999999995
560,1986,South Africa,8,ZAF,0.517,0.295,0.112,0.249,0.602,0.44199999999999995
560,1987,South Africa,8,ZAF,0.516,0.295,0.112,0.249,0.603,0.44199999999999995
560,1988,South Africa,8,ZAF,0.514,0.295,0.117,0.249,0.604,0.44199999999999995
560,1989,South Africa,8,ZAF,0.549,0.295,0.119,0.278,0.605,0.44199999999999995
560,1990,South Africa,8,ZAF,0.556,0.582,0.194,0.402,0.605,0.44199999999999995
560,1991,South Africa,8,ZAF,0.567,0.616,0.207,0.431,0.607,0.44199999999999995
560,1992,South Africa,8,ZAF,0.564,0.616,0.203,0.431,0.609,0.44199999999999995
560,1993,South Africa,8,ZAF,0.597,0.623,0.207,0.478,0.673,0.44199999999999995
560,1994,South Africa,8,ZAF,0.819,0.958,0.624,0.829,0.73,0.45799999999999996
560,1995,South Africa,8,ZAF,0.823,0.981,0.859,0.861,0.754,0.45799999999999996
560,1996,South Africa,8,ZAF,0.825,0.981,0.867,0.861,0.854,0.45799999999999996
560,1997,South Africa,8,ZAF,0.826,0.981,0.867,0.861,0.856,0.45799999999999996
560,1998,South Africa,8,ZAF,0.827,0.981,0.867,0.861,0.855,0.45799999999999996
560,1999,South Africa,8,ZAF,0.877,0.981,0.867,0.865,0.858,0.45799999999999996
560,2000,South Africa,8,ZAF,0.879,0.981,0.877,0.88,0.855,0.45799999999999996
560,2001,South Africa,8,ZAF,0.878,0.981,0.877,0.88,0.857,0.45799999999999996
560,2002,South Africa,8,ZAF,0.879,0.981,0.877,0.88,0.855,0.45799999999999996
560,2003,South Africa,8,ZAF,0.879,0.981,0.877,0.88,0.855,0.45799999999999996
560,2004,South Africa,8,ZAF,0.89,0.981,0.877,0.87,0.856,0.45799999999999996
560,2005,South Africa,8,ZAF,0.891,0.981,0.877,0.88,0.855,0.45799999999999996
560,2006,South Africa,8,ZAF,0.891,0.982,0.877,0.882,0.856,0.45799999999999996
560,2007,South Africa,8,ZAF,0.891,0.982,0.874,0.882,0.856,0.45799999999999996
560,2008,South Africa,8,ZAF,0.891,0.982,0.874,0.877,0.859,0.45799999999999996
560,2009,South Africa,8,ZAF,0.891,0.982,0.873,0.871,0.847,0.392
560,2010,South Africa,8,ZAF,0.89,0.968,0.891,0.88,0.863,0.373
560,2011,South Africa,8,ZAF,0.89,0.968,0.887,0.879,0.861,0.373
560,2012,South Africa,8,ZAF,0.891,0.968,0.89,0.879,0.861,0.373
560,2013,South Africa,8,ZAF,0.89,0.932,0.876,0.885,0.865,0.384
560,2014,South Africa,8,ZAF,0.885,0.932,0.878,0.876,0.868,0.374
560,2015,South Africa,8,ZAF,0.885,0.932,0.876,0.876,0.889,0.362
560,2016,South Africa,8,ZAF,0.885,0.932,0.876,0.872,0.894,0.362
560,2017,South Africa,8,ZAF,0.885,0.94,0.837,0.847,0.879,0.345
560,2018,South Africa,8,ZAF,0.885,0.94,0.836,0.867,0.89,0.30200000000000005
560,2019,South Africa,8,ZAF,0.861,0.923,0.843,0.861,0.897,0.33199999999999996
560,2020,South Africa,8,ZAF,0.87,0.916,0.842,0.865,0.865,0.41900000000000004
560,2021,South Africa,8,ZAF,0.87,0.916,0.844,0.87,0.888,0.347
560,2022,South Africa,8,ZAF,0.869,0.916,0.848,0.849,0.895,0.29200000000000004
560,2023,South Africa,8,ZAF,0.869,0.916,0.857,0.832,0.892,0.36
560,2024,South Africa,8,ZAF,0.898,0.924,0.878,0.836,0.944,0.22399999999999998
565,1990,Namibia,127,NAM,0.78,0.878,0.761,0.801,0.657,0.727
565,1991,Namibia,127,NAM,0.779,0.878,0.861,0.837,0.8,0.727
565,1992,Namibia,127,NAM,0.78,0.878,0.861,0.837,0.799,0.727
565,1993,Namibia,127,NAM,0.782,0.878,0.861,0.837,0.805,0.727
565,1994,Namibia,127,NAM,0.836,0.878,0.861,0.837,0.803,0.727
565,1995,Namibia,127,NAM,0.837,0.878,0.863,0.837,0.798,0.727
565,1996,Namibia,127,NAM,0.837,0.878,0.863,0.837,0.8,0.727
565,1997,Namibia,127,NAM,0.837,0.878,0.863,0.837,0.799,0.727
565,1998,Namibia,127,NAM,0.835,0.878,0.863,0.837,0.799,0.727
565,1999,Namibia,127,NAM,0.823,0.878,0.853,0.837,0.798,0.727
565,2000,Namibia,127,NAM,0.824,0.912,0.866,0.823,0.797,0.727
565,2001,Namibia,127,NAM,0.823,0.912,0.871,0.823,0.796,0.727
565,2002,Namibia,127,NAM,0.823,0.912,0.871,0.823,0.797,0.727
565,2003,Namibia,127,NAM,0.823,0.912,0.871,0.823,0.799,0.727
565,2004,Namibia,127,NAM,0.829,0.927,0.871,0.823,0.79,0.727
565,2005,Namibia,127,NAM,0.825,0.927,0.871,0.823,0.799,0.727
565,2006,Namibia,127,NAM,0.825,0.927,0.873,0.823,0.804,0.727
565,2007,Namibia,127,NAM,0.824,0.927,0.873,0.823,0.799,0.727
565,2008,Namibia,127,NAM,0.827,0.927,0.873,0.823,0.802,0.727
565,2009,Namibia,127,NAM,0.81,0.927,0.874,0.823,0.8,0.727
565,2010,Namibia,127,NAM,0.81,0.927,0.875,0.822,0.802,0.727
565,2011,Namibia,127,NAM,0.814,0.927,0.875,0.822,0.803,0.727
565,2012,Namibia,127,NAM,0.813,0.927,0.875,0.822,0.803,0.727
565,2013,Namibia,127,NAM,0.818,0.927,0.876,0.833,0.793,0.727
565,2014,Namibia,127,NAM,0.85,0.927,0.876,0.833,0.8,0.727
565,2015,Namibia,127,NAM,0.858,0.927,0.869,0.837,0.8,0.727
565,2016,Namibia,127,NAM,0.857,0.927,0.869,0.841,0.802,0.727
565,2017,Namibia,127,NAM,0.852,0.943,0.866,0.845,0.772,0.708
565,2018,Namibia,127,NAM,0.852,0.933,0.88,0.817,0.803,0.708
565,2019,Namibia,127,NAM,0.77,0.907,0.888,0.817,0.772,0.6619999999999999
565,2020,Namibia,127,NAM,0.782,0.921,0.886,0.831,0.794,0.619
565,2021,Namibia,127,NAM,0.78,0.921,0.887,0.835,0.782,0.5840000000000001
565,2022,Namibia,127,NAM,0.783,0.921,0.888,0.817,0.752,0.5840000000000001
565,2023,Namibia,127,NAM,0.783,0.902,0.889,0.82,0.775,0.5840000000000001
565,2024,Namibia,127,NAM,0.788,0.901,0.898,0.81,0.829,0.65
570,1968,Lesotho,85,LSO,0.719,0.326,0.56,0.335,0.532,0.778
570,1969,Lesotho,85,LSO,0.239,0.326,0.571,0.335,0.653,0.778
570,1970,Lesotho,85,LSO,0.695,0.219,0.415,0.256,0.405,0.40800000000000003
570,1971,Lesotho,85,LSO,0.18,0.219,0.391,0.256,0.401,0.40800000000000003
570,1972,Lesotho,85,LSO,0.181,0.219,0.391,0.256,0.405,0.40800000000000003
570,1973,Lesotho,85,LSO,0.18,0.219,0.391,0.256,0.312,0.40800000000000003
570,1974,Lesotho,85,LSO,0.181,0.219,0.391,0.256,0.316,0.40800000000000003
570,1975,Lesotho,85,LSO,0.182,0.219,0.391,0.256,0.312,0.40800000000000003
570,1976,Lesotho,85,LSO,0.177,0.219,0.391,0.256,0.315,0.40800000000000003
570,1977,Lesotho,85,LSO,0.179,0.219,0.391,0.256,0.314,0.40800000000000003
570,1978,Lesotho,85,LSO,0.18,0.219,0.391,0.262,0.314,0.40800000000000003
570,1979,Lesotho,85,LSO,0.178,0.417,0.391,0.262,0.309,0.40800000000000003
570,1980,Lesotho,85,LSO,0.178,0.417,0.406,0.262,0.312,0.40800000000000003
570,1981,Lesotho,85,LSO,0.184,0.417,0.406,0.262,0.314,0.40800000000000003
570,1982,Lesotho,85,LSO,0.182,0.417,0.406,0.27,0.31,0.40800000000000003
570,1983,Lesotho,85,LSO,0.179,0.417,0.41,0.259,0.311,0.40800000000000003
570,1984,Lesotho,85,LSO,0.18,0.417,0.41,0.259,0.312,0.40800000000000003
570,1985,Lesotho,85,LSO,0.179,0.417,0.41,0.284,0.312,0.40800000000000003
570,1986,Lesotho,85,LSO,0.147,0.5,0.44,0.273,0.4,0.40800000000000003
570,1987,Lesotho,85,LSO,0.151,0.512,0.535,0.343,0.461,0.398
570,1988,Lesotho,85,LSO,0.15,0.512,0.535,0.348,0.473,0.398
570,1989,Lesotho,85,LSO,0.151,0.512,0.535,0.348,0.471,0.398
570,1990,Lesotho,85,LSO,0.197,0.525,0.544,0.354,0.532,0.398
570,1991,Lesotho,85,LSO,0.202,0.534,0.544,0.354,0.38,0.406
570,1992,Lesotho,85,LSO,0.2,0.534,0.573,0.354,0.383,0.406
570,1993,Lesotho,85,LSO,0.824,0.849,0.749,0.685,0.659,0.595
570,1994,Lesotho,85,LSO,0.823,0.849,0.75,0.701,0.631,0.595
570,1995,Lesotho,85,LSO,0.242,0.849,0.771,0.701,0.661,0.595
570,1996,Lesotho,85,LSO,0.242,0.849,0.771,0.701,0.676,0.595
570,1997,Lesotho,85,LSO,0.244,0.849,0.771,0.701,0.68,0.595
570,1998,Lesotho,85,LSO,0.807,0.849,0.764,0.679,0.668,0.28800000000000003
570,1999,Lesotho,85,LSO,0.243,0.849,0.78,0.697,0.689,0.28800000000000003
570,2000,Lesotho,85,LSO,0.245,0.849,0.772,0.697,0.686,0.28800000000000003
570,2001,Lesotho,85,LSO,0.245,0.849,0.772,0.697,0.689,0.28800000000000003
570,2002,Lesotho,85,LSO,0.861,0.849,0.772,0.697,0.681,0.30000000000000004
570,2003,Lesotho,85,LSO,0.862,0.849,0.779,0.697,0.674,0.33099999999999996
570,2004,Lesotho,85,LSO,0.862,0.849,0.777,0.697,0.677,0.33099999999999996
570,2005,Lesotho,85,LSO,0.862,0.849,0.79,0.697,0.675,0.33099999999999996
570,2006,Lesotho,85,LSO,0.862,0.849,0.795,0.697,0.674,0.33099999999999996
570,2007,Lesotho,85,LSO,0.807,0.849,0.796,0.693,0.682,0.33099999999999996
570,2008,Lesotho,85,LSO,0.808,0.849,0.807,0.693,0.675,0.33099999999999996
570,2009,Lesotho,85,LSO,0.807,0.835,0.807,0.688,0.673,0.33099999999999996
570,2010,Lesotho,85,LSO,0.806,0.835,0.827,0.707,0.705,0.33099999999999996
570,2011,Lesotho,85,LSO,0.812,0.835,0.826,0.707,0.705,0.33099999999999996
570,2012,Lesotho,85,LSO,0.83,0.835,0.822,0.702,0.773,0.33099999999999996
570,2013,Lesotho,85,LSO,0.84,0.848,0.777,0.74,0.778,0.5700000000000001
570,2014,Lesotho,85,LSO,0.84,0.848,0.781,0.742,0.778,0.5700000000000001
570,2015,Lesotho,85,LSO,0.828,0.848,0.723,0.706,0.747,0.344
570,2016,Lesotho,85,LSO,0.827,0.848,0.702,0.669,0.733,0.43400000000000005
570,2017,Lesotho,85,LSO,0.82,0.848,0.718,0.696,0.748,0.44999999999999996
570,2018,Lesotho,85,LSO,0.822,0.848,0.753,0.736,0.738,0.373
570,2019,Lesotho,85,LSO,0.83,0.868,0.769,0.776,0.83,0.40900000000000003
570,2020,Lesotho,85,LSO,0.829,0.875,0.837,0.791,0.849,0.359
570,2021,Lesotho,85,LSO,0.83,0.834,0.816,0.77,0.839,0.382
570,2022,Lesotho,85,LSO,0.87,0.928,0.827,0.808,0.805,0.389
570,2023,Lesotho,85,LSO,0.873,0.928,0.806,0.744,0.806,0.352
570,2024,Lesotho,85,LSO,0.872,0.928,0.796,0.705,0.802,0.352
571,1968,Botswana,68,BWA,0.801,0.903,0.806,0.745,0.842,0.851
571,1969,Botswana,68,BWA,0.832,0.903,0.806,0.745,0.846,0.851
571,1970,Botswana,68,BWA,0.833,0.903,0.806,0.745,0.845,0.851
571,1971,Botswana,68,BWA,0.832,0.903,0.814,0.745,0.847,0.851
571,1972,Botswana,68,BWA,0.834,0.903,0.814,0.745,0.838,0.851
571,1973,Botswana,68,BWA,0.832,0.903,0.814,0.745,0.844,0.851
571,1974,Botswana,68,BWA,0.831,0.903,0.814,0.745,0.841,0.851
571,1975,Botswana,68,BWA,0.833,0.903,0.823,0.745,0.84,0.851
571,1976,Botswana,68,BWA,0.832,0.903,0.835,0.75,0.846,0.851
571,1977,Botswana,68,BWA,0.831,0.903,0.835,0.75,0.843,0.851
571,1978,Botswana,68,BWA,0.831,0.903,0.835,0.75,0.845,0.851
571,1979,Botswana,68,BWA,0.83,0.903,0.835,0.75,0.842,0.851
571,1980,Botswana,68,BWA,0.831,0.903,0.835,0.75,0.844,0.851
571,1981,Botswana,68,BWA,0.83,0.903,0.865,0.754,0.841,0.851
571,1982,Botswana,68,BWA,0.83,0.903,0.865,0.775,0.841,0.851
571,1983,Botswana,68,BWA,0.831,0.903,0.865,0.775,0.843,0.851
571,1984,Botswana,68,BWA,0.831,0.903,0.865,0.793,0.854,0.851
571,1985,Botswana,68,BWA,0.843,0.903,0.865,0.793,0.853,0.851
571,1986,Botswana,68,BWA,0.842,0.903,0.865,0.793,0.858,0.851
571,1987,Botswana,68,BWA,0.842,0.903,0.865,0.793,0.856,0.851
571,1988,Botswana,68,BWA,0.843,0.903,0.865,0.812,0.853,0.851
571,1989,Botswana,68,BWA,0.842,0.903,0.865,0.812,0.868,0.851
571,1990,Botswana,68,BWA,0.85,0.903,0.865,0.812,0.867,0.851
571,1991,Botswana,68,BWA,0.851,0.903,0.865,0.812,0.868,0.851
571,1992,Botswana,68,BWA,0.85,0.903,0.865,0.812,0.869,0.851
571,1993,Botswana,68,BWA,0.851,0.903,0.865,0.812,0.868,0.851
571,1994,Botswana,68,BWA,0.857,0.903,0.865,0.812,0.894,0.851
571,1995,Botswana,68,BWA,0.858,0.903,0.876,0.812,0.893,0.851
571,1996,Botswana,68,BWA,0.857,0.903,0.876,0.812,0.897,0.851
571,1997,Botswana,68,BWA,0.884,0.903,0.876,0.812,0.894,0.851
571,1998,Botswana,68,BWA,0.884,0.903,0.883,0.812,0.894,0.851
571,1999,Botswana,68,BWA,0.883,0.903,0.91,0.812,0.892,0.851
571,2000,Botswana,68,BWA,0.884,0.903,0.91,0.812,0.89,0.851
571,2001,Botswana,68,BWA,0.883,0.903,0.91,0.812,0.891,0.851
571,2002,Botswana,68,BWA,0.883,0.903,0.91,0.812,0.892,0.851
571,2003,Botswana,68,BWA,0.885,0.903,0.91,0.812,0.891,0.851
571,2004,Botswana,68,BWA,0.885,0.903,0.91,0.823,0.891,0.851
571,2005,Botswana,68,BWA,0.887,0.903,0.91,0.823,0.892,0.851
571,2006,Botswana,68,BWA,0.884,0.903,0.91,0.818,0.889,0.851
571,2007,Botswana,68,BWA,0.885,0.903,0.903,0.827,0.89,0.851
571,2008,Botswana,68,BWA,0.884,0.905,0.903,0.815,0.89,0.834
571,2009,Botswana,68,BWA,0.891,0.922,0.898,0.811,0.901,0.834
571,2010,Botswana,68,BWA,0.892,0.894,0.91,0.811,0.9,0.834
571,2011,Botswana,68,BWA,0.892,0.894,0.91,0.813,0.901,0.834
571,2012,Botswana,68,BWA,0.892,0.894,0.901,0.813,0.882,0.8240000000000001
571,2013,Botswana,68,BWA,0.894,0.918,0.906,0.793,0.895,0.795
571,2014,Botswana,68,BWA,0.886,0.918,0.909,0.791,0.902,0.795
571,2015,Botswana,68,BWA,0.885,0.912,0.912,0.777,0.899,0.795
571,2016,Botswana,68,BWA,0.88,0.912,0.908,0.777,0.903,0.795
571,2017,Botswana,68,BWA,0.875,0.771,0.899,0.797,0.871,0.8180000000000001
571,2018,Botswana,68,BWA,0.87,0.838,0.905,0.811,0.872,0.792
571,2019,Botswana,68,BWA,0.77,0.842,0.914,0.791,0.871,0.792
571,2020,Botswana,68,BWA,0.776,0.89,0.908,0.761,0.764,0.91
571,2021,Botswana,68,BWA,0.775,0.89,0.863,0.812,0.775,0.776
571,2022,Botswana,68,BWA,0.776,0.849,0.826,0.799,0.767,0.702
571,2023,Botswana,68,BWA,0.758,0.833,0.83,0.811,0.753,0.651
571,2024,Botswana,68,BWA,0.877,0.887,0.866,0.81,0.782,0.651
572,1968,Eswatini,132,SWZ,0.681,0.213,0.337,0.182,0.512,0.29700000000000004
572,1969,Eswatini,132,SWZ,0.678,0.242,0.354,0.212,0.504,0.29700000000000004
572,1970,Eswatini,132,SWZ,0.679,0.306,0.354,0.203,0.503,0.29700000000000004
572,1971,Eswatini,132,SWZ,0.679,0.249,0.354,0.198,0.503,0.29700000000000004
572,1972,Eswatini,132,SWZ,0.709,0.173,0.354,0.198,0.497,0.29700000000000004
572,1973,Eswatini,132,SWZ,0.695,0.181,0.358,0.209,0.513,0.29700000000000004
572,1974,Eswatini,132,SWZ,0.074,0.212,0.358,0.179,0.442,0.29700000000000004
572,1975,Eswatini,132,SWZ,0.077,0.212,0.358,0.179,0.445,0.29700000000000004
572,1976,Eswatini,132,SWZ,0.074,0.212,0.362,0.179,0.439,0.29700000000000004
572,1977,Eswatini,132,SWZ,0.075,0.212,0.362,0.179,0.439,0.29700000000000004
572,1978,Eswatini,132,SWZ,0.447,0.212,0.362,0.179,0.429,0.29700000000000004
572,1979,Eswatini,132,SWZ,0.444,0.212,0.362,0.179,0.427,0.29700000000000004
572,1980,Eswatini,132,SWZ,0.448,0.235,0.362,0.165,0.434,0.29700000000000004
572,1981,Eswatini,132,SWZ,0.446,0.235,0.362,0.165,0.428,0.29700000000000004
572,1982,Eswatini,132,SWZ,0.447,0.235,0.362,0.165,0.432,0.29700000000000004
572,1983,Eswatini,132,SWZ,0.428,0.235,0.362,0.165,0.429,0.21399999999999997
572,1984,Eswatini,132,SWZ,0.428,0.235,0.355,0.165,0.428,0.21399999999999997
572,1985,Eswatini,132,SWZ,0.429,0.235,0.355,0.165,0.428,0.21399999999999997
572,1986,Eswatini,132,SWZ,0.429,0.235,0.355,0.165,0.432,0.21399999999999997
572,1987,Eswatini,132,SWZ,0.429,0.235,0.355,0.165,0.429,0.21399999999999997
572,1988,Eswatini,132,SWZ,0.428,0.235,0.355,0.148,0.433,0.21399999999999997
572,1989,Eswatini,132,SWZ,0.428,0.235,0.355,0.148,0.433,0.21399999999999997
572,1990,Eswatini,132,SWZ,0.428,0.235,0.323,0.161,0.447,0.21399999999999997
572,1991,Eswatini,132,SWZ,0.427,0.235,0.323,0.161,0.446,0.21399999999999997
572,1992,Eswatini,132,SWZ,0.426,0.235,0.323,0.161,0.442,0.21399999999999997
572,1993,Eswatini,132,SWZ,0.404,0.235,0.323,0.161,0.446,0.21399999999999997
572,1994,Eswatini,132,SWZ,0.405,0.235,0.323,0.161,0.433,0.21399999999999997
572,1995,Eswatini,132,SWZ,0.403,0.235,0.323,0.164,0.434,0.21399999999999997
572,1996,Eswatini,132,SWZ,0.404,0.235,0.323,0.151,0.436,0.21399999999999997
572,1997,Eswatini,132,SWZ,0.401,0.235,0.323,0.151,0.435,0.21399999999999997
572,1998,Eswatini,132,SWZ,0.432,0.235,0.323,0.151,0.429,0.21399999999999997
572,1999,Eswatini,132,SWZ,0.43,0.235,0.323,0.151,0.428,0.21399999999999997
572,2000,Eswatini,132,SWZ,0.432,0.235,0.305,0.155,0.451,0.21399999999999997
572,2001,Eswatini,132,SWZ,0.432,0.235,0.305,0.164,0.446,0.21399999999999997
572,2002,Eswatini,132,SWZ,0.43,0.235,0.305,0.164,0.446,0.21399999999999997
572,2003,Eswatini,132,SWZ,0.43,0.235,0.305,0.164,0.451,0.21399999999999997
572,2004,Eswatini,132,SWZ,0.432,0.235,0.305,0.164,0.452,0.21399999999999997
572,2005,Eswatini,132,SWZ,0.437,0.204,0.303,0.17,0.489,0.21399999999999997
572,2006,Eswatini,132,SWZ,0.448,0.204,0.294,0.17,0.495,0.21399999999999997
572,2007,Eswatini,132,SWZ,0.448,0.204,0.284,0.17,0.486,0.21399999999999997
572,2008,Eswatini,132,SWZ,0.442,0.184,0.29,0.164,0.489,0.21399999999999997
572,2009,Eswatini,132,SWZ,0.442,0.184,0.29,0.172,0.486,0.21399999999999997
572,2010,Eswatini,132,SWZ,0.443,0.151,0.284,0.172,0.485,0.21399999999999997
572,2011,Eswatini,132,SWZ,0.445,0.142,0.299,0.177,0.484,0.21399999999999997
572,2012,Eswatini,132,SWZ,0.443,0.142,0.299,0.177,0.486,0.21399999999999997
572,2013,Eswatini,132,SWZ,0.453,0.14,0.304,0.203,0.519,0.21399999999999997
572,2014,Eswatini,132,SWZ,0.451,0.14,0.304,0.203,0.524,0.21399999999999997
572,2015,Eswatini,132,SWZ,0.454,0.14,0.304,0.203,0.528,0.21399999999999997
572,2016,Eswatini,132,SWZ,0.455,0.14,0.304,0.203,0.519,0.21399999999999997
572,2017,Eswatini,132,SWZ,0.46,0.145,0.313,0.209,0.517,0.249
572,2018,Eswatini,132,SWZ,0.501,0.158,0.351,0.188,0.542,0.18799999999999994
572,2019,Eswatini,132,SWZ,0.499,0.164,0.365,0.202,0.539,0.18799999999999994
572,2020,Eswatini,132,SWZ,0.501,0.136,0.356,0.176,0.556,0.18799999999999994
572,2021,Eswatini,132,SWZ,0.489,0.076,0.266,0.117,0.516,0.22799999999999998
572,2022,Eswatini,132,SWZ,0.478,0.079,0.247,0.111,0.535,0.19999999999999996
572,2023,Eswatini,132,SWZ,0.514,0.101,0.237,0.117,0.532,0.139
572,2024,Eswatini,132,SWZ,0.514,0.101,0.251,0.117,0.528,0.139
580,1968,Madagascar,125,MDG,0.478,0.487,0.424,0.267,0.32,0.45499999999999996
580,1969,Madagascar,125,MDG,0.479,0.487,0.424,0.267,0.321,0.45499999999999996
580,1970,Madagascar,125,MDG,0.515,0.487,0.434,0.259,0.316,0.45499999999999996
580,1971,Madagascar,125,MDG,0.515,0.506,0.434,0.259,0.32,0.45499999999999996
580,1972,Madagascar,125,MDG,0.412,0.524,0.407,0.409,0.216,0.41700000000000004
580,1973,Madagascar,125,MDG,0.185,0.476,0.444,0.422,0.218,0.41700000000000004
580,1974,Madagascar,125,MDG,0.182,0.463,0.45,0.428,0.206,0.41700000000000004
580,1975,Madagascar,125,MDG,0.444,0.41,0.374,0.272,0.129,0.41700000000000004
580,1976,Madagascar,125,MDG,0.425,0.425,0.395,0.227,0.121,0.22499999999999998
580,1977,Madagascar,125,MDG,0.416,0.425,0.395,0.237,0.109,0.22499999999999998
580,1978,Madagascar,125,MDG,0.432,0.416,0.395,0.233,0.112,0.22499999999999998
580,1979,Madagascar,125,MDG,0.435,0.416,0.395,0.233,0.11,0.22499999999999998
580,1980,Madagascar,125,MDG,0.434,0.416,0.395,0.234,0.113,0.22499999999999998
580,1981,Madagascar,125,MDG,0.452,0.416,0.395,0.234,0.152,0.22499999999999998
580,1982,Madagascar,125,MDG,0.443,0.416,0.395,0.234,0.152,0.22499999999999998
580,1983,Madagascar,125,MDG,0.44,0.416,0.405,0.234,0.154,0.22499999999999998
580,1984,Madagascar,125,MDG,0.439,0.416,0.405,0.234,0.154,0.22499999999999998
580,1985,Madagascar,125,MDG,0.438,0.506,0.405,0.234,0.154,0.22499999999999998
580,1986,Madagascar,125,MDG,0.439,0.506,0.418,0.234,0.153,0.22499999999999998
580,1987,Madagascar,125,MDG,0.441,0.524,0.43,0.242,0.154,0.22499999999999998
580,1988,Madagascar,125,MDG,0.441,0.524,0.43,0.302,0.154,0.22499999999999998
580,1989,Madagascar,125,MDG,0.448,0.524,0.43,0.317,0.151,0.22499999999999998
580,1990,Madagascar,125,MDG,0.463,0.534,0.44,0.337,0.203,0.22499999999999998
580,1991,Madagascar,125,MDG,0.484,0.6,0.435,0.372,0.391,0.22499999999999998
580,1992,Madagascar,125,MDG,0.712,0.779,0.575,0.833,0.35,0.259
580,1993,Madagascar,125,MDG,0.701,0.829,0.587,0.848,0.769,0.259
580,1994,Madagascar,125,MDG,0.722,0.817,0.599,0.85,0.77,0.259
580,1995,Madagascar,125,MDG,0.719,0.817,0.612,0.85,0.678,0.259
580,1996,Madagascar,125,MDG,0.69,0.817,0.608,0.841,0.678,0.259
580,1997,Madagascar,125,MDG,0.684,0.82,0.59,0.784,0.386,0.23099999999999998
580,1998,Madagascar,125,MDG,0.71,0.82,0.59,0.773,0.357,0.20599999999999996
580,1999,Madagascar,125,MDG,0.71,0.82,0.59,0.768,0.359,0.20599999999999996
580,2000,Madagascar,125,MDG,0.696,0.82,0.598,0.768,0.366,0.20599999999999996
580,2001,Madagascar,125,MDG,0.629,0.82,0.589,0.768,0.398,0.20599999999999996
580,2002,Madagascar,125,MDG,0.675,0.833,0.526,0.713,0.426,0.272
580,2003,Madagascar,125,MDG,0.684,0.833,0.61,0.775,0.369,0.272
580,2004,Madagascar,125,MDG,0.686,0.833,0.635,0.775,0.366,0.272
580,2005,Madagascar,125,MDG,0.686,0.833,0.637,0.775,0.373,0.272
580,2006,Madagascar,125,MDG,0.692,0.833,0.637,0.749,0.375,0.272
580,2007,Madagascar,125,MDG,0.694,0.833,0.659,0.758,0.371,0.272
580,2008,Madagascar,125,MDG,0.696,0.833,0.662,0.758,0.374,0.237
580,2009,Madagascar,125,MDG,0.671,0.803,0.405,0.643,0.186,0.06799999999999995
580,2010,Madagascar,125,MDG,0.231,0.787,0.416,0.663,0.138,0.06799999999999995
580,2011,Madagascar,125,MDG,0.231,0.787,0.428,0.663,0.275,0.06799999999999995
580,2012,Madagascar,125,MDG,0.231,0.787,0.424,0.665,0.278,0.06799999999999995
580,2013,Madagascar,125,MDG,0.664,0.89,0.477,0.693,0.361,0.10299999999999998
580,2014,Madagascar,125,MDG,0.662,0.92,0.561,0.742,0.445,0.247
580,2015,Madagascar,125,MDG,0.664,0.92,0.579,0.779,0.488,0.247
580,2016,Madagascar,125,MDG,0.662,0.951,0.579,0.784,0.472,0.247
580,2017,Madagascar,125,MDG,0.664,0.941,0.593,0.785,0.486,0.247
580,2018,Madagascar,125,MDG,0.708,0.947,0.593,0.827,0.534,0.373
580,2019,Madagascar,125,MDG,0.728,0.929,0.602,0.74,0.477,0.21399999999999997
580,2020,Madagascar,125,MDG,0.728,0.926,0.605,0.74,0.48,0.16400000000000003
580,2021,Madagascar,125,MDG,0.727,0.926,0.604,0.726,0.454,0.16400000000000003
580,2022,Madagascar,125,MDG,0.726,0.926,0.604,0.725,0.452,0.16400000000000003
580,2023,Madagascar,125,MDG,0.594,0.928,0.573,0.713,0.47,0.16400000000000003
580,2024,Madagascar,125,MDG,0.593,0.928,0.55,0.705,0.492,0.16400000000000003
581,1975,Comoros,153,COM,0.443,0.442,0.283,0.189,0.201,0.744
581,1976,Comoros,153,COM,0.222,0.368,0.307,0.199,0.334,0.669
581,1977,Comoros,153,COM,0.221,0.368,0.33,0.199,0.335,0.669
581,1978,Comoros,153,COM,0.48,0.387,0.331,0.198,0.335,0.669
581,1979,Comoros,153,COM,0.489,0.421,0.331,0.248,0.276,0.45499999999999996
581,1980,Comoros,153,COM,0.493,0.421,0.309,0.265,0.267,0.45499999999999996
581,1981,Comoros,153,COM,0.49,0.421,0.309,0.265,0.263,0.45499999999999996
581,1982,Comoros,153,COM,0.398,0.421,0.309,0.288,0.266,0.45499999999999996
581,1983,Comoros,153,COM,0.395,0.421,0.309,0.288,0.262,0.45499999999999996
581,1984,Comoros,153,COM,0.365,0.421,0.309,0.288,0.262,0.45499999999999996
581,1985,Comoros,153,COM,0.365,0.421,0.309,0.288,0.267,0.45499999999999996
581,1986,Comoros,153,COM,0.364,0.421,0.323,0.288,0.266,0.45499999999999996
581,1987,Comoros,153,COM,0.41,0.421,0.323,0.288,0.265,0.45499999999999996
581,1988,Comoros,153,COM,0.408,0.421,0.323,0.288,0.264,0.45499999999999996
581,1989,Comoros,153,COM,0.406,0.429,0.329,0.288,0.266,0.45499999999999996
581,1990,Comoros,153,COM,0.691,0.627,0.409,0.634,0.492,0.43999999999999995
581,1991,Comoros,153,COM,0.69,0.684,0.458,0.683,0.485,0.43999999999999995
581,1992,Comoros,153,COM,0.705,0.675,0.487,0.687,0.487,0.43999999999999995
581,1993,Comoros,153,COM,0.67,0.675,0.487,0.687,0.495,0.43999999999999995
581,1994,Comoros,153,COM,0.67,0.675,0.487,0.687,0.499,0.43999999999999995
581,1995,Comoros,153,COM,0.67,0.614,0.487,0.687,0.474,0.43999999999999995
581,1996,Comoros,153,COM,0.722,0.614,0.487,0.687,0.376,0.43999999999999995
581,1997,Comoros,153,COM,0.723,0.664,0.487,0.687,0.475,0.43999999999999995
581,1998,Comoros,153,COM,0.723,0.664,0.487,0.695,0.474,0.43999999999999995
581,1999,Comoros,153,COM,0.713,0.683,0.497,0.695,0.381,0.43999999999999995
581,2000,Comoros,153,COM,0.233,0.655,0.502,0.71,0.483,0.479
581,2001,Comoros,153,COM,0.237,0.655,0.502,0.709,0.439,0.479
581,2002,Comoros,153,COM,0.735,0.704,0.502,0.708,0.591,0.479
581,2003,Comoros,153,COM,0.749,0.704,0.516,0.708,0.658,0.479
581,2004,Comoros,153,COM,0.738,0.704,0.516,0.708,0.664,0.479
581,2005,Comoros,153,COM,0.727,0.704,0.525,0.708,0.66,0.479
581,2006,Comoros,153,COM,0.737,0.688,0.526,0.699,0.639,0.42200000000000004
581,2007,Comoros,153,COM,0.736,0.688,0.53,0.701,0.638,0.42200000000000004
581,2008,Comoros,153,COM,0.738,0.688,0.531,0.701,0.641,0.42200000000000004
581,2009,Comoros,153,COM,0.702,0.688,0.531,0.725,0.625,0.42200000000000004
581,2010,Comoros,153,COM,0.735,0.688,0.531,0.738,0.65,0.4
581,2011,Comoros,153,COM,0.743,0.688,0.537,0.738,0.649,0.4
581,2012,Comoros,153,COM,0.743,0.688,0.537,0.738,0.65,0.40800000000000003
581,2013,Comoros,153,COM,0.751,0.701,0.557,0.777,0.711,0.371
581,2014,Comoros,153,COM,0.752,0.701,0.557,0.777,0.722,0.371
581,2015,Comoros,153,COM,0.656,0.701,0.562,0.768,0.683,0.371
581,2016,Comoros,153,COM,0.656,0.701,0.562,0.751,0.712,0.371
581,2017,Comoros,153,COM,0.64,0.706,0.579,0.728,0.257,0.269
581,2018,Comoros,153,COM,0.613,0.706,0.518,0.719,0.174,0.28400000000000003
581,2019,Comoros,153,COM,0.438,0.556,0.405,0.643,0.165,0.32999999999999996
581,2020,Comoros,153,COM,0.426,0.567,0.435,0.626,0.101,0.23299999999999998
581,2021,Comoros,153,COM,0.427,0.567,0.409,0.627,0.116,0.23299999999999998
581,2022,Comoros,153,COM,0.427,0.511,0.406,0.625,0.166,0.269
581,2023,Comoros,153,COM,0.428,0.511,0.363,0.555,0.102,0.253
581,2024,Comoros,153,COM,0.467,0.517,0.355,0.525,0.125,0.253
590,1968,Mauritius,180,MUS,0.894,0.793,0.868,0.741,0.906,0.904
590,1969,Mauritius,180,MUS,0.919,0.701,0.873,0.773,0.908,0.869
590,1970,Mauritius,180,MUS,0.919,0.695,0.853,0.749,0.909,0.739
590,1971,Mauritius,180,MUS,0.92,0.695,0.844,0.737,0.907,0.739
590,1972,Mauritius,180,MUS,0.919,0.695,0.857,0.737,0.909,0.739
590,1973,Mauritius,180,MUS,0.92,0.695,0.857,0.728,0.906,0.739
590,1974,Mauritius,180,MUS,0.92,0.695,0.886,0.728,0.908,0.739
590,1975,Mauritius,180,MUS,0.921,0.695,0.886,0.728,0.907,0.739
590,1976,Mauritius,180,MUS,0.911,0.695,0.9,0.765,0.907,0.739
590,1977,Mauritius,180,MUS,0.911,0.821,0.9,0.78,0.908,0.739
590,1978,Mauritius,180,MUS,0.911,0.821,0.9,0.78,0.907,0.739
590,1979,Mauritius,180,MUS,0.911,0.825,0.9,0.78,0.906,0.739
590,1980,Mauritius,180,MUS,0.912,0.853,0.902,0.787,0.907,0.739
590,1981,Mauritius,180,MUS,0.912,0.853,0.902,0.787,0.907,0.739
590,1982,Mauritius,180,MUS,0.925,0.853,0.902,0.795,0.907,0.739
590,1983,Mauritius,180,MUS,0.928,0.866,0.899,0.79,0.908,0.739
590,1984,Mauritius,180,MUS,0.928,0.866,0.899,0.79,0.905,0.739
590,1985,Mauritius,180,MUS,0.928,0.866,0.902,0.79,0.906,0.739
590,1986,Mauritius,180,MUS,0.928,0.866,0.902,0.803,0.909,0.739
590,1987,Mauritius,180,MUS,0.925,0.866,0.902,0.803,0.908,0.739
590,1988,Mauritius,180,MUS,0.926,0.866,0.902,0.803,0.907,0.739
590,1989,Mauritius,180,MUS,0.925,0.866,0.902,0.803,0.907,0.739
590,1990,Mauritius,180,MUS,0.926,0.889,0.901,0.813,0.863,0.757
590,1991,Mauritius,180,MUS,0.925,0.877,0.901,0.821,0.86,0.757
590,1992,Mauritius,180,MUS,0.926,0.89,0.901,0.823,0.882,0.757
590,1993,Mauritius,180,MUS,0.925,0.929,0.914,0.832,0.884,0.757
590,1994,Mauritius,180,MUS,0.925,0.929,0.914,0.832,0.885,0.757
590,1995,Mauritius,180,MUS,0.925,0.929,0.914,0.832,0.886,0.757
590,1996,Mauritius,180,MUS,0.925,0.929,0.914,0.832,0.884,0.757
590,1997,Mauritius,180,MUS,0.925,0.929,0.914,0.832,0.885,0.757
590,1998,Mauritius,180,MUS,0.925,0.929,0.914,0.832,0.885,0.757
590,1999,Mauritius,180,MUS,0.925,0.929,0.914,0.832,0.885,0.757
590,2000,Mauritius,180,MUS,0.925,0.929,0.914,0.848,0.92,0.757
590,2001,Mauritius,180,MUS,0.925,0.929,0.914,0.848,0.921,0.757
590,2002,Mauritius,180,MUS,0.925,0.929,0.914,0.855,0.918,0.757
590,2003,Mauritius,180,MUS,0.924,0.929,0.914,0.855,0.92,0.757
590,2004,Mauritius,180,MUS,0.925,0.929,0.914,0.855,0.921,0.757
590,2005,Mauritius,180,MUS,0.923,0.924,0.909,0.855,0.918,0.757
590,2006,Mauritius,180,MUS,0.923,0.924,0.909,0.856,0.918,0.757
590,2007,Mauritius,180,MUS,0.922,0.924,0.909,0.856,0.922,0.757
590,2008,Mauritius,180,MUS,0.923,0.924,0.909,0.856,0.902,0.757
590,2009,Mauritius,180,MUS,0.923,0.924,0.909,0.856,0.901,0.757
590,2010,Mauritius,180,MUS,0.914,0.919,0.923,0.883,0.92,0.794
590,2011,Mauritius,180,MUS,0.915,0.919,0.929,0.89,0.92,0.794
590,2012,Mauritius,180,MUS,0.914,0.919,0.929,0.89,0.921,0.794
590,2013,Mauritius,180,MUS,0.914,0.916,0.914,0.87,0.922,0.738
590,2014,Mauritius,180,MUS,0.927,0.861,0.9,0.857,0.91,0.738
590,2015,Mauritius,180,MUS,0.917,0.861,0.885,0.865,0.913,0.738
590,2016,Mauritius,180,MUS,0.918,0.861,0.885,0.864,0.913,0.738
590,2017,Mauritius,180,MUS,0.917,0.868,0.858,0.858,0.902,0.73
590,2018,Mauritius,180,MUS,0.917,0.868,0.88,0.871,0.91,0.692
590,2019,Mauritius,180,MUS,0.799,0.845,0.872,0.855,0.919,0.692
590,2020,Mauritius,180,MUS,0.799,0.834,0.79,0.785,0.869,0.727
590,2021,Mauritius,180,MUS,0.799,0.834,0.733,0.727,0.85,0.727
590,2022,Mauritius,180,MUS,0.787,0.834,0.684,0.676,0.807,0.728
590,2023,Mauritius,180,MUS,0.776,0.834,0.687,0.618,0.794,0.728
590,2024,Mauritius,180,MUS,0.899,0.845,0.697,0.616,0.8,0.789
600,1968,Morocco,90,MAR,0.218,0.148,0.359,0.164,0.478,0.22799999999999998
600,1969,Morocco,90,MAR,0.218,0.148,0.359,0.164,0.477,0.19299999999999995
600,1970,Morocco,90,MAR,0.449,0.192,0.36,0.162,0.476,0.19299999999999995
600,1971,Morocco,90,MAR,0.45,0.192,0.36,0.162,0.54,0.19299999999999995
600,1972,Morocco,90,MAR,0.45,0.192,0.36,0.162,0.537,0.19299999999999995
600,1973,Morocco,90,MAR,0.45,0.192,0.36,0.153,0.524,0.19299999999999995
600,1974,Morocco,90,MAR,0.221,0.192,0.36,0.155,0.488,0.19299999999999995
600,1975,Morocco,90,MAR,0.224,0.192,0.36,0.155,0.493,0.19299999999999995
600,1976,Morocco,90,MAR,0.224,0.192,0.381,0.155,0.492,0.19299999999999995
600,1977,Morocco,90,MAR,0.449,0.192,0.381,0.155,0.521,0.19299999999999995
600,1978,Morocco,90,MAR,0.448,0.192,0.381,0.155,0.524,0.19299999999999995
600,1979,Morocco,90,MAR,0.45,0.192,0.381,0.172,0.551,0.19299999999999995
600,1980,Morocco,90,MAR,0.449,0.192,0.46,0.182,0.524,0.19299999999999995
600,1981,Morocco,90,MAR,0.451,0.192,0.459,0.182,0.526,0.19299999999999995
600,1982,Morocco,90,MAR,0.451,0.192,0.459,0.182,0.523,0.19299999999999995
600,1983,Morocco,90,MAR,0.451,0.192,0.459,0.182,0.527,0.19299999999999995
600,1984,Morocco,90,MAR,0.449,0.192,0.459,0.182,0.525,0.19299999999999995
600,1985,Morocco,90,MAR,0.449,0.192,0.459,0.182,0.526,0.19299999999999995
600,1986,Morocco,90,MAR,0.45,0.192,0.459,0.182,0.528,0.19299999999999995
600,1987,Morocco,90,MAR,0.45,0.192,0.459,0.204,0.525,0.19299999999999995
600,1988,Morocco,90,MAR,0.449,0.192,0.459,0.204,0.527,0.19299999999999995
600,1989,Morocco,90,MAR,0.448,0.192,0.459,0.204,0.53,0.19299999999999995
600,1990,Morocco,90,MAR,0.449,0.269,0.486,0.243,0.696,0.19299999999999995
600,1991,Morocco,90,MAR,0.448,0.269,0.513,0.25,0.745,0.19299999999999995
600,1992,Morocco,90,MAR,0.504,0.325,0.526,0.321,0.674,0.19299999999999995
600,1993,Morocco,90,MAR,0.521,0.364,0.559,0.336,0.678,0.19299999999999995
600,1994,Morocco,90,MAR,0.519,0.364,0.558,0.336,0.685,0.19299999999999995
600,1995,Morocco,90,MAR,0.521,0.364,0.558,0.336,0.682,0.19299999999999995
600,1996,Morocco,90,MAR,0.522,0.364,0.558,0.336,0.772,0.19299999999999995
600,1997,Morocco,90,MAR,0.59,0.462,0.558,0.336,0.721,0.19299999999999995
600,1998,Morocco,90,MAR,0.564,0.483,0.558,0.37,0.72,0.19299999999999995
600,1999,Morocco,90,MAR,0.566,0.483,0.558,0.376,0.72,0.19299999999999995
600,2000,Morocco,90,MAR,0.564,0.566,0.658,0.557,0.715,0.19299999999999995
600,2001,Morocco,90,MAR,0.564,0.566,0.658,0.57,0.758,0.19299999999999995
600,2002,Morocco,90,MAR,0.619,0.566,0.658,0.57,0.76,0.19299999999999995
600,2003,Morocco,90,MAR,0.62,0.566,0.658,0.57,0.716,0.19299999999999995
600,2004,Morocco,90,MAR,0.618,0.566,0.658,0.57,0.716,0.19299999999999995
600,2005,Morocco,90,MAR,0.661,0.566,0.665,0.57,0.736,0.262
600,2006,Morocco,90,MAR,0.662,0.566,0.665,0.563,0.735,0.262
600,2007,Morocco,90,MAR,0.641,0.571,0.665,0.563,0.734,0.262
600,2008,Morocco,90,MAR,0.64,0.606,0.665,0.563,0.749,0.262
600,2009,Morocco,90,MAR,0.641,0.599,0.665,0.563,0.733,0.262
600,2010,Morocco,90,MAR,0.642,0.586,0.667,0.592,0.774,0.262
600,2011,Morocco,90,MAR,0.655,0.63,0.671,0.602,0.76,0.30800000000000005
600,2012,Morocco,90,MAR,0.654,0.624,0.671,0.607,0.764,0.30800000000000005
600,2013,Morocco,90,MAR,0.667,0.62,0.644,0.611,0.744,0.30800000000000005
600,2014,Morocco,90,MAR,0.667,0.611,0.644,0.613,0.74,0.30800000000000005
600,2015,Morocco,90,MAR,0.656,0.596,0.65,0.606,0.745,0.278
600,2016,Morocco,90,MAR,0.654,0.596,0.646,0.608,0.754,0.29600000000000004
600,2017,Morocco,90,MAR,0.676,0.454,0.666,0.578,0.766,0.29600000000000004
600,2018,Morocco,90,MAR,0.675,0.454,0.683,0.586,0.765,0.29600000000000004
600,2019,Morocco,90,MAR,0.676,0.454,0.675,0.555,0.768,0.29600000000000004
600,2020,Morocco,90,MAR,0.671,0.443,0.675,0.56,0.73,0.29600000000000004
600,2021,Morocco,90,MAR,0.666,0.443,0.675,0.589,0.732,0.29600000000000004
600,2022,Morocco,90,MAR,0.666,0.443,0.675,0.601,0.75,0.29600000000000004
600,2023,Morocco,90,MAR,0.666,0.443,0.675,0.601,0.755,0.29600000000000004
600,2024,Morocco,90,MAR,0.667,0.475,0.675,0.595,0.753,0.29600000000000004
615,1968,Algeria,103,DZA,0.101,0.203,0.406,0.088,0.124,0.677
615,1969,Algeria,103,DZA,0.1,0.203,0.406,0.088,0.127,0.677
615,1970,Algeria,103,DZA,0.1,0.203,0.406,0.088,0.124,0.677
615,1971,Algeria,103,DZA,0.101,0.203,0.406,0.088,0.126,0.677
615,1972,Algeria,103,DZA,0.102,0.203,0.406,0.088,0.126,0.677
615,1973,Algeria,103,DZA,0.102,0.203,0.406,0.088,0.124,0.677
615,1974,Algeria,103,DZA,0.1,0.203,0.406,0.088,0.126,0.677
615,1975,Algeria,103,DZA,0.101,0.203,0.406,0.088,0.126,0.677
615,1976,Algeria,103,DZA,0.431,0.203,0.406,0.088,0.128,0.677
615,1977,Algeria,103,DZA,0.43,0.203,0.406,0.088,0.229,0.677
615,1978,Algeria,103,DZA,0.43,0.203,0.406,0.088,0.224,0.581
615,1979,Algeria,103,DZA,0.44,0.2,0.45,0.092,0.222,0.515
615,1980,Algeria,103,DZA,0.443,0.247,0.45,0.108,0.231,0.498
615,1981,Algeria,103,DZA,0.442,0.247,0.456,0.108,0.227,0.498
615,1982,Algeria,103,DZA,0.484,0.247,0.456,0.108,0.229,0.498
615,1983,Algeria,103,DZA,0.483,0.247,0.456,0.108,0.227,0.498
615,1984,Algeria,103,DZA,0.476,0.247,0.456,0.125,0.222,0.498
615,1985,Algeria,103,DZA,0.478,0.247,0.468,0.125,0.225,0.498
615,1986,Algeria,103,DZA,0.479,0.247,0.468,0.125,0.226,0.498
615,1987,Algeria,103,DZA,0.482,0.247,0.468,0.125,0.228,0.498
615,1988,Algeria,103,DZA,0.483,0.2,0.49,0.125,0.233,0.498
615,1989,Algeria,103,DZA,0.492,0.284,0.48,0.166,0.226,0.601
615,1990,Algeria,103,DZA,0.547,0.366,0.434,0.557,0.231,0.601
615,1991,Algeria,103,DZA,0.696,0.366,0.381,0.555,0.23,0.601
615,1992,Algeria,103,DZA,0.691,0.359,0.381,0.543,0.211,0.601
615,1993,Algeria,103,DZA,0.212,0.359,0.397,0.535,0.266,0.601
615,1994,Algeria,103,DZA,0.216,0.359,0.397,0.562,0.292,0.601
615,1995,Algeria,103,DZA,0.621,0.359,0.397,0.562,0.292,0.601
615,1996,Algeria,103,DZA,0.619,0.359,0.397,0.562,0.289,0.601
615,1997,Algeria,103,DZA,0.576,0.359,0.397,0.562,0.292,0.601
615,1998,Algeria,103,DZA,0.576,0.359,0.397,0.571,0.292,0.601
615,1999,Algeria,103,DZA,0.544,0.425,0.565,0.602,0.267,0.5860000000000001
615,2000,Algeria,103,DZA,0.54,0.431,0.532,0.662,0.267,0.364
615,2001,Algeria,103,DZA,0.54,0.431,0.532,0.662,0.272,0.364
615,2002,Algeria,103,DZA,0.597,0.367,0.532,0.662,0.274,0.364
615,2003,Algeria,103,DZA,0.598,0.367,0.532,0.662,0.27,0.364
615,2004,Algeria,103,DZA,0.611,0.367,0.532,0.662,0.268,0.364
615,2005,Algeria,103,DZA,0.613,0.367,0.559,0.666,0.277,0.364
615,2006,Algeria,103,DZA,0.615,0.367,0.559,0.666,0.271,0.364
615,2007,Algeria,103,DZA,0.589,0.367,0.559,0.663,0.277,0.364
615,2008,Algeria,103,DZA,0.592,0.367,0.559,0.666,0.27,0.364
615,2009,Algeria,103,DZA,0.585,0.367,0.559,0.667,0.275,0.364
615,2010,Algeria,103,DZA,0.585,0.366,0.559,0.667,0.274,0.364
615,2011,Algeria,103,DZA,0.586,0.366,0.564,0.665,0.273,0.364
615,2012,Algeria,103,DZA,0.59,0.376,0.589,0.668,0.277,0.364
615,2013,Algeria,103,DZA,0.594,0.319,0.585,0.67,0.293,0.364
615,2014,Algeria,103,DZA,0.574,0.319,0.598,0.666,0.302,0.364
615,2015,Algeria,103,DZA,0.575,0.319,0.602,0.667,0.296,0.364
615,2016,Algeria,103,DZA,0.573,0.253,0.605,0.569,0.3,0.398
615,2017,Algeria,103,DZA,0.574,0.276,0.587,0.571,0.303,0.398
615,2018,Algeria,103,DZA,0.56,0.287,0.586,0.587,0.303,0.363
615,2019,Algeria,103,DZA,0.525,0.276,0.557,0.513,0.285,0.39
615,2020,Algeria,103,DZA,0.534,0.223,0.578,0.522,0.293,0.382
615,2021,Algeria,103,DZA,0.573,0.191,0.508,0.504,0.236,0.382
615,2022,Algeria,103,DZA,0.574,0.191,0.458,0.416,0.178,0.41300000000000003
615,2023,Algeria,103,DZA,0.574,0.191,0.478,0.398,0.185,0.41300000000000003
615,2024,Algeria,103,DZA,0.574,0.191,0.48,0.343,0.195,0.41300000000000003
616,1968,Tunisia,98,TUN,0.376,0.165,0.634,0.235,0.229,0.616
616,1969,Tunisia,98,TUN,0.377,0.165,0.634,0.235,0.229,0.616
616,1970,Tunisia,98,TUN,0.379,0.165,0.634,0.235,0.223,0.5589999999999999
616,1971,Tunisia,98,TUN,0.377,0.165,0.634,0.235,0.227,0.5589999999999999
616,1972,Tunisia,98,TUN,0.379,0.165,0.634,0.235,0.226,0.5589999999999999
616,1973,Tunisia,98,TUN,0.378,0.165,0.634,0.235,0.231,0.5589999999999999
616,1974,Tunisia,98,TUN,0.373,0.165,0.634,0.235,0.227,0.5589999999999999
616,1975,Tunisia,98,TUN,0.371,0.165,0.634,0.239,0.228,0.5589999999999999
616,1976,Tunisia,98,TUN,0.373,0.165,0.65,0.244,0.227,0.5589999999999999
616,1977,Tunisia,98,TUN,0.372,0.165,0.65,0.256,0.224,0.5589999999999999
616,1978,Tunisia,98,TUN,0.374,0.165,0.65,0.256,0.227,0.5589999999999999
616,1979,Tunisia,98,TUN,0.374,0.165,0.65,0.256,0.229,0.5589999999999999
616,1980,Tunisia,98,TUN,0.376,0.165,0.65,0.256,0.331,0.5589999999999999
616,1981,Tunisia,98,TUN,0.388,0.165,0.65,0.256,0.33,0.5589999999999999
616,1982,Tunisia,98,TUN,0.385,0.165,0.65,0.256,0.332,0.5589999999999999
616,1983,Tunisia,98,TUN,0.388,0.165,0.65,0.256,0.329,0.5589999999999999
616,1984,Tunisia,98,TUN,0.388,0.165,0.65,0.256,0.328,0.5589999999999999
616,1985,Tunisia,98,TUN,0.387,0.165,0.65,0.256,0.331,0.5589999999999999
616,1986,Tunisia,98,TUN,0.359,0.165,0.65,0.256,0.331,0.5589999999999999
616,1987,Tunisia,98,TUN,0.357,0.165,0.65,0.261,0.328,0.46099999999999997
616,1988,Tunisia,98,TUN,0.184,0.142,0.445,0.237,0.223,0.19299999999999995
616,1989,Tunisia,98,TUN,0.392,0.228,0.445,0.237,0.222,0.19299999999999995
616,1990,Tunisia,98,TUN,0.395,0.252,0.453,0.237,0.222,0.19299999999999995
616,1991,Tunisia,98,TUN,0.393,0.252,0.453,0.237,0.223,0.19299999999999995
616,1992,Tunisia,98,TUN,0.393,0.252,0.453,0.237,0.22,0.19299999999999995
616,1993,Tunisia,98,TUN,0.392,0.164,0.453,0.237,0.226,0.19299999999999995
616,1994,Tunisia,98,TUN,0.356,0.164,0.453,0.237,0.225,0.19299999999999995
616,1995,Tunisia,98,TUN,0.355,0.164,0.453,0.237,0.224,0.19299999999999995
616,1996,Tunisia,98,TUN,0.357,0.164,0.453,0.237,0.222,0.19299999999999995
616,1997,Tunisia,98,TUN,0.356,0.164,0.453,0.237,0.221,0.19299999999999995
616,1998,Tunisia,98,TUN,0.355,0.164,0.453,0.237,0.224,0.19299999999999995
616,1999,Tunisia,98,TUN,0.362,0.164,0.453,0.237,0.22,0.19299999999999995
616,2000,Tunisia,98,TUN,0.361,0.164,0.453,0.237,0.222,0.19299999999999995
616,2001,Tunisia,98,TUN,0.361,0.164,0.453,0.237,0.223,0.19299999999999995
616,2002,Tunisia,98,TUN,0.361,0.164,0.453,0.237,0.222,0.19299999999999995
616,2003,Tunisia,98,TUN,0.361,0.164,0.453,0.237,0.226,0.19299999999999995
616,2004,Tunisia,98,TUN,0.354,0.164,0.453,0.237,0.224,0.19299999999999995
616,2005,Tunisia,98,TUN,0.355,0.164,0.453,0.237,0.219,0.19299999999999995
616,2006,Tunisia,98,TUN,0.355,0.164,0.451,0.237,0.246,0.19299999999999995
616,2007,Tunisia,98,TUN,0.356,0.164,0.456,0.239,0.248,0.19299999999999995
616,2008,Tunisia,98,TUN,0.357,0.164,0.456,0.239,0.246,0.19299999999999995
616,2009,Tunisia,98,TUN,0.351,0.164,0.451,0.239,0.246,0.19299999999999995
616,2010,Tunisia,98,TUN,0.35,0.132,0.444,0.273,0.291,0.19299999999999995
616,2011,Tunisia,98,TUN,0.869,0.872,0.793,0.857,0.824,0.7110000000000001
616,2012,Tunisia,98,TUN,0.883,0.865,0.8,0.922,0.933,0.702
616,2013,Tunisia,98,TUN,0.885,0.907,0.765,0.891,0.925,0.651
616,2014,Tunisia,98,TUN,0.883,0.88,0.769,0.86,0.964,0.651
616,2015,Tunisia,98,TUN,0.881,0.857,0.792,0.865,0.962,0.704
616,2016,Tunisia,98,TUN,0.883,0.857,0.791,0.863,0.957,0.635
616,2017,Tunisia,98,TUN,0.876,0.857,0.833,0.874,0.957,0.635
616,2018,Tunisia,98,TUN,0.877,0.857,0.808,0.874,0.957,0.635
616,2019,Tunisia,98,TUN,0.871,0.826,0.819,0.873,0.957,0.635
616,2020,Tunisia,98,TUN,0.87,0.826,0.825,0.863,0.97,0.654
616,2021,Tunisia,98,TUN,0.87,0.797,0.814,0.846,0.951,0.621
616,2022,Tunisia,98,TUN,0.68,0.719,0.814,0.8,0.87,0.45699999999999996
616,2023,Tunisia,98,TUN,0.662,0.401,0.8,0.785,0.467,0.45699999999999996
616,2024,Tunisia,98,TUN,0.614,0.33,0.769,0.77,0.389,0.45699999999999996
620,1968,Libya,124,LBY,0.469,0.259,0.309,0.289,0.615,0.611
620,1969,Libya,124,LBY,0.138,0.076,0.215,0.12,0.479,0.652
620,1970,Libya,124,LBY,0.097,0.051,0.124,0.032,0.085,0.243
620,1971,Libya,124,LBY,0.098,0.051,0.124,0.032,0.073,0.131
620,1972,Libya,124,LBY,0.096,0.051,0.124,0.032,0.073,0.131
620,1973,Libya,124,LBY,0.098,0.051,0.124,0.032,0.071,0.131
620,1974,Libya,124,LBY,0.098,0.051,0.124,0.032,0.08,0.131
620,1975,Libya,124,LBY,0.097,0.051,0.124,0.032,0.071,0.131
620,1976,Libya,124,LBY,0.097,0.051,0.124,0.032,0.072,0.131
620,1977,Libya,124,LBY,0.097,0.051,0.124,0.032,0.303,0.131
620,1978,Libya,124,LBY,0.097,0.051,0.124,0.032,0.304,0.131
620,1979,Libya,124,LBY,0.098,0.051,0.125,0.032,0.307,0.131
620,1980,Libya,124,LBY,0.095,0.051,0.125,0.031,0.304,0.131
620,1981,Libya,124,LBY,0.097,0.051,0.125,0.031,0.298,0.131
620,1982,Libya,124,LBY,0.1,0.051,0.125,0.031,0.305,0.131
620,1983,Libya,124,LBY,0.098,0.051,0.125,0.031,0.303,0.131
620,1984,Libya,124,LBY,0.095,0.051,0.125,0.031,0.302,0.131
620,1985,Libya,124,LBY,0.095,0.051,0.125,0.031,0.308,0.131
620,1986,Libya,124,LBY,0.098,0.051,0.125,0.031,0.308,0.131
620,1987,Libya,124,LBY,0.099,0.051,0.125,0.031,0.303,0.131
620,1988,Libya,124,LBY,0.099,0.051,0.125,0.031,0.307,0.131
620,1989,Libya,124,LBY,0.096,0.051,0.125,0.031,0.307,0.131
620,1990,Libya,124,LBY,0.097,0.051,0.125,0.031,0.307,0.131
620,1991,Libya,124,LBY,0.098,0.051,0.125,0.031,0.308,0.131
620,1992,Libya,124,LBY,0.097,0.051,0.129,0.031,0.301,0.131
620,1993,Libya,124,LBY,0.097,0.051,0.129,0.031,0.308,0.131
620,1994,Libya,124,LBY,0.097,0.051,0.129,0.031,0.303,0.131
620,1995,Libya,124,LBY,0.099,0.051,0.129,0.031,0.293,0.131
620,1996,Libya,124,LBY,0.097,0.051,0.129,0.031,0.296,0.131
620,1997,Libya,124,LBY,0.096,0.051,0.129,0.031,0.298,0.131
620,1998,Libya,124,LBY,0.095,0.051,0.129,0.031,0.297,0.131
620,1999,Libya,124,LBY,0.098,0.051,0.129,0.031,0.295,0.131
620,2000,Libya,124,LBY,0.095,0.051,0.129,0.031,0.292,0.131
620,2001,Libya,124,LBY,0.098,0.051,0.129,0.031,0.299,0.131
620,2002,Libya,124,LBY,0.097,0.051,0.129,0.031,0.294,0.131
620,2003,Libya,124,LBY,0.095,0.051,0.129,0.031,0.277,0.131
620,2004,Libya,124,LBY,0.096,0.051,0.129,0.034,0.283,0.131
620,2005,Libya,124,LBY,0.097,0.051,0.129,0.034,0.286,0.131
620,2006,Libya,124,LBY,0.097,0.051,0.129,0.034,0.29,0.131
620,2007,Libya,124,LBY,0.096,0.051,0.134,0.034,0.282,0.131
620,2008,Libya,124,LBY,0.096,0.051,0.131,0.034,0.28,0.131
620,2009,Libya,124,LBY,0.098,0.037,0.131,0.034,0.283,0.131
620,2010,Libya,124,LBY,0.1,0.037,0.131,0.034,0.299,0.131
620,2011,Libya,124,LBY,0.218,0.667,0.15,0.4,0.792,0.11399999999999999
620,2012,Libya,124,LBY,0.82,0.841,0.268,0.816,0.75,0.18100000000000005
620,2013,Libya,124,LBY,0.81,0.88,0.189,0.702,0.725,0.18100000000000005
620,2014,Libya,124,LBY,0.218,0.841,0.155,0.676,0.689,0.18100000000000005
620,2015,Libya,124,LBY,0.22,0.796,0.15,0.705,0.725,0.259
620,2016,Libya,124,LBY,0.219,0.796,0.147,0.705,0.721,0.22999999999999998
620,2017,Libya,124,LBY,0.22,0.79,0.117,0.63,0.771,0.123
620,2018,Libya,124,LBY,0.219,0.726,0.096,0.616,0.705,0.123
620,2019,Libya,124,LBY,0.219,0.682,0.097,0.606,0.699,0.11099999999999999
620,2020,Libya,124,LBY,0.218,0.715,0.099,0.606,0.674,0.11099999999999999
620,2021,Libya,124,LBY,0.218,0.715,0.1,0.624,0.638,0.11099999999999999
620,2022,Libya,124,LBY,0.218,0.713,0.109,0.644,0.499,0.272
620,2023,Libya,124,LBY,0.219,0.713,0.109,0.558,0.497,0.21799999999999997
620,2024,Libya,124,LBY,0.219,0.704,0.124,0.562,0.541,0.21799999999999997
625,1968,Sudan,33,SDN,0.589,0.712,0.295,0.609,0.532,0.8089999999999999
625,1969,Sudan,33,SDN,0.132,0.275,0.175,0.186,0.353,0.781
625,1970,Sudan,33,SDN,0.133,0.251,0.169,0.2,0.295,0.6679999999999999
625,1971,Sudan,33,SDN,0.441,0.251,0.169,0.179,0.296,0.6679999999999999
625,1972,Sudan,33,SDN,0.441,0.208,0.174,0.146,0.3,0.643
625,1973,Sudan,33,SDN,0.443,0.219,0.185,0.146,0.3,0.643
625,1974,Sudan,33,SDN,0.455,0.239,0.191,0.146,0.218,0.643
625,1975,Sudan,33,SDN,0.456,0.239,0.191,0.146,0.219,0.643
625,1976,Sudan,33,SDN,0.455,0.239,0.191,0.146,0.221,0.643
625,1977,Sudan,33,SDN,0.444,0.239,0.185,0.146,0.217,0.643
625,1978,Sudan,33,SDN,0.46,0.239,0.185,0.167,0.22,0.643
625,1979,Sudan,33,SDN,0.465,0.25,0.187,0.167,0.221,0.643
625,1980,Sudan,33,SDN,0.456,0.258,0.198,0.193,0.22,0.643
625,1981,Sudan,33,SDN,0.456,0.258,0.2,0.193,0.22,0.643
625,1982,Sudan,33,SDN,0.22,0.258,0.193,0.193,0.21,0.643
625,1983,Sudan,33,SDN,0.489,0.258,0.185,0.193,0.211,0.643
625,1984,Sudan,33,SDN,0.49,0.278,0.205,0.238,0.212,0.643
625,1985,Sudan,33,SDN,0.492,0.688,0.265,0.429,0.423,0.671
625,1986,Sudan,33,SDN,0.662,0.768,0.279,0.648,0.253,0.671
625,1987,Sudan,33,SDN,0.631,0.768,0.279,0.648,0.25,0.671
625,1988,Sudan,33,SDN,0.63,0.768,0.256,0.648,0.252,0.671
625,1989,Sudan,33,SDN,0.571,0.2,0.089,0.309,0.427,0.39
625,1990,Sudan,33,SDN,0.112,0.101,0.046,0.129,0.226,0.17400000000000004
625,1991,Sudan,33,SDN,0.114,0.101,0.044,0.129,0.223,0.17400000000000004
625,1992,Sudan,33,SDN,0.121,0.101,0.044,0.129,0.066,0.17400000000000004
625,1993,Sudan,33,SDN,0.126,0.101,0.044,0.129,0.066,0.17400000000000004
625,1994,Sudan,33,SDN,0.122,0.101,0.044,0.141,0.067,0.17400000000000004
625,1995,Sudan,33,SDN,0.124,0.101,0.044,0.141,0.064,0.17400000000000004
625,1996,Sudan,33,SDN,0.374,0.101,0.044,0.141,0.065,0.17400000000000004
625,1997,Sudan,33,SDN,0.374,0.101,0.045,0.141,0.067,0.17400000000000004
625,1998,Sudan,33,SDN,0.372,0.101,0.045,0.141,0.066,0.17400000000000004
625,1999,Sudan,33,SDN,0.374,0.101,0.045,0.141,0.107,0.17400000000000004
625,2000,Sudan,33,SDN,0.389,0.17,0.047,0.16,0.162,0.16500000000000004
625,2001,Sudan,33,SDN,0.388,0.213,0.045,0.185,0.158,0.16500000000000004
625,2002,Sudan,33,SDN,0.388,0.213,0.045,0.179,0.159,0.16500000000000004
625,2003,Sudan,33,SDN,0.388,0.213,0.045,0.179,0.164,0.16500000000000004
625,2004,Sudan,33,SDN,0.408,0.228,0.059,0.211,0.159,0.16500000000000004
625,2005,Sudan,33,SDN,0.418,0.311,0.083,0.231,0.241,0.22199999999999998
625,2006,Sudan,33,SDN,0.421,0.311,0.081,0.248,0.24,0.22199999999999998
625,2007,Sudan,33,SDN,0.421,0.311,0.083,0.236,0.243,0.22199999999999998
625,2008,Sudan,33,SDN,0.431,0.311,0.083,0.244,0.241,0.22199999999999998
625,2009,Sudan,33,SDN,0.428,0.311,0.083,0.246,0.24,0.22199999999999998
625,2010,Sudan,33,SDN,0.51,0.306,0.076,0.255,0.246,0.248
625,2011,Sudan,33,SDN,0.501,0.306,0.067,0.242,0.218,0.20399999999999996
625,2012,Sudan,33,SDN,0.502,0.301,0.067,0.214,0.247,0.20399999999999996
625,2013,Sudan,33,SDN,0.508,0.256,0.081,0.216,0.247,0.19999999999999996
625,2014,Sudan,33,SDN,0.508,0.256,0.072,0.216,0.248,0.19999999999999996
625,2015,Sudan,33,SDN,0.569,0.256,0.074,0.216,0.25,0.19999999999999996
625,2016,Sudan,33,SDN,0.554,0.261,0.073,0.212,0.253,0.19999999999999996
625,2017,Sudan,33,SDN,0.569,0.264,0.092,0.241,0.293,0.271
625,2018,Sudan,33,SDN,0.568,0.311,0.07,0.235,0.256,0.271
625,2019,Sudan,33,SDN,0.569,0.658,0.225,0.418,0.317,0.363
625,2020,Sudan,33,SDN,0.19,0.712,0.227,0.433,0.311,0.32699999999999996
625,2021,Sudan,33,SDN,0.196,0.5,0.23,0.419,0.215,0.46499999999999997
625,2022,Sudan,33,SDN,0.2,0.513,0.217,0.419,0.222,0.43000000000000005
625,2023,Sudan,33,SDN,0.175,0.448,0.219,0.306,0.156,0.524
625,2024,Sudan,33,SDN,0.204,0.417,0.136,0.249,0.159,0.31699999999999995
626,2011,South Sudan,32,SSD,0.199,0.342,0.216,0.328,0.42,0.126
626,2012,South Sudan,32,SSD,0.199,0.325,0.213,0.337,0.42,0.126
626,2013,South Sudan,32,SSD,0.195,0.146,0.155,0.192,0.303,0.08399999999999996
626,2014,South Sudan,32,SSD,0.196,0.086,0.109,0.165,0.299,0.08399999999999996
626,2015,South Sudan,32,SSD,0.199,0.146,0.103,0.162,0.282,0.08399999999999996
626,2016,South Sudan,32,SSD,0.199,0.133,0.076,0.1,0.198,0.08399999999999996
626,2017,South Sudan,32,SSD,0.198,0.062,0.062,0.135,0.261,0.09499999999999997
626,2018,South Sudan,32,SSD,0.193,0.059,0.076,0.113,0.228,0.09499999999999997
626,2019,South Sudan,32,SSD,0.191,0.131,0.099,0.125,0.245,0.07499999999999996
626,2020,South Sudan,32,SSD,0.2,0.221,0.112,0.158,0.266,0.07499999999999996
626,2021,South Sudan,32,SSD,0.163,0.332,0.14,0.137,0.247,0.14800000000000002
626,2022,South Sudan,32,SSD,0.185,0.13,0.129,0.1,0.265,0.10799999999999998
626,2023,South Sudan,32,SSD,0.217,0.239,0.156,0.157,0.282,0.29000000000000004
626,2024,South Sudan,32,SSD,0.213,0.239,0.156,0.186,0.281,0.29000000000000004
630,1968,Iran,79,IRN,0.414,0.079,0.352,0.094,0.316,0.8049999999999999
630,1969,Iran,79,IRN,0.413,0.079,0.352,0.094,0.317,0.8049999999999999
630,1970,Iran,79,IRN,0.412,0.105,0.357,0.095,0.315,0.8049999999999999
630,1971,Iran,79,IRN,0.422,0.105,0.357,0.095,0.317,0.8049999999999999
630,1972,Iran,79,IRN,0.419,0.105,0.357,0.095,0.316,0.8049999999999999
630,1973,Iran,79,IRN,0.421,0.105,0.357,0.089,0.316,0.8049999999999999
630,1974,Iran,79,IRN,0.423,0.105,0.357,0.089,0.312,0.8049999999999999
630,1975,Iran,79,IRN,0.389,0.105,0.338,0.089,0.316,0.8049999999999999
630,1976,Iran,79,IRN,0.386,0.092,0.338,0.089,0.318,0.8049999999999999
630,1977,Iran,79,IRN,0.386,0.092,0.338,0.089,0.314,0.8049999999999999
630,1978,Iran,79,IRN,0.388,0.092,0.34,0.106,0.317,0.8049999999999999
630,1979,Iran,79,IRN,0.646,0.207,0.352,0.226,0.514,0.496
630,1980,Iran,79,IRN,0.646,0.138,0.152,0.151,0.575,0.519
630,1981,Iran,79,IRN,0.464,0.071,0.133,0.064,0.574,0.519
630,1982,Iran,79,IRN,0.458,0.047,0.129,0.053,0.573,0.519
630,1983,Iran,79,IRN,0.454,0.059,0.135,0.053,0.549,0.519
630,1984,Iran,79,IRN,0.461,0.098,0.165,0.059,0.551,0.519
630,1985,Iran,79,IRN,0.466,0.098,0.186,0.059,0.552,0.519
630,1986,Iran,79,IRN,0.461,0.098,0.186,0.059,0.543,0.519
630,1987,Iran,79,IRN,0.462,0.098,0.186,0.059,0.554,0.519
630,1988,Iran,79,IRN,0.502,0.111,0.186,0.059,0.553,0.519
630,1989,Iran,79,IRN,0.506,0.149,0.203,0.088,0.55,0.519
630,1990,Iran,79,IRN,0.487,0.243,0.26,0.12,0.55,0.519
630,1991,Iran,79,IRN,0.487,0.243,0.26,0.128,0.547,0.519
630,1992,Iran,79,IRN,0.485,0.243,0.26,0.128,0.548,0.519
630,1993,Iran,79,IRN,0.494,0.243,0.26,0.13,0.619,0.519
630,1994,Iran,79,IRN,0.495,0.29,0.28,0.13,0.62,0.519
630,1995,Iran,79,IRN,0.495,0.29,0.288,0.142,0.625,0.519
630,1996,Iran,79,IRN,0.549,0.29,0.293,0.152,0.621,0.519
630,1997,Iran,79,IRN,0.604,0.435,0.348,0.335,0.713,0.5920000000000001
630,1998,Iran,79,IRN,0.625,0.431,0.389,0.359,0.716,0.5920000000000001
630,1999,Iran,79,IRN,0.627,0.431,0.389,0.376,0.709,0.5920000000000001
630,2000,Iran,79,IRN,0.632,0.474,0.413,0.366,0.717,0.5920000000000001
630,2001,Iran,79,IRN,0.629,0.474,0.413,0.348,0.544,0.5920000000000001
630,2002,Iran,79,IRN,0.609,0.474,0.413,0.348,0.541,0.5920000000000001
630,2003,Iran,79,IRN,0.609,0.474,0.413,0.348,0.539,0.5920000000000001
630,2004,Iran,79,IRN,0.502,0.474,0.382,0.339,0.539,0.5920000000000001
630,2005,Iran,79,IRN,0.512,0.185,0.354,0.236,0.547,0.32799999999999996
630,2006,Iran,79,IRN,0.51,0.147,0.333,0.222,0.53,0.32799999999999996
630,2007,Iran,79,IRN,0.509,0.147,0.327,0.222,0.526,0.32799999999999996
630,2008,Iran,79,IRN,0.457,0.147,0.33,0.222,0.528,0.32799999999999996
630,2009,Iran,79,IRN,0.43,0.123,0.312,0.213,0.527,0.32799999999999996
630,2010,Iran,79,IRN,0.433,0.081,0.278,0.159,0.541,0.31200000000000006
630,2011,Iran,79,IRN,0.432,0.091,0.279,0.159,0.549,0.31200000000000006
630,2012,Iran,79,IRN,0.485,0.091,0.279,0.159,0.549,0.31200000000000006
630,2013,Iran,79,IRN,0.56,0.126,0.328,0.171,0.523,0.33299999999999996
630,2014,Iran,79,IRN,0.563,0.126,0.329,0.192,0.529,0.33299999999999996
630,2015,Iran,79,IRN,0.561,0.173,0.359,0.2,0.531,0.33299999999999996
630,2016,Iran,79,IRN,0.563,0.17,0.357,0.204,0.54,0.356
630,2017,Iran,79,IRN,0.559,0.144,0.364,0.207,0.52,0.356
630,2018,Iran,79,IRN,0.558,0.136,0.351,0.192,0.539,0.32699999999999996
630,2019,Iran,79,IRN,0.558,0.128,0.351,0.19,0.506,0.33799999999999997
630,2020,Iran,79,IRN,0.47,0.081,0.325,0.179,0.501,0.32599999999999996
630,2021,Iran,79,IRN,0.414,0.081,0.286,0.166,0.384,0.33899999999999997
630,2022,Iran,79,IRN,0.413,0.035,0.245,0.13,0.368,0.33899999999999997
630,2023,Iran,79,IRN,0.426,0.048,0.261,0.153,0.348,0.33899999999999997
630,2024,Iran,79,IRN,0.47,0.114,0.322,0.228,0.406,0.33899999999999997
640,1968,Türkiye,99,TUR,0.838,0.789,0.558,0.73,0.648,0.661
640,1969,Türkiye,99,TUR,0.838,0.789,0.558,0.73,0.648,0.661
640,1970,Türkiye,99,TUR,0.839,0.789,0.494,0.657,0.654,0.661
640,1971,Türkiye,99,TUR,0.837,0.558,0.456,0.587,0.573,0.661
640,1972,Türkiye,99,TUR,0.839,0.537,0.456,0.594,0.571,0.661
640,1973,Türkiye,99,TUR,0.839,0.537,0.51,0.651,0.571,0.661
640,1974,Türkiye,99,TUR,0.84,0.767,0.502,0.725,0.636,0.661
640,1975,Türkiye,99,TUR,0.839,0.767,0.502,0.725,0.63,0.661
640,1976,Türkiye,99,TUR,0.839,0.767,0.502,0.725,0.643,0.661
640,1977,Türkiye,99,TUR,0.832,0.767,0.473,0.725,0.639,0.661
640,1978,Türkiye,99,TUR,0.832,0.767,0.477,0.725,0.632,0.661
640,1979,Türkiye,99,TUR,0.83,0.767,0.478,0.725,0.639,0.661
640,1980,Türkiye,99,TUR,0.813,0.322,0.267,0.454,0.487,0.661
640,1981,Türkiye,99,TUR,0.202,0.052,0.259,0.177,0.364,0.661
640,1982,Türkiye,99,TUR,0.201,0.052,0.259,0.177,0.466,0.661
640,1983,Türkiye,99,TUR,0.76,0.052,0.332,0.232,0.522,0.6930000000000001
640,1984,Türkiye,99,TUR,0.761,0.249,0.416,0.475,0.614,0.642
640,1985,Türkiye,99,TUR,0.761,0.246,0.416,0.475,0.626,0.642
640,1986,Türkiye,99,TUR,0.762,0.256,0.424,0.507,0.617,0.642
640,1987,Türkiye,99,TUR,0.853,0.28,0.435,0.524,0.614,0.642
640,1988,Türkiye,99,TUR,0.854,0.322,0.444,0.539,0.617,0.642
640,1989,Türkiye,99,TUR,0.854,0.322,0.444,0.539,0.61,0.642
640,1990,Türkiye,99,TUR,0.856,0.322,0.526,0.602,0.605,0.642
640,1991,Türkiye,99,TUR,0.868,0.335,0.549,0.602,0.661,0.642
640,1992,Türkiye,99,TUR,0.869,0.349,0.549,0.618,0.662,0.642
640,1993,Türkiye,99,TUR,0.868,0.349,0.55,0.618,0.656,0.642
640,1994,Türkiye,99,TUR,0.869,0.349,0.55,0.628,0.657,0.642
640,1995,Türkiye,99,TUR,0.869,0.349,0.55,0.628,0.66,0.642
640,1996,Türkiye,99,TUR,0.869,0.448,0.56,0.621,0.662,0.642
640,1997,Türkiye,99,TUR,0.869,0.448,0.566,0.614,0.674,0.642
640,1998,Türkiye,99,TUR,0.868,0.448,0.566,0.614,0.667,0.642
640,1999,Türkiye,99,TUR,0.889,0.448,0.601,0.658,0.668,0.642
640,2000,Türkiye,99,TUR,0.89,0.474,0.626,0.693,0.669,0.6619999999999999
640,2001,Türkiye,99,TUR,0.891,0.506,0.635,0.695,0.666,0.6619999999999999
640,2002,Türkiye,99,TUR,0.904,0.589,0.753,0.742,0.669,0.622
640,2003,Türkiye,99,TUR,0.903,0.642,0.777,0.747,0.672,0.622
640,2004,Türkiye,99,TUR,0.904,0.636,0.782,0.761,0.64,0.5640000000000001
640,2005,Türkiye,99,TUR,0.904,0.636,0.763,0.724,0.642,0.5640000000000001
640,2006,Türkiye,99,TUR,0.904,0.636,0.76,0.724,0.644,0.5640000000000001
640,2007,Türkiye,99,TUR,0.86,0.629,0.743,0.715,0.636,0.5589999999999999
640,2008,Türkiye,99,TUR,0.859,0.624,0.707,0.637,0.629,0.522
640,2009,Türkiye,99,TUR,0.859,0.625,0.701,0.63,0.623,0.522
640,2010,Türkiye,99,TUR,0.86,0.57,0.646,0.554,0.567,0.45699999999999996
640,2011,Türkiye,99,TUR,0.849,0.568,0.646,0.542,0.548,0.45699999999999996
640,2012,Türkiye,99,TUR,0.848,0.564,0.644,0.526,0.544,0.42500000000000004
640,2013,Türkiye,99,TUR,0.846,0.455,0.537,0.442,0.497,0.404
640,2014,Türkiye,99,TUR,0.784,0.431,0.539,0.375,0.417,0.351
640,2015,Türkiye,99,TUR,0.742,0.375,0.51,0.353,0.402,0.35
640,2016,Türkiye,99,TUR,0.703,0.187,0.358,0.216,0.277,0.265
640,2017,Türkiye,99,TUR,0.697,0.182,0.319,0.176,0.128,0.256
640,2018,Türkiye,99,TUR,0.68,0.214,0.317,0.198,0.134,0.256
640,2019,Türkiye,99,TUR,0.68,0.243,0.328,0.186,0.164,0.256
640,2020,Türkiye,99,TUR,0.681,0.228,0.343,0.191,0.194,0.238
640,2021,Türkiye,99,TUR,0.678,0.228,0.34,0.189,0.198,0.239
640,2022,Türkiye,99,TUR,0.675,0.24,0.332,0.184,0.164,0.22699999999999998
640,2023,Türkiye,99,TUR,0.694,0.29,0.354,0.174,0.129,0.30700000000000005
640,2024,Türkiye,99,TUR,0.695,0.289,0.349,0.179,0.147,0.31200000000000006
645,1968,Iraq,80,IRQ,0.124,0.099,0.354,0.129,0.232,0.279
645,1969,Iraq,80,IRQ,0.117,0.08,0.308,0.107,0.193,0.279
645,1970,Iraq,80,IRQ,0.109,0.08,0.279,0.104,0.196,0.29800000000000004
645,1971,Iraq,80,IRQ,0.116,0.08,0.279,0.104,0.195,0.31000000000000005
645,1972,Iraq,80,IRQ,0.112,0.08,0.279,0.104,0.19,0.31000000000000005
645,1973,Iraq,80,IRQ,0.11,0.08,0.279,0.112,0.189,0.31000000000000005
645,1974,Iraq,80,IRQ,0.112,0.08,0.279,0.115,0.188,0.31000000000000005
645,1975,Iraq,80,IRQ,0.114,0.08,0.279,0.104,0.194,0.31000000000000005
645,1976,Iraq,80,IRQ,0.109,0.08,0.279,0.11,0.185,0.31000000000000005
645,1977,Iraq,80,IRQ,0.112,0.08,0.279,0.095,0.191,0.31000000000000005
645,1978,Iraq,80,IRQ,0.111,0.08,0.279,0.095,0.193,0.31000000000000005
645,1979,Iraq,80,IRQ,0.109,0.037,0.251,0.075,0.179,0.277
645,1980,Iraq,80,IRQ,0.306,0.038,0.164,0.041,0.229,0.21599999999999997
645,1981,Iraq,80,IRQ,0.308,0.038,0.164,0.041,0.222,0.21599999999999997
645,1982,Iraq,80,IRQ,0.308,0.038,0.16,0.041,0.225,0.21599999999999997
645,1983,Iraq,80,IRQ,0.309,0.038,0.16,0.041,0.224,0.21599999999999997
645,1984,Iraq,80,IRQ,0.303,0.038,0.16,0.041,0.227,0.21599999999999997
645,1985,Iraq,80,IRQ,0.303,0.038,0.16,0.041,0.226,0.21599999999999997
645,1986,Iraq,80,IRQ,0.303,0.038,0.16,0.041,0.224,0.21599999999999997
645,1987,Iraq,80,IRQ,0.303,0.038,0.16,0.041,0.228,0.21599999999999997
645,1988,Iraq,80,IRQ,0.303,0.038,0.16,0.046,0.226,0.21599999999999997
645,1989,Iraq,80,IRQ,0.302,0.038,0.16,0.047,0.223,0.21599999999999997
645,1990,Iraq,80,IRQ,0.303,0.038,0.16,0.047,0.22,0.21599999999999997
645,1991,Iraq,80,IRQ,0.303,0.038,0.128,0.044,0.222,0.18400000000000005
645,1992,Iraq,80,IRQ,0.302,0.038,0.128,0.044,0.223,0.18400000000000005
645,1993,Iraq,80,IRQ,0.302,0.088,0.128,0.044,0.225,0.18400000000000005
645,1994,Iraq,80,IRQ,0.302,0.088,0.128,0.049,0.217,0.18400000000000005
645,1995,Iraq,80,IRQ,0.319,0.088,0.128,0.054,0.219,0.18400000000000005
645,1996,Iraq,80,IRQ,0.318,0.088,0.128,0.049,0.219,0.18400000000000005
645,1997,Iraq,80,IRQ,0.317,0.088,0.128,0.049,0.221,0.18400000000000005
645,1998,Iraq,80,IRQ,0.317,0.082,0.128,0.049,0.221,0.18400000000000005
645,1999,Iraq,80,IRQ,0.316,0.09,0.128,0.049,0.217,0.18400000000000005
645,2000,Iraq,80,IRQ,0.306,0.09,0.126,0.05,0.221,0.16200000000000003
645,2001,Iraq,80,IRQ,0.306,0.13,0.126,0.05,0.217,0.16200000000000003
645,2002,Iraq,80,IRQ,0.315,0.13,0.151,0.05,0.474,0.14
645,2003,Iraq,80,IRQ,0.4,0.417,0.447,0.265,0.499,0.11199999999999999
645,2004,Iraq,80,IRQ,0.224,0.699,0.393,0.636,0.48,0.16200000000000003
645,2005,Iraq,80,IRQ,0.743,0.699,0.37,0.652,0.705,0.16200000000000003
645,2006,Iraq,80,IRQ,0.743,0.699,0.363,0.652,0.788,0.16200000000000003
645,2007,Iraq,80,IRQ,0.745,0.699,0.363,0.652,0.791,0.16200000000000003
645,2008,Iraq,80,IRQ,0.745,0.703,0.363,0.657,0.788,0.16200000000000003
645,2009,Iraq,80,IRQ,0.744,0.703,0.368,0.651,0.786,0.16200000000000003
645,2010,Iraq,80,IRQ,0.738,0.714,0.372,0.629,0.787,0.16200000000000003
645,2011,Iraq,80,IRQ,0.736,0.706,0.367,0.62,0.78,0.16200000000000003
645,2012,Iraq,80,IRQ,0.736,0.72,0.367,0.618,0.784,0.16200000000000003
645,2013,Iraq,80,IRQ,0.727,0.686,0.344,0.63,0.702,0.127
645,2014,Iraq,80,IRQ,0.689,0.677,0.307,0.636,0.762,0.16400000000000003
645,2015,Iraq,80,IRQ,0.691,0.677,0.322,0.63,0.765,0.127
645,2016,Iraq,80,IRQ,0.685,0.71,0.378,0.657,0.775,0.127
645,2017,Iraq,80,IRQ,0.684,0.669,0.37,0.599,0.774,0.15100000000000002
645,2018,Iraq,80,IRQ,0.706,0.718,0.382,0.645,0.729,0.18300000000000005
645,2019,Iraq,80,IRQ,0.705,0.722,0.338,0.626,0.702,0.15700000000000003
645,2020,Iraq,80,IRQ,0.704,0.603,0.325,0.556,0.709,0.18000000000000005
645,2021,Iraq,80,IRQ,0.712,0.635,0.4,0.557,0.691,0.253
645,2022,Iraq,80,IRQ,0.708,0.635,0.419,0.563,0.544,0.253
645,2023,Iraq,80,IRQ,0.706,0.627,0.425,0.546,0.611,0.28200000000000003
645,2024,Iraq,80,IRQ,0.694,0.627,0.437,0.559,0.647,0.28200000000000003
651,1968,Egypt,13,EGY,0.451,0.115,0.406,0.14,0.542,0.41000000000000003
651,1969,Egypt,13,EGY,0.465,0.115,0.406,0.14,0.539,0.41000000000000003
651,1970,Egypt,13,EGY,0.463,0.184,0.419,0.181,0.549,0.352
651,1971,Egypt,13,EGY,0.461,0.184,0.426,0.223,0.638,0.352
651,1972,Egypt,13,EGY,0.466,0.184,0.431,0.239,0.641,0.352
651,1973,Egypt,13,EGY,0.465,0.197,0.431,0.241,0.644,0.352
651,1974,Egypt,13,EGY,0.465,0.197,0.417,0.241,0.64,0.352
651,1975,Egypt,13,EGY,0.466,0.197,0.417,0.241,0.641,0.352
651,1976,Egypt,13,EGY,0.501,0.197,0.417,0.266,0.639,0.352
651,1977,Egypt,13,EGY,0.508,0.209,0.406,0.251,0.639,0.352
651,1978,Egypt,13,EGY,0.509,0.209,0.39,0.246,0.64,0.352
651,1979,Egypt,13,EGY,0.454,0.209,0.39,0.246,0.643,0.352
651,1980,Egypt,13,EGY,0.225,0.209,0.395,0.286,0.642,0.22299999999999998
651,1981,Egypt,13,EGY,0.496,0.316,0.405,0.292,0.64,0.22299999999999998
651,1982,Egypt,13,EGY,0.501,0.316,0.411,0.292,0.633,0.22299999999999998
651,1983,Egypt,13,EGY,0.504,0.316,0.402,0.292,0.636,0.22299999999999998
651,1984,Egypt,13,EGY,0.492,0.316,0.406,0.292,0.636,0.22299999999999998
651,1985,Egypt,13,EGY,0.491,0.316,0.406,0.292,0.631,0.22299999999999998
651,1986,Egypt,13,EGY,0.492,0.316,0.422,0.323,0.637,0.22299999999999998
651,1987,Egypt,13,EGY,0.491,0.316,0.402,0.323,0.635,0.22299999999999998
651,1988,Egypt,13,EGY,0.492,0.316,0.402,0.323,0.638,0.22299999999999998
651,1989,Egypt,13,EGY,0.494,0.316,0.402,0.341,0.638,0.22299999999999998
651,1990,Egypt,13,EGY,0.441,0.316,0.405,0.341,0.54,0.18500000000000005
651,1991,Egypt,13,EGY,0.441,0.316,0.405,0.341,0.541,0.18500000000000005
651,1992,Egypt,13,EGY,0.439,0.316,0.405,0.341,0.535,0.18500000000000005
651,1993,Egypt,13,EGY,0.425,0.316,0.405,0.341,0.541,0.18500000000000005
651,1994,Egypt,13,EGY,0.426,0.316,0.379,0.354,0.535,0.18500000000000005
651,1995,Egypt,13,EGY,0.443,0.316,0.386,0.343,0.533,0.10799999999999998
651,1996,Egypt,13,EGY,0.443,0.316,0.386,0.343,0.534,0.10799999999999998
651,1997,Egypt,13,EGY,0.443,0.284,0.386,0.338,0.537,0.10799999999999998
651,1998,Egypt,13,EGY,0.444,0.332,0.376,0.338,0.541,0.10799999999999998
651,1999,Egypt,13,EGY,0.42,0.332,0.376,0.338,0.538,0.10799999999999998
651,2000,Egypt,13,EGY,0.396,0.303,0.366,0.357,0.523,0.10799999999999998
651,2001,Egypt,13,EGY,0.395,0.303,0.361,0.357,0.526,0.10799999999999998
651,2002,Egypt,13,EGY,0.398,0.31,0.361,0.357,0.522,0.10799999999999998
651,2003,Egypt,13,EGY,0.395,0.31,0.361,0.357,0.525,0.10799999999999998
651,2004,Egypt,13,EGY,0.395,0.328,0.361,0.363,0.523,0.10799999999999998
651,2005,Egypt,13,EGY,0.44,0.328,0.361,0.355,0.517,0.10799999999999998
651,2006,Egypt,13,EGY,0.431,0.328,0.361,0.354,0.523,0.10799999999999998
651,2007,Egypt,13,EGY,0.431,0.324,0.364,0.357,0.524,0.10799999999999998
651,2008,Egypt,13,EGY,0.431,0.324,0.363,0.357,0.522,0.10799999999999998
651,2009,Egypt,13,EGY,0.431,0.3,0.363,0.363,0.524,0.10799999999999998
651,2010,Egypt,13,EGY,0.391,0.3,0.36,0.377,0.521,0.10799999999999998
651,2011,Egypt,13,EGY,0.697,0.357,0.354,0.616,0.455,0.127
651,2012,Egypt,13,EGY,0.713,0.353,0.365,0.687,0.465,0.132
651,2013,Egypt,13,EGY,0.682,0.206,0.246,0.313,0.441,0.259
651,2014,Egypt,13,EGY,0.459,0.193,0.248,0.17,0.436,0.29000000000000004
651,2015,Egypt,13,EGY,0.383,0.187,0.253,0.161,0.571,0.19199999999999995
651,2016,Egypt,13,EGY,0.383,0.187,0.254,0.158,0.332,0.19599999999999995
651,2017,Egypt,13,EGY,0.385,0.166,0.238,0.155,0.341,0.19599999999999995
651,2018,Egypt,13,EGY,0.354,0.167,0.24,0.161,0.356,0.19599999999999995
651,2019,Egypt,13,EGY,0.356,0.182,0.262,0.143,0.375,0.19599999999999995
651,2020,Egypt,13,EGY,0.429,0.135,0.293,0.156,0.362,0.19599999999999995
651,2021,Egypt,13,EGY,0.43,0.135,0.283,0.151,0.386,0.21999999999999997
651,2022,Egypt,13,EGY,0.432,0.137,0.324,0.161,0.395,0.20299999999999996
651,2023,Egypt,13,EGY,0.451,0.134,0.313,0.172,0.4,0.20299999999999996
651,2024,Egypt,13,EGY,0.45,0.129,0.352,0.185,0.388,0.20299999999999996
652,1968,Syria,97,SYR,0.136,0.172,0.256,0.165,0.191,0.6819999999999999
652,1969,Syria,97,SYR,0.132,0.172,0.234,0.165,0.187,0.6819999999999999
652,1970,Syria,97,SYR,0.114,0.065,0.192,0.036,0.162,0.45999999999999996
652,1971,Syria,97,SYR,0.36,0.065,0.164,0.032,0.071,0.45999999999999996
652,1972,Syria,97,SYR,0.36,0.036,0.168,0.031,0.07,0.45999999999999996
652,1973,Syria,97,SYR,0.342,0.03,0.152,0.022,0.068,0.45999999999999996
652,1974,Syria,97,SYR,0.342,0.03,0.152,0.022,0.07,0.45999999999999996
652,1975,Syria,97,SYR,0.342,0.03,0.14,0.022,0.069,0.45999999999999996
652,1976,Syria,97,SYR,0.342,0.03,0.15,0.023,0.069,0.45999999999999996
652,1977,Syria,97,SYR,0.341,0.03,0.15,0.023,0.072,0.45999999999999996
652,1978,Syria,97,SYR,0.342,0.03,0.136,0.022,0.072,0.45999999999999996
652,1979,Syria,97,SYR,0.341,0.03,0.129,0.022,0.071,0.45999999999999996
652,1980,Syria,97,SYR,0.342,0.03,0.128,0.022,0.067,0.16900000000000004
652,1981,Syria,97,SYR,0.342,0.03,0.128,0.022,0.068,0.16900000000000004
652,1982,Syria,97,SYR,0.341,0.03,0.139,0.019,0.067,0.16900000000000004
652,1983,Syria,97,SYR,0.341,0.03,0.148,0.019,0.067,0.16900000000000004
652,1984,Syria,97,SYR,0.342,0.03,0.151,0.019,0.07,0.16900000000000004
652,1985,Syria,97,SYR,0.342,0.03,0.149,0.019,0.068,0.16900000000000004
652,1986,Syria,97,SYR,0.342,0.03,0.149,0.019,0.068,0.16900000000000004
652,1987,Syria,97,SYR,0.34,0.03,0.149,0.019,0.065,0.16900000000000004
652,1988,Syria,97,SYR,0.342,0.03,0.149,0.019,0.067,0.16900000000000004
652,1989,Syria,97,SYR,0.341,0.03,0.149,0.019,0.064,0.16900000000000004
652,1990,Syria,97,SYR,0.358,0.03,0.152,0.024,0.068,0.16900000000000004
652,1991,Syria,97,SYR,0.342,0.03,0.152,0.024,0.069,0.16900000000000004
652,1992,Syria,97,SYR,0.342,0.03,0.152,0.025,0.067,0.16900000000000004
652,1993,Syria,97,SYR,0.34,0.03,0.156,0.025,0.067,0.16900000000000004
652,1994,Syria,97,SYR,0.359,0.03,0.152,0.027,0.068,0.16900000000000004
652,1995,Syria,97,SYR,0.36,0.03,0.161,0.027,0.068,0.16900000000000004
652,1996,Syria,97,SYR,0.359,0.03,0.161,0.027,0.067,0.16900000000000004
652,1997,Syria,97,SYR,0.359,0.03,0.161,0.027,0.066,0.16900000000000004
652,1998,Syria,97,SYR,0.342,0.03,0.167,0.027,0.068,0.16900000000000004
652,1999,Syria,97,SYR,0.35,0.03,0.167,0.027,0.069,0.16900000000000004
652,2000,Syria,97,SYR,0.34,0.079,0.222,0.055,0.112,0.10999999999999999
652,2001,Syria,97,SYR,0.341,0.082,0.222,0.071,0.113,0.10999999999999999
652,2002,Syria,97,SYR,0.341,0.082,0.222,0.053,0.111,0.10999999999999999
652,2003,Syria,97,SYR,0.341,0.082,0.212,0.06,0.111,0.10999999999999999
652,2004,Syria,97,SYR,0.34,0.082,0.203,0.06,0.11,0.10999999999999999
652,2005,Syria,97,SYR,0.342,0.082,0.211,0.044,0.114,0.10999999999999999
652,2006,Syria,97,SYR,0.342,0.082,0.211,0.044,0.114,0.10999999999999999
652,2007,Syria,97,SYR,0.311,0.082,0.211,0.044,0.112,0.10999999999999999
652,2008,Syria,97,SYR,0.311,0.082,0.211,0.044,0.111,0.10999999999999999
652,2009,Syria,97,SYR,0.311,0.082,0.211,0.044,0.11,0.11299999999999999
652,2010,Syria,97,SYR,0.31,0.084,0.21,0.043,0.112,0.11599999999999999
652,2011,Syria,97,SYR,0.311,0.078,0.105,0.049,0.11,0.11299999999999999
652,2012,Syria,97,SYR,0.31,0.059,0.074,0.048,0.086,0.09799999999999998
652,2013,Syria,97,SYR,0.139,0.038,0.043,0.031,0.067,0.07499999999999996
652,2014,Syria,97,SYR,0.139,0.049,0.041,0.036,0.077,0.07499999999999996
652,2015,Syria,97,SYR,0.139,0.038,0.04,0.034,0.085,0.07499999999999996
652,2016,Syria,97,SYR,0.141,0.031,0.04,0.035,0.087,0.07499999999999996
652,2017,Syria,97,SYR,0.14,0.024,0.043,0.04,0.088,0.07499999999999996
652,2018,Syria,97,SYR,0.143,0.027,0.043,0.032,0.092,0.07499999999999996
652,2019,Syria,97,SYR,0.134,0.029,0.046,0.039,0.091,0.137
652,2020,Syria,97,SYR,0.137,0.057,0.047,0.044,0.166,0.138
652,2021,Syria,97,SYR,0.135,0.028,0.083,0.038,0.156,0.09599999999999997
652,2022,Syria,97,SYR,0.126,0.048,0.069,0.033,0.118,0.07499999999999996
652,2023,Syria,97,SYR,0.141,0.085,0.106,0.082,0.187,0.08399999999999996
652,2024,Syria,97,SYR,NA,0.133,0.097,0.069,NA,0.276
660,1968,Lebanon,44,LBN,0.639,0.418,0.638,0.665,0.561,0.56
660,1969,Lebanon,44,LBN,0.64,0.418,0.638,0.665,0.562,0.56
660,1970,Lebanon,44,LBN,0.64,0.434,0.638,0.675,0.51,0.32199999999999995
660,1971,Lebanon,44,LBN,0.642,0.434,0.638,0.675,0.507,0.32199999999999995
660,1972,Lebanon,44,LBN,0.606,0.434,0.638,0.675,0.507,0.32199999999999995
660,1973,Lebanon,44,LBN,0.607,0.434,0.638,0.675,0.507,0.32199999999999995
660,1974,Lebanon,44,LBN,0.607,0.434,0.638,0.675,0.507,0.32199999999999995
660,1975,Lebanon,44,LBN,0.578,0.407,0.578,0.688,0.511,0.30600000000000005
660,1976,Lebanon,44,LBN,0.566,0.379,0.513,0.677,0.543,0.5329999999999999
660,1977,Lebanon,44,LBN,0.566,0.379,0.513,0.677,0.551,0.5329999999999999
660,1978,Lebanon,44,LBN,0.568,0.379,0.513,0.677,0.549,0.5329999999999999
660,1979,Lebanon,44,LBN,0.564,0.379,0.513,0.677,0.549,0.5329999999999999
660,1980,Lebanon,44,LBN,0.566,0.379,0.513,0.677,0.55,0.5329999999999999
660,1981,Lebanon,44,LBN,0.565,0.379,0.513,0.677,0.547,0.5329999999999999
660,1982,Lebanon,44,LBN,0.567,0.379,0.513,0.677,0.495,0.5329999999999999
660,1983,Lebanon,44,LBN,0.565,0.379,0.513,0.677,0.491,0.17900000000000005
660,1984,Lebanon,44,LBN,0.565,0.379,0.513,0.677,0.489,0.17900000000000005
660,1985,Lebanon,44,LBN,0.566,0.379,0.513,0.677,0.496,0.17900000000000005
660,1986,Lebanon,44,LBN,0.567,0.379,0.513,0.677,0.491,0.17900000000000005
660,1987,Lebanon,44,LBN,0.565,0.379,0.513,0.677,0.495,0.17900000000000005
660,1988,Lebanon,44,LBN,0.566,0.379,0.513,0.677,0.494,0.17900000000000005
660,1989,Lebanon,44,LBN,0.565,0.379,0.513,0.677,0.492,0.17900000000000005
660,1990,Lebanon,44,LBN,0.571,0.548,0.535,0.656,0.509,0.20299999999999996
660,1991,Lebanon,44,LBN,0.569,0.522,0.535,0.629,0.506,0.20299999999999996
660,1992,Lebanon,44,LBN,0.488,0.554,0.535,0.644,0.511,0.20299999999999996
660,1993,Lebanon,44,LBN,0.489,0.554,0.535,0.657,0.515,0.20299999999999996
660,1994,Lebanon,44,LBN,0.491,0.554,0.535,0.629,0.517,0.20299999999999996
660,1995,Lebanon,44,LBN,0.489,0.554,0.535,0.629,0.516,0.20299999999999996
660,1996,Lebanon,44,LBN,0.498,0.554,0.535,0.629,0.513,0.20299999999999996
660,1997,Lebanon,44,LBN,0.495,0.554,0.535,0.629,0.515,0.20299999999999996
660,1998,Lebanon,44,LBN,0.495,0.554,0.535,0.629,0.515,0.20299999999999996
660,1999,Lebanon,44,LBN,0.495,0.554,0.535,0.629,0.517,0.20299999999999996
660,2000,Lebanon,44,LBN,0.629,0.554,0.535,0.611,0.518,0.20299999999999996
660,2001,Lebanon,44,LBN,0.634,0.554,0.534,0.627,0.523,0.20299999999999996
660,2002,Lebanon,44,LBN,0.634,0.536,0.534,0.625,0.52,0.20299999999999996
660,2003,Lebanon,44,LBN,0.635,0.536,0.534,0.625,0.52,0.20299999999999996
660,2004,Lebanon,44,LBN,0.635,0.536,0.534,0.625,0.516,0.20299999999999996
660,2005,Lebanon,44,LBN,0.695,0.623,0.56,0.715,0.516,0.252
660,2006,Lebanon,44,LBN,0.704,0.725,0.565,0.765,0.528,0.252
660,2007,Lebanon,44,LBN,0.703,0.765,0.58,0.755,0.528,0.252
660,2008,Lebanon,44,LBN,0.702,0.782,0.57,0.77,0.528,0.252
660,2009,Lebanon,44,LBN,0.725,0.802,0.598,0.781,0.532,0.252
660,2010,Lebanon,44,LBN,0.727,0.822,0.605,0.767,0.531,0.252
660,2011,Lebanon,44,LBN,0.728,0.832,0.607,0.783,0.524,0.252
660,2012,Lebanon,44,LBN,0.729,0.842,0.602,0.777,0.537,0.252
660,2013,Lebanon,44,LBN,0.746,0.794,0.601,0.777,0.557,0.252
660,2014,Lebanon,44,LBN,0.746,0.794,0.609,0.777,0.559,0.252
660,2015,Lebanon,44,LBN,0.746,0.767,0.572,0.764,0.55,0.252
660,2016,Lebanon,44,LBN,0.742,0.793,0.612,0.742,0.552,0.252
660,2017,Lebanon,44,LBN,0.754,0.724,0.638,0.722,0.554,0.241
660,2018,Lebanon,44,LBN,0.702,0.718,0.622,0.714,0.563,0.23199999999999998
660,2019,Lebanon,44,LBN,0.699,0.763,0.601,0.725,0.566,0.20799999999999996
660,2020,Lebanon,44,LBN,0.702,0.797,0.594,0.724,0.57,0.20799999999999996
660,2021,Lebanon,44,LBN,0.695,0.788,0.599,0.729,0.541,0.19299999999999995
660,2022,Lebanon,44,LBN,0.694,0.776,0.565,0.68,0.527,0.19399999999999995
660,2023,Lebanon,44,LBN,0.697,0.801,0.562,0.73,0.566,0.20399999999999996
660,2024,Lebanon,44,LBN,0.679,0.796,0.565,0.72,0.367,0.09399999999999997
663,1968,Jordan,83,JOR,0.466,0.304,0.559,0.238,0.674,0.5640000000000001
663,1969,Jordan,83,JOR,0.466,0.304,0.559,0.238,0.672,0.5640000000000001
663,1970,Jordan,83,JOR,0.465,0.307,0.606,0.242,0.639,0.5640000000000001
663,1971,Jordan,83,JOR,0.465,0.302,0.648,0.217,0.635,0.5640000000000001
663,1972,Jordan,83,JOR,0.467,0.302,0.598,0.217,0.642,0.5640000000000001
663,1973,Jordan,83,JOR,0.466,0.302,0.598,0.217,0.638,0.5640000000000001
663,1974,Jordan,83,JOR,0.466,0.302,0.598,0.217,0.641,0.5640000000000001
663,1975,Jordan,83,JOR,0.186,0.302,0.598,0.217,0.603,0.5640000000000001
663,1976,Jordan,83,JOR,0.187,0.302,0.598,0.217,0.603,0.5640000000000001
663,1977,Jordan,83,JOR,0.184,0.302,0.598,0.217,0.599,0.5640000000000001
663,1978,Jordan,83,JOR,0.183,0.302,0.598,0.217,0.604,0.5640000000000001
663,1979,Jordan,83,JOR,0.184,0.302,0.598,0.217,0.602,0.5640000000000001
663,1980,Jordan,83,JOR,0.187,0.302,0.679,0.211,0.593,0.5640000000000001
663,1981,Jordan,83,JOR,0.185,0.302,0.679,0.211,0.601,0.5640000000000001
663,1982,Jordan,83,JOR,0.181,0.302,0.679,0.211,0.603,0.5640000000000001
663,1983,Jordan,83,JOR,0.187,0.302,0.679,0.211,0.599,0.5640000000000001
663,1984,Jordan,83,JOR,0.186,0.302,0.679,0.211,0.639,0.5640000000000001
663,1985,Jordan,83,JOR,0.186,0.302,0.679,0.211,0.67,0.5640000000000001
663,1986,Jordan,83,JOR,0.184,0.302,0.679,0.211,0.674,0.5640000000000001
663,1987,Jordan,83,JOR,0.183,0.302,0.679,0.211,0.666,0.5640000000000001
663,1988,Jordan,83,JOR,0.184,0.283,0.679,0.229,0.669,0.5640000000000001
663,1989,Jordan,83,JOR,0.631,0.359,0.679,0.295,0.669,0.5640000000000001
663,1990,Jordan,83,JOR,0.629,0.49,0.685,0.416,0.666,0.634
663,1991,Jordan,83,JOR,0.632,0.49,0.685,0.416,0.664,0.634
663,1992,Jordan,83,JOR,0.637,0.481,0.685,0.416,0.665,0.634
663,1993,Jordan,83,JOR,0.641,0.481,0.685,0.41,0.664,0.634
663,1994,Jordan,83,JOR,0.642,0.481,0.685,0.418,0.67,0.634
663,1995,Jordan,83,JOR,0.643,0.481,0.685,0.418,0.667,0.634
663,1996,Jordan,83,JOR,0.642,0.481,0.685,0.418,0.665,0.634
663,1997,Jordan,83,JOR,0.635,0.481,0.685,0.403,0.666,0.634
663,1998,Jordan,83,JOR,0.631,0.481,0.685,0.42,0.665,0.634
663,1999,Jordan,83,JOR,0.631,0.443,0.695,0.417,0.663,0.636
663,2000,Jordan,83,JOR,0.219,0.443,0.715,0.474,0.631,0.636
663,2001,Jordan,83,JOR,0.219,0.443,0.715,0.467,0.629,0.481
663,2002,Jordan,83,JOR,0.222,0.443,0.715,0.467,0.631,0.481
663,2003,Jordan,83,JOR,0.63,0.443,0.706,0.467,0.668,0.481
663,2004,Jordan,83,JOR,0.632,0.443,0.706,0.467,0.668,0.481
663,2005,Jordan,83,JOR,0.63,0.443,0.692,0.467,0.676,0.481
663,2006,Jordan,83,JOR,0.631,0.501,0.692,0.467,0.674,0.481
663,2007,Jordan,83,JOR,0.622,0.501,0.692,0.467,0.674,0.481
663,2008,Jordan,83,JOR,0.623,0.501,0.692,0.485,0.674,0.481
663,2009,Jordan,83,JOR,0.622,0.501,0.692,0.493,0.678,0.481
663,2010,Jordan,83,JOR,0.64,0.501,0.711,0.541,0.674,0.487
663,2011,Jordan,83,JOR,0.654,0.501,0.712,0.569,0.693,0.487
663,2012,Jordan,83,JOR,0.657,0.542,0.711,0.569,0.707,0.487
663,2013,Jordan,83,JOR,0.696,0.555,0.732,0.547,0.687,0.47
663,2014,Jordan,83,JOR,0.694,0.56,0.732,0.547,0.694,0.47
663,2015,Jordan,83,JOR,0.694,0.574,0.732,0.55,0.688,0.47
663,2016,Jordan,83,JOR,0.708,0.574,0.722,0.565,0.72,0.493
663,2017,Jordan,83,JOR,0.709,0.574,0.724,0.567,0.721,0.502
663,2018,Jordan,83,JOR,0.709,0.556,0.735,0.57,0.766,0.502
663,2019,Jordan,83,JOR,0.702,0.555,0.741,0.571,0.749,0.502
663,2020,Jordan,83,JOR,0.707,0.547,0.735,0.559,0.748,0.502
663,2021,Jordan,83,JOR,0.707,0.547,0.767,0.542,0.751,0.504
663,2022,Jordan,83,JOR,0.708,0.523,0.768,0.545,0.751,0.5369999999999999
663,2023,Jordan,83,JOR,0.705,0.529,0.774,0.528,0.806,0.5369999999999999
663,2024,Jordan,83,JOR,0.787,0.525,0.774,0.582,0.843,0.669
666,1968,Israel,169,ISR,0.899,0.75,0.877,0.689,0.926,0.8069999999999999
666,1969,Israel,169,ISR,0.906,0.75,0.877,0.689,0.926,0.8069999999999999
666,1970,Israel,169,ISR,0.906,0.789,0.877,0.714,0.925,0.8069999999999999
666,1971,Israel,169,ISR,0.907,0.789,0.877,0.714,0.924,0.8069999999999999
666,1972,Israel,169,ISR,0.906,0.789,0.877,0.739,0.932,0.8069999999999999
666,1973,Israel,169,ISR,0.916,0.789,0.877,0.739,0.957,0.8069999999999999
666,1974,Israel,169,ISR,0.917,0.789,0.877,0.839,0.955,0.8069999999999999
666,1975,Israel,169,ISR,0.917,0.789,0.877,0.839,0.957,0.8069999999999999
666,1976,Israel,169,ISR,0.917,0.789,0.888,0.839,0.956,0.8069999999999999
666,1977,Israel,169,ISR,0.917,0.789,0.888,0.845,0.957,0.8069999999999999
666,1978,Israel,169,ISR,0.918,0.789,0.892,0.845,0.957,0.8069999999999999
666,1979,Israel,169,ISR,0.917,0.789,0.892,0.845,0.957,0.8069999999999999
666,1980,Israel,169,ISR,0.918,0.789,0.892,0.845,0.959,0.8069999999999999
666,1981,Israel,169,ISR,0.918,0.789,0.892,0.845,0.959,0.8069999999999999
666,1982,Israel,169,ISR,0.918,0.789,0.892,0.845,0.959,0.8069999999999999
666,1983,Israel,169,ISR,0.918,0.789,0.892,0.845,0.959,0.8069999999999999
666,1984,Israel,169,ISR,0.918,0.789,0.892,0.845,0.958,0.8069999999999999
666,1985,Israel,169,ISR,0.918,0.789,0.892,0.829,0.965,0.907
666,1986,Israel,169,ISR,0.919,0.789,0.892,0.844,0.964,0.907
666,1987,Israel,169,ISR,0.918,0.789,0.892,0.853,0.965,0.907
666,1988,Israel,169,ISR,0.918,0.801,0.892,0.853,0.965,0.907
666,1989,Israel,169,ISR,0.918,0.824,0.892,0.853,0.965,0.907
666,1990,Israel,169,ISR,0.918,0.806,0.892,0.853,0.965,0.907
666,1991,Israel,169,ISR,0.918,0.806,0.892,0.863,0.965,0.907
666,1992,Israel,169,ISR,0.918,0.806,0.892,0.863,0.965,0.907
666,1993,Israel,169,ISR,0.918,0.806,0.902,0.863,0.965,0.907
666,1994,Israel,169,ISR,0.919,0.857,0.902,0.868,0.965,0.907
666,1995,Israel,169,ISR,0.918,0.857,0.902,0.868,0.965,0.907
666,1996,Israel,169,ISR,0.918,0.857,0.902,0.868,0.963,0.907
666,1997,Israel,169,ISR,0.917,0.857,0.902,0.868,0.965,0.907
666,1998,Israel,169,ISR,0.918,0.857,0.902,0.868,0.965,0.907
666,1999,Israel,169,ISR,0.918,0.857,0.902,0.868,0.964,0.907
666,2000,Israel,169,ISR,0.917,0.836,0.912,0.868,0.964,0.907
666,2001,Israel,169,ISR,0.918,0.75,0.912,0.871,0.964,0.907
666,2002,Israel,169,ISR,0.918,0.757,0.912,0.869,0.965,0.907
666,2003,Israel,169,ISR,0.917,0.757,0.912,0.869,0.965,0.907
666,2004,Israel,169,ISR,0.918,0.757,0.912,0.869,0.965,0.907
666,2005,Israel,169,ISR,0.917,0.757,0.912,0.869,0.965,0.907
666,2006,Israel,169,ISR,0.918,0.757,0.912,0.869,0.965,0.907
666,2007,Israel,169,ISR,0.917,0.757,0.912,0.862,0.964,0.907
666,2008,Israel,169,ISR,0.918,0.757,0.912,0.862,0.965,0.907
666,2009,Israel,169,ISR,0.916,0.757,0.912,0.862,0.963,0.907
666,2010,Israel,169,ISR,0.917,0.715,0.908,0.85,0.956,0.907
666,2011,Israel,169,ISR,0.916,0.715,0.908,0.85,0.957,0.907
666,2012,Israel,169,ISR,0.916,0.715,0.908,0.856,0.956,0.907
666,2013,Israel,169,ISR,0.91,0.713,0.9,0.84,0.953,0.907
666,2014,Israel,169,ISR,0.911,0.713,0.9,0.84,0.953,0.907
666,2015,Israel,169,ISR,0.907,0.713,0.902,0.838,0.951,0.907
666,2016,Israel,169,ISR,0.908,0.713,0.899,0.834,0.948,0.907
666,2017,Israel,169,ISR,0.906,0.692,0.893,0.831,0.951,0.907
666,2018,Israel,169,ISR,0.899,0.688,0.891,0.831,0.952,0.907
666,2019,Israel,169,ISR,0.878,0.688,0.893,0.835,0.946,0.921
666,2020,Israel,169,ISR,0.911,0.688,0.906,0.851,0.952,0.922
666,2021,Israel,169,ISR,0.907,0.771,0.92,0.851,0.949,0.922
666,2022,Israel,169,ISR,0.905,0.771,0.93,0.851,0.953,0.944
666,2023,Israel,169,ISR,0.904,0.755,0.868,0.843,0.951,0.893
666,2024,Israel,169,ISR,0.906,0.755,0.836,0.835,0.937,0.91
670,1968,Saudi Arabia,197,SAU,0.062,0.15,0.145,0.071,0.134,0.375
670,1969,Saudi Arabia,197,SAU,0.06,0.15,0.145,0.071,0.135,0.375
670,1970,Saudi Arabia,197,SAU,0.064,0.114,0.14,0.071,0.131,0.375
670,1971,Saudi Arabia,197,SAU,0.062,0.114,0.14,0.071,0.136,0.375
670,1972,Saudi Arabia,197,SAU,0.061,0.114,0.14,0.071,0.133,0.375
670,1973,Saudi Arabia,197,SAU,0.062,0.114,0.14,0.071,0.128,0.375
670,1974,Saudi Arabia,197,SAU,0.059,0.114,0.134,0.079,0.128,0.375
670,1975,Saudi Arabia,197,SAU,0.061,0.083,0.138,0.068,0.131,0.355
670,1976,Saudi Arabia,197,SAU,0.058,0.083,0.138,0.068,0.131,0.355
670,1977,Saudi Arabia,197,SAU,0.063,0.083,0.138,0.068,0.128,0.355
670,1978,Saudi Arabia,197,SAU,0.062,0.083,0.138,0.068,0.128,0.355
670,1979,Saudi Arabia,197,SAU,0.062,0.083,0.138,0.079,0.132,0.355
670,1980,Saudi Arabia,197,SAU,0.061,0.094,0.141,0.079,0.127,0.355
670,1981,Saudi Arabia,197,SAU,0.061,0.094,0.147,0.079,0.132,0.355
670,1982,Saudi Arabia,197,SAU,0.062,0.094,0.147,0.079,0.13,0.355
670,1983,Saudi Arabia,197,SAU,0.062,0.091,0.139,0.079,0.128,0.355
670,1984,Saudi Arabia,197,SAU,0.06,0.091,0.139,0.079,0.127,0.355
670,1985,Saudi Arabia,197,SAU,0.06,0.091,0.139,0.079,0.129,0.355
670,1986,Saudi Arabia,197,SAU,0.061,0.091,0.143,0.079,0.13,0.355
670,1987,Saudi Arabia,197,SAU,0.061,0.091,0.143,0.079,0.128,0.355
670,1988,Saudi Arabia,197,SAU,0.061,0.091,0.143,0.079,0.126,0.355
670,1989,Saudi Arabia,197,SAU,0.06,0.091,0.143,0.079,0.128,0.355
670,1990,Saudi Arabia,197,SAU,0.061,0.108,0.143,0.075,0.129,0.355
670,1991,Saudi Arabia,197,SAU,0.063,0.108,0.142,0.078,0.129,0.355
670,1992,Saudi Arabia,197,SAU,0.06,0.108,0.142,0.078,0.17,0.355
670,1993,Saudi Arabia,197,SAU,0.061,0.108,0.142,0.096,0.168,0.355
670,1994,Saudi Arabia,197,SAU,0.062,0.107,0.142,0.096,0.17,0.355
670,1995,Saudi Arabia,197,SAU,0.062,0.107,0.142,0.09,0.169,0.355
670,1996,Saudi Arabia,197,SAU,0.061,0.107,0.142,0.097,0.166,0.355
670,1997,Saudi Arabia,197,SAU,0.062,0.107,0.142,0.097,0.166,0.355
670,1998,Saudi Arabia,197,SAU,0.064,0.107,0.142,0.097,0.171,0.355
670,1999,Saudi Arabia,197,SAU,0.062,0.107,0.142,0.097,0.17,0.355
670,2000,Saudi Arabia,197,SAU,0.061,0.107,0.147,0.108,0.166,0.355
670,2001,Saudi Arabia,197,SAU,0.06,0.106,0.141,0.111,0.181,0.355
670,2002,Saudi Arabia,197,SAU,0.06,0.106,0.132,0.111,0.181,0.355
670,2003,Saudi Arabia,197,SAU,0.062,0.106,0.132,0.111,0.182,0.355
670,2004,Saudi Arabia,197,SAU,0.06,0.106,0.132,0.111,0.18,0.355
670,2005,Saudi Arabia,197,SAU,0.059,0.11,0.168,0.121,0.181,0.355
670,2006,Saudi Arabia,197,SAU,0.061,0.11,0.167,0.123,0.181,0.355
670,2007,Saudi Arabia,197,SAU,0.062,0.11,0.174,0.122,0.18,0.355
670,2008,Saudi Arabia,197,SAU,0.061,0.11,0.171,0.124,0.186,0.355
670,2009,Saudi Arabia,197,SAU,0.061,0.115,0.175,0.124,0.184,0.355
670,2010,Saudi Arabia,197,SAU,0.061,0.115,0.176,0.127,0.187,0.355
670,2011,Saudi Arabia,197,SAU,0.06,0.115,0.176,0.126,0.185,0.355
670,2012,Saudi Arabia,197,SAU,0.062,0.115,0.181,0.124,0.183,0.355
670,2013,Saudi Arabia,197,SAU,0.061,0.105,0.19,0.114,0.186,0.355
670,2014,Saudi Arabia,197,SAU,0.062,0.126,0.19,0.109,0.186,0.355
670,2015,Saudi Arabia,197,SAU,0.062,0.126,0.19,0.094,0.187,0.355
670,2016,Saudi Arabia,197,SAU,0.061,0.126,0.189,0.094,0.157,0.355
670,2017,Saudi Arabia,197,SAU,0.062,0.126,0.183,0.082,0.145,0.355
670,2018,Saudi Arabia,197,SAU,0.06,0.126,0.168,0.091,0.149,0.38
670,2019,Saudi Arabia,197,SAU,0.057,0.105,0.199,0.091,0.142,0.41100000000000003
670,2020,Saudi Arabia,197,SAU,0.053,0.121,0.18,0.088,0.148,0.471
670,2021,Saudi Arabia,197,SAU,0.057,0.121,0.178,0.088,0.15,0.471
670,2022,Saudi Arabia,197,SAU,0.053,0.121,0.194,0.088,0.149,0.573
670,2023,Saudi Arabia,197,SAU,0.05,0.146,0.193,0.088,0.149,0.573
670,2024,Saudi Arabia,197,SAU,0.056,0.146,0.204,0.088,0.148,0.573
678,1968,Yemen,14,YEM,0.067,0.227,0.145,0.149,0.322,0.876
678,1969,Yemen,14,YEM,0.072,0.227,0.145,0.163,0.317,0.876
678,1970,Yemen,14,YEM,0.07,0.227,0.145,0.168,0.321,0.876
678,1971,Yemen,14,YEM,0.446,0.227,0.149,0.168,0.322,0.876
678,1972,Yemen,14,YEM,0.448,0.227,0.149,0.168,0.274,0.876
678,1973,Yemen,14,YEM,0.449,0.227,0.154,0.168,0.275,0.876
678,1974,Yemen,14,YEM,0.447,0.227,0.158,0.18,0.289,0.977
678,1975,Yemen,14,YEM,0.072,0.178,0.191,0.197,0.579,0.989
678,1976,Yemen,14,YEM,0.072,0.178,0.191,0.197,0.576,0.989
678,1977,Yemen,14,YEM,0.072,0.178,0.201,0.183,0.581,0.989
678,1978,Yemen,14,YEM,0.074,0.178,0.132,0.168,0.331,0.823
678,1979,Yemen,14,YEM,0.07,0.178,0.144,0.158,0.323,0.727
678,1980,Yemen,14,YEM,0.074,0.178,0.144,0.167,0.32,0.727
678,1981,Yemen,14,YEM,0.075,0.178,0.144,0.167,0.324,0.727
678,1982,Yemen,14,YEM,0.073,0.178,0.149,0.167,0.325,0.727
678,1983,Yemen,14,YEM,0.075,0.178,0.149,0.167,0.321,0.727
678,1984,Yemen,14,YEM,0.075,0.178,0.149,0.167,0.323,0.727
678,1985,Yemen,14,YEM,0.074,0.178,0.149,0.167,0.326,0.727
678,1986,Yemen,14,YEM,0.075,0.178,0.149,0.167,0.325,0.6859999999999999
678,1987,Yemen,14,YEM,0.072,0.178,0.149,0.167,0.317,0.6859999999999999
678,1988,Yemen,14,YEM,0.391,0.178,0.149,0.167,0.317,0.6859999999999999
678,1989,Yemen,14,YEM,0.393,0.178,0.149,0.167,0.317,0.6859999999999999
678,1990,Yemen,14,YEM,0.498,0.223,0.189,0.242,0.501,0.496
678,1991,Yemen,14,YEM,0.529,0.463,0.277,0.458,0.561,0.45599999999999996
678,1992,Yemen,14,YEM,0.53,0.463,0.277,0.448,0.563,0.45599999999999996
678,1993,Yemen,14,YEM,0.682,0.463,0.279,0.448,0.554,0.45599999999999996
678,1994,Yemen,14,YEM,0.68,0.463,0.236,0.431,0.457,0.45599999999999996
678,1995,Yemen,14,YEM,0.603,0.463,0.262,0.429,0.393,0.17700000000000005
678,1996,Yemen,14,YEM,0.603,0.463,0.262,0.429,0.39,0.17700000000000005
678,1997,Yemen,14,YEM,0.518,0.463,0.262,0.429,0.49,0.17700000000000005
678,1998,Yemen,14,YEM,0.519,0.463,0.262,0.429,0.482,0.17700000000000005
678,1999,Yemen,14,YEM,0.49,0.463,0.262,0.429,0.487,0.17700000000000005
678,2000,Yemen,14,YEM,0.489,0.463,0.262,0.429,0.52,0.17700000000000005
678,2001,Yemen,14,YEM,0.491,0.463,0.262,0.422,0.525,0.17700000000000005
678,2002,Yemen,14,YEM,0.49,0.463,0.265,0.422,0.522,0.17700000000000005
678,2003,Yemen,14,YEM,0.579,0.463,0.265,0.422,0.513,0.17700000000000005
678,2004,Yemen,14,YEM,0.579,0.463,0.265,0.422,0.516,0.17700000000000005
678,2005,Yemen,14,YEM,0.579,0.463,0.265,0.421,0.515,0.17700000000000005
678,2006,Yemen,14,YEM,0.585,0.463,0.265,0.426,0.514,0.17700000000000005
678,2007,Yemen,14,YEM,0.584,0.441,0.265,0.43,0.514,0.17700000000000005
678,2008,Yemen,14,YEM,0.584,0.463,0.265,0.43,0.513,0.17700000000000005
678,2009,Yemen,14,YEM,0.585,0.463,0.265,0.43,0.514,0.17700000000000005
678,2010,Yemen,14,YEM,0.584,0.502,0.255,0.423,0.519,0.17700000000000005
678,2011,Yemen,14,YEM,0.596,0.592,0.228,0.496,0.373,0.18500000000000005
678,2012,Yemen,14,YEM,0.592,0.698,0.298,0.55,0.354,0.18500000000000005
678,2013,Yemen,14,YEM,0.581,0.603,0.268,0.505,0.303,0.16300000000000003
678,2014,Yemen,14,YEM,0.564,0.456,0.152,0.42,0.271,0.16300000000000003
678,2015,Yemen,14,YEM,0.545,0.279,0.078,0.169,0.278,0.16300000000000003
678,2016,Yemen,14,YEM,0.198,0.241,0.07,0.158,0.164,0.17100000000000004
678,2017,Yemen,14,YEM,0.2,0.253,0.064,0.133,0.167,0.15800000000000003
678,2018,Yemen,14,YEM,0.203,0.253,0.066,0.147,0.156,0.15800000000000003
678,2019,Yemen,14,YEM,0.198,0.243,0.074,0.187,0.165,0.19199999999999995
678,2020,Yemen,14,YEM,0.2,0.259,0.063,0.151,0.132,0.16300000000000003
678,2021,Yemen,14,YEM,0.202,0.248,0.063,0.149,0.122,0.10199999999999998
678,2022,Yemen,14,YEM,0.204,0.292,0.081,0.205,0.148,0.126
678,2023,Yemen,14,YEM,0.2,0.299,0.107,0.249,0.135,0.12
678,2024,Yemen,14,YEM,0.2,0.3,0.107,0.245,0.192,0.18799999999999994
680,1968,South Yemen,23,YMD,0.128,0.099,0.222,0.044,0.479,0.843
680,1969,South Yemen,23,YMD,0.126,0.099,0.222,0.044,0.475,0.843
680,1970,South Yemen,23,YMD,0.126,0.112,0.222,0.059,0.375,0.843
680,1971,South Yemen,23,YMD,0.125,0.112,0.216,0.052,0.382,0.843
680,1972,South Yemen,23,YMD,0.128,0.112,0.216,0.052,0.373,0.843
680,1973,South Yemen,23,YMD,0.129,0.112,0.216,0.052,0.375,0.843
680,1974,South Yemen,23,YMD,0.131,0.112,0.216,0.052,0.383,0.843
680,1975,South Yemen,23,YMD,0.129,0.112,0.216,0.052,0.386,0.843
680,1976,South Yemen,23,YMD,0.13,0.112,0.216,0.052,0.393,0.843
680,1977,South Yemen,23,YMD,0.13,0.112,0.216,0.052,0.382,0.843
680,1978,South Yemen,23,YMD,0.452,0.112,0.216,0.052,0.352,0.896
680,1979,South Yemen,23,YMD,0.472,0.112,0.216,0.052,0.358,0.951
680,1980,South Yemen,23,YMD,0.469,0.112,0.216,0.058,0.415,0.951
680,1981,South Yemen,23,YMD,0.466,0.112,0.216,0.058,0.456,0.951
680,1982,South Yemen,23,YMD,0.465,0.105,0.216,0.058,0.456,0.951
680,1983,South Yemen,23,YMD,0.467,0.105,0.216,0.058,0.453,0.951
680,1984,South Yemen,23,YMD,0.467,0.105,0.216,0.058,0.458,0.951
680,1985,South Yemen,23,YMD,0.468,0.105,0.216,0.058,0.454,0.951
680,1986,South Yemen,23,YMD,0.493,0.105,0.206,0.054,0.393,0.951
680,1987,South Yemen,23,YMD,0.494,0.105,0.223,0.054,0.399,0.951
680,1988,South Yemen,23,YMD,0.494,0.105,0.223,0.054,0.395,0.951
680,1989,South Yemen,23,YMD,0.495,0.105,0.223,0.054,0.397,0.951
680,1990,South Yemen,23,YMD,0.54,0.121,0.223,0.093,0.398,0.951
690,1968,Kuwait,171,KWT,0.677,0.479,0.716,0.673,0.827,0.727
690,1969,Kuwait,171,KWT,0.676,0.479,0.716,0.673,0.83,0.727
690,1970,Kuwait,171,KWT,0.692,0.479,0.716,0.673,0.826,0.727
690,1971,Kuwait,171,KWT,0.764,0.479,0.716,0.673,0.83,0.727
690,1972,Kuwait,171,KWT,0.764,0.479,0.716,0.677,0.824,0.727
690,1973,Kuwait,171,KWT,0.765,0.479,0.716,0.677,0.814,0.727
690,1974,Kuwait,171,KWT,0.764,0.479,0.716,0.677,0.817,0.727
690,1975,Kuwait,171,KWT,0.766,0.479,0.706,0.677,0.815,0.727
690,1976,Kuwait,171,KWT,0.112,0.479,0.686,0.665,0.729,0.727
690,1977,Kuwait,171,KWT,0.112,0.479,0.674,0.652,0.697,0.727
690,1978,Kuwait,171,KWT,0.112,0.479,0.674,0.652,0.704,0.727
690,1979,Kuwait,171,KWT,0.111,0.466,0.674,0.652,0.702,0.727
690,1980,Kuwait,171,KWT,0.111,0.444,0.691,0.617,0.7,0.663
690,1981,Kuwait,171,KWT,0.763,0.444,0.702,0.618,0.822,0.663
690,1982,Kuwait,171,KWT,0.763,0.444,0.702,0.626,0.822,0.663
690,1983,Kuwait,171,KWT,0.763,0.444,0.702,0.626,0.823,0.663
690,1984,Kuwait,171,KWT,0.762,0.444,0.702,0.626,0.821,0.663
690,1985,Kuwait,171,KWT,0.754,0.444,0.702,0.626,0.822,0.663
690,1986,Kuwait,171,KWT,0.112,0.421,0.688,0.594,0.761,0.65
690,1987,Kuwait,171,KWT,0.113,0.405,0.688,0.594,0.698,0.65
690,1988,Kuwait,171,KWT,0.116,0.405,0.669,0.594,0.697,0.65
690,1989,Kuwait,171,KWT,0.111,0.382,0.669,0.594,0.695,0.65
690,1990,Kuwait,171,KWT,0.639,0.186,0.534,0.529,0.689,0.65
690,1991,Kuwait,171,KWT,0.114,0.207,0.535,0.542,0.688,0.65
690,1992,Kuwait,171,KWT,0.779,0.382,0.709,0.67,0.845,0.575
690,1993,Kuwait,171,KWT,0.779,0.382,0.684,0.668,0.843,0.575
690,1994,Kuwait,171,KWT,0.778,0.382,0.684,0.668,0.844,0.575
690,1995,Kuwait,171,KWT,0.779,0.382,0.684,0.668,0.843,0.575
690,1996,Kuwait,171,KWT,0.785,0.382,0.684,0.668,0.846,0.575
690,1997,Kuwait,171,KWT,0.784,0.377,0.684,0.668,0.846,0.575
690,1998,Kuwait,171,KWT,0.784,0.412,0.684,0.668,0.844,0.575
690,1999,Kuwait,171,KWT,0.772,0.412,0.684,0.668,0.845,0.575
690,2000,Kuwait,171,KWT,0.772,0.412,0.677,0.668,0.846,0.575
690,2001,Kuwait,171,KWT,0.756,0.412,0.677,0.668,0.845,0.575
690,2002,Kuwait,171,KWT,0.772,0.412,0.664,0.676,0.846,0.575
690,2003,Kuwait,171,KWT,0.772,0.412,0.664,0.675,0.844,0.575
690,2004,Kuwait,171,KWT,0.771,0.412,0.664,0.675,0.843,0.52
690,2005,Kuwait,171,KWT,0.776,0.412,0.664,0.68,0.845,0.52
690,2006,Kuwait,171,KWT,0.766,0.412,0.666,0.689,0.844,0.52
690,2007,Kuwait,171,KWT,0.767,0.412,0.666,0.687,0.848,0.52
690,2008,Kuwait,171,KWT,0.766,0.412,0.666,0.682,0.848,0.52
690,2009,Kuwait,171,KWT,0.764,0.412,0.666,0.682,0.844,0.52
690,2010,Kuwait,171,KWT,0.763,0.417,0.666,0.664,0.847,0.498
690,2011,Kuwait,171,KWT,0.762,0.417,0.666,0.667,0.842,0.498
690,2012,Kuwait,171,KWT,0.753,0.432,0.669,0.63,0.844,0.498
690,2013,Kuwait,171,KWT,0.759,0.443,0.669,0.63,0.84,0.498
690,2014,Kuwait,171,KWT,0.759,0.443,0.669,0.642,0.842,0.498
690,2015,Kuwait,171,KWT,0.761,0.432,0.669,0.625,0.844,0.498
690,2016,Kuwait,171,KWT,0.782,0.432,0.669,0.615,0.845,0.498
690,2017,Kuwait,171,KWT,0.781,0.491,0.68,0.637,0.853,0.498
690,2018,Kuwait,171,KWT,0.782,0.475,0.677,0.608,0.851,0.498
690,2019,Kuwait,171,KWT,0.779,0.471,0.687,0.628,0.84,0.498
690,2020,Kuwait,171,KWT,0.747,0.463,0.689,0.618,0.843,0.498
690,2021,Kuwait,171,KWT,0.743,0.458,0.683,0.621,0.881,0.498
690,2022,Kuwait,171,KWT,0.748,0.47,0.677,0.608,0.875,0.594
690,2023,Kuwait,171,KWT,0.774,0.47,0.699,0.617,0.895,0.594
690,2024,Kuwait,171,KWT,0.712,0.47,0.643,0.589,0.846,0.594
694,1971,Qatar,94,QAT,0.071,0.203,0.354,0.081,0.114,0.469
694,1972,Qatar,94,QAT,0.071,0.203,0.363,0.083,0.111,0.469
694,1973,Qatar,94,QAT,0.075,0.203,0.363,0.083,0.115,0.522
694,1974,Qatar,94,QAT,0.076,0.203,0.363,0.083,0.111,0.522
694,1975,Qatar,94,QAT,0.074,0.203,0.363,0.083,0.115,0.522
694,1976,Qatar,94,QAT,0.073,0.203,0.363,0.083,0.115,0.522
694,1977,Qatar,94,QAT,0.072,0.203,0.363,0.083,0.114,0.522
694,1978,Qatar,94,QAT,0.072,0.203,0.363,0.083,0.112,0.522
694,1979,Qatar,94,QAT,0.066,0.203,0.363,0.083,0.116,0.522
694,1980,Qatar,94,QAT,0.069,0.201,0.376,0.083,0.115,0.522
694,1981,Qatar,94,QAT,0.067,0.201,0.376,0.083,0.117,0.522
694,1982,Qatar,94,QAT,0.069,0.201,0.376,0.083,0.113,0.522
694,1983,Qatar,94,QAT,0.069,0.201,0.376,0.083,0.115,0.522
694,1984,Qatar,94,QAT,0.07,0.201,0.376,0.083,0.115,0.522
694,1985,Qatar,94,QAT,0.069,0.201,0.376,0.083,0.113,0.522
694,1986,Qatar,94,QAT,0.068,0.201,0.376,0.083,0.114,0.522
694,1987,Qatar,94,QAT,0.069,0.201,0.376,0.083,0.115,0.522
694,1988,Qatar,94,QAT,0.069,0.201,0.376,0.083,0.115,0.522
694,1989,Qatar,94,QAT,0.068,0.201,0.383,0.083,0.113,0.522
694,1990,Qatar,94,QAT,0.072,0.201,0.439,0.083,0.126,0.558
694,1991,Qatar,94,QAT,0.068,0.201,0.439,0.083,0.127,0.558
694,1992,Qatar,94,QAT,0.07,0.201,0.439,0.083,0.127,0.558
694,1993,Qatar,94,QAT,0.068,0.201,0.439,0.083,0.125,0.5409999999999999
694,1994,Qatar,94,QAT,0.069,0.201,0.436,0.085,0.129,0.5409999999999999
694,1995,Qatar,94,QAT,0.068,0.201,0.464,0.092,0.128,0.5409999999999999
694,1996,Qatar,94,QAT,0.071,0.201,0.467,0.093,0.129,0.599
694,1997,Qatar,94,QAT,0.069,0.201,0.479,0.093,0.13,0.599
694,1998,Qatar,94,QAT,0.067,0.201,0.478,0.093,0.128,0.599
694,1999,Qatar,94,QAT,0.071,0.201,0.478,0.093,0.129,0.599
694,2000,Qatar,94,QAT,0.068,0.201,0.533,0.105,0.115,0.599
694,2001,Qatar,94,QAT,0.07,0.199,0.533,0.105,0.117,0.599
694,2002,Qatar,94,QAT,0.068,0.196,0.533,0.105,0.117,0.599
694,2003,Qatar,94,QAT,0.07,0.196,0.55,0.105,0.119,0.599
694,2004,Qatar,94,QAT,0.068,0.196,0.569,0.105,0.122,0.599
694,2005,Qatar,94,QAT,0.069,0.196,0.57,0.105,0.119,0.599
694,2006,Qatar,94,QAT,0.068,0.196,0.57,0.105,0.117,0.599
694,2007,Qatar,94,QAT,0.068,0.196,0.585,0.105,0.12,0.599
694,2008,Qatar,94,QAT,0.071,0.196,0.583,0.105,0.118,0.599
694,2009,Qatar,94,QAT,0.069,0.196,0.583,0.105,0.117,0.599
694,2010,Qatar,94,QAT,0.068,0.196,0.586,0.101,0.118,0.599
694,2011,Qatar,94,QAT,0.069,0.196,0.586,0.111,0.12,0.599
694,2012,Qatar,94,QAT,0.07,0.196,0.587,0.115,0.122,0.599
694,2013,Qatar,94,QAT,0.067,0.197,0.552,0.114,0.112,0.599
694,2014,Qatar,94,QAT,0.071,0.197,0.552,0.109,0.114,0.599
694,2015,Qatar,94,QAT,0.068,0.2,0.558,0.105,0.114,0.599
694,2016,Qatar,94,QAT,0.068,0.2,0.555,0.097,0.114,0.599
694,2017,Qatar,94,QAT,0.07,0.212,0.547,0.1,0.112,0.599
694,2018,Qatar,94,QAT,0.07,0.212,0.57,0.108,0.112,0.599
694,2019,Qatar,94,QAT,0.069,0.212,0.577,0.092,0.104,0.599
694,2020,Qatar,94,QAT,0.069,0.168,0.562,0.088,0.108,0.599
694,2021,Qatar,94,QAT,0.491,0.168,0.47,0.069,0.104,0.599
694,2022,Qatar,94,QAT,0.49,0.165,0.469,0.055,0.104,0.599
694,2023,Qatar,94,QAT,0.492,0.151,0.451,0.052,0.108,0.599
694,2024,Qatar,94,QAT,0.491,0.151,0.409,0.055,0.105,0.599
696,1971,United Arab Emirates,207,ARE,0.074,0.109,0.342,0.083,0.185,0.728
696,1972,United Arab Emirates,207,ARE,0.077,0.109,0.342,0.083,0.183,0.728
696,1973,United Arab Emirates,207,ARE,0.074,0.109,0.342,0.072,0.184,0.728
696,1974,United Arab Emirates,207,ARE,0.073,0.109,0.342,0.087,0.178,0.728
696,1975,United Arab Emirates,207,ARE,0.075,0.109,0.342,0.087,0.183,0.728
696,1976,United Arab Emirates,207,ARE,0.073,0.109,0.342,0.093,0.168,0.728
696,1977,United Arab Emirates,207,ARE,0.075,0.109,0.342,0.107,0.169,0.728
696,1978,United Arab Emirates,207,ARE,0.073,0.109,0.342,0.107,0.172,0.728
696,1979,United Arab Emirates,207,ARE,0.074,0.109,0.363,0.107,0.166,0.728
696,1980,United Arab Emirates,207,ARE,0.077,0.109,0.363,0.092,0.171,0.728
696,1981,United Arab Emirates,207,ARE,0.073,0.109,0.363,0.092,0.168,0.728
696,1982,United Arab Emirates,207,ARE,0.076,0.109,0.363,0.092,0.171,0.728
696,1983,United Arab Emirates,207,ARE,0.076,0.161,0.363,0.092,0.171,0.728
696,1984,United Arab Emirates,207,ARE,0.076,0.184,0.363,0.11,0.168,0.728
696,1985,United Arab Emirates,207,ARE,0.076,0.184,0.383,0.118,0.168,0.728
696,1986,United Arab Emirates,207,ARE,0.077,0.184,0.383,0.118,0.169,0.783
696,1987,United Arab Emirates,207,ARE,0.076,0.255,0.383,0.13,0.17,0.783
696,1988,United Arab Emirates,207,ARE,0.076,0.255,0.383,0.13,0.172,0.783
696,1989,United Arab Emirates,207,ARE,0.075,0.225,0.407,0.13,0.171,0.783
696,1990,United Arab Emirates,207,ARE,0.076,0.225,0.429,0.13,0.17,0.73
696,1991,United Arab Emirates,207,ARE,0.074,0.225,0.429,0.133,0.17,0.73
696,1992,United Arab Emirates,207,ARE,0.076,0.225,0.429,0.144,0.167,0.788
696,1993,United Arab Emirates,207,ARE,0.076,0.225,0.429,0.133,0.172,0.825
696,1994,United Arab Emirates,207,ARE,0.075,0.225,0.501,0.148,0.232,0.825
696,1995,United Arab Emirates,207,ARE,0.076,0.225,0.51,0.167,0.232,0.825
696,1996,United Arab Emirates,207,ARE,0.075,0.225,0.53,0.167,0.238,0.825
696,1997,United Arab Emirates,207,ARE,0.074,0.225,0.53,0.167,0.237,0.825
696,1998,United Arab Emirates,207,ARE,0.075,0.225,0.53,0.175,0.242,0.825
696,1999,United Arab Emirates,207,ARE,0.073,0.225,0.53,0.175,0.242,0.825
696,2000,United Arab Emirates,207,ARE,0.076,0.225,0.53,0.175,0.244,0.825
696,2001,United Arab Emirates,207,ARE,0.076,0.225,0.53,0.175,0.245,0.825
696,2002,United Arab Emirates,207,ARE,0.074,0.225,0.528,0.144,0.241,0.825
696,2003,United Arab Emirates,207,ARE,0.074,0.225,0.523,0.144,0.239,0.825
696,2004,United Arab Emirates,207,ARE,0.076,0.16,0.49,0.112,0.255,0.825
696,2005,United Arab Emirates,207,ARE,0.073,0.16,0.501,0.121,0.248,0.825
696,2006,United Arab Emirates,207,ARE,0.428,0.16,0.532,0.127,0.257,0.825
696,2007,United Arab Emirates,207,ARE,0.43,0.219,0.557,0.127,0.249,0.881
696,2008,United Arab Emirates,207,ARE,0.427,0.219,0.557,0.133,0.255,0.881
696,2009,United Arab Emirates,207,ARE,0.428,0.219,0.564,0.133,0.257,0.881
696,2010,United Arab Emirates,207,ARE,0.427,0.173,0.581,0.138,0.259,0.881
696,2011,United Arab Emirates,207,ARE,0.478,0.145,0.529,0.134,0.254,0.881
696,2012,United Arab Emirates,207,ARE,0.48,0.116,0.577,0.141,0.254,0.881
696,2013,United Arab Emirates,207,ARE,0.478,0.116,0.567,0.14,0.299,0.881
696,2014,United Arab Emirates,207,ARE,0.48,0.13,0.58,0.125,0.294,0.881
696,2015,United Arab Emirates,207,ARE,0.499,0.134,0.601,0.125,0.294,0.881
696,2016,United Arab Emirates,207,ARE,0.502,0.166,0.601,0.113,0.296,0.881
696,2017,United Arab Emirates,207,ARE,0.502,0.166,0.621,0.067,0.295,0.881
696,2018,United Arab Emirates,207,ARE,0.502,0.147,0.621,0.072,0.295,0.881
696,2019,United Arab Emirates,207,ARE,0.504,0.162,0.58,0.068,0.298,0.881
696,2020,United Arab Emirates,207,ARE,0.504,0.155,0.574,0.075,0.293,0.881
696,2021,United Arab Emirates,207,ARE,0.505,0.159,0.547,0.054,0.251,0.881
696,2022,United Arab Emirates,207,ARE,0.505,0.159,0.547,0.066,0.3,0.881
696,2023,United Arab Emirates,207,ARE,0.505,0.159,0.508,0.063,0.289,0.881
696,2024,United Arab Emirates,207,ARE,0.507,0.209,0.503,0.064,0.289,0.881
698,1968,Oman,187,OMN,0.085,0.022,0.151,0.025,0.123,0.395
698,1969,Oman,187,OMN,0.087,0.025,0.151,0.025,0.127,0.395
698,1970,Oman,187,OMN,0.081,0.118,0.386,0.05,0.115,0.618
698,1971,Oman,187,OMN,0.082,0.118,0.413,0.05,0.15,0.618
698,1972,Oman,187,OMN,0.082,0.118,0.418,0.058,0.17,0.618
698,1973,Oman,187,OMN,0.083,0.118,0.418,0.06,0.167,0.618
698,1974,Oman,187,OMN,0.083,0.118,0.437,0.057,0.253,0.618
698,1975,Oman,187,OMN,0.083,0.117,0.442,0.057,0.26,0.618
698,1976,Oman,187,OMN,0.082,0.125,0.48,0.057,0.251,0.618
698,1977,Oman,187,OMN,0.082,0.125,0.479,0.07,0.326,0.618
698,1978,Oman,187,OMN,0.082,0.127,0.479,0.07,0.323,0.618
698,1979,Oman,187,OMN,0.081,0.127,0.479,0.07,0.335,0.618
698,1980,Oman,187,OMN,0.082,0.127,0.497,0.07,0.335,0.618
698,1981,Oman,187,OMN,0.083,0.127,0.497,0.07,0.336,0.618
698,1982,Oman,187,OMN,0.084,0.127,0.508,0.07,0.331,0.618
698,1983,Oman,187,OMN,0.082,0.127,0.508,0.071,0.34,0.607
698,1984,Oman,187,OMN,0.084,0.127,0.508,0.073,0.335,0.607
698,1985,Oman,187,OMN,0.083,0.127,0.508,0.073,0.338,0.607
698,1986,Oman,187,OMN,0.082,0.127,0.518,0.073,0.336,0.607
698,1987,Oman,187,OMN,0.083,0.127,0.518,0.073,0.336,0.607
698,1988,Oman,187,OMN,0.083,0.127,0.534,0.073,0.336,0.607
698,1989,Oman,187,OMN,0.083,0.127,0.534,0.073,0.342,0.607
698,1990,Oman,187,OMN,0.083,0.127,0.534,0.067,0.335,0.607
698,1991,Oman,187,OMN,0.08,0.127,0.534,0.067,0.357,0.607
698,1992,Oman,187,OMN,0.084,0.13,0.543,0.067,0.357,0.607
698,1993,Oman,187,OMN,0.081,0.13,0.537,0.067,0.354,0.607
698,1994,Oman,187,OMN,0.084,0.13,0.537,0.069,0.359,0.607
698,1995,Oman,187,OMN,0.081,0.13,0.54,0.069,0.355,0.595
698,1996,Oman,187,OMN,0.081,0.146,0.552,0.069,0.369,0.595
698,1997,Oman,187,OMN,0.081,0.146,0.556,0.069,0.364,0.595
698,1998,Oman,187,OMN,0.082,0.159,0.556,0.069,0.369,0.595
698,1999,Oman,187,OMN,0.083,0.164,0.578,0.069,0.362,0.595
698,2000,Oman,187,OMN,0.597,0.164,0.578,0.069,0.403,0.595
698,2001,Oman,187,OMN,0.599,0.164,0.578,0.069,0.401,0.595
698,2002,Oman,187,OMN,0.607,0.164,0.59,0.069,0.397,0.595
698,2003,Oman,187,OMN,0.652,0.164,0.59,0.069,0.397,0.595
698,2004,Oman,187,OMN,0.654,0.164,0.59,0.069,0.4,0.595
698,2005,Oman,187,OMN,0.652,0.164,0.595,0.069,0.4,0.595
698,2006,Oman,187,OMN,0.65,0.164,0.595,0.072,0.403,0.595
698,2007,Oman,187,OMN,0.652,0.164,0.605,0.072,0.403,0.595
698,2008,Oman,187,OMN,0.652,0.164,0.606,0.072,0.401,0.595
698,2009,Oman,187,OMN,0.652,0.167,0.609,0.072,0.404,0.595
698,2010,Oman,187,OMN,0.652,0.155,0.607,0.072,0.407,0.595
698,2011,Oman,187,OMN,0.697,0.179,0.6,0.107,0.426,0.663
698,2012,Oman,187,OMN,0.698,0.18,0.6,0.123,0.433,0.663
698,2013,Oman,187,OMN,0.696,0.18,0.613,0.122,0.431,0.663
698,2014,Oman,187,OMN,0.698,0.18,0.616,0.12,0.437,0.663
698,2015,Oman,187,OMN,0.704,0.18,0.616,0.119,0.436,0.663
698,2016,Oman,187,OMN,0.705,0.18,0.616,0.123,0.437,0.663
698,2017,Oman,187,OMN,0.703,0.175,0.597,0.131,0.434,0.663
698,2018,Oman,187,OMN,0.703,0.175,0.6,0.139,0.43,0.663
698,2019,Oman,187,OMN,0.709,0.183,0.61,0.138,0.434,0.663
698,2020,Oman,187,OMN,0.708,0.174,0.593,0.138,0.41,0.663
698,2021,Oman,187,OMN,0.71,0.182,0.592,0.138,0.435,0.663
698,2022,Oman,187,OMN,0.7,0.18,0.582,0.148,0.434,0.649
698,2023,Oman,187,OMN,0.704,0.172,0.59,0.148,0.438,0.649
698,2024,Oman,187,OMN,0.707,0.202,0.59,0.148,0.437,0.649
700,1968,Afghanistan,36,AFG,0.484,0.405,0.264,0.299,0.396,0.54
700,1969,Afghanistan,36,AFG,0.475,0.405,0.264,0.299,0.4,0.54
700,1970,Afghanistan,36,AFG,0.473,0.405,0.264,0.304,0.391,0.54
700,1971,Afghanistan,36,AFG,0.475,0.405,0.264,0.304,0.402,0.54
700,1972,Afghanistan,36,AFG,0.473,0.405,0.254,0.287,0.401,0.476
700,1973,Afghanistan,36,AFG,0.468,0.405,0.188,0.253,0.384,0.505
700,1974,Afghanistan,36,AFG,0.161,0.315,0.186,0.155,0.255,0.505
700,1975,Afghanistan,36,AFG,0.16,0.315,0.186,0.162,0.266,0.505
700,1976,Afghanistan,36,AFG,0.16,0.315,0.186,0.162,0.257,0.505
700,1977,Afghanistan,36,AFG,0.146,0.302,0.186,0.165,0.256,0.505
700,1978,Afghanistan,36,AFG,0.133,0.18,0.105,0.097,0.186,0.43200000000000005
700,1979,Afghanistan,36,AFG,0.125,0.057,0.07,0.098,0.183,0.44399999999999995
700,1980,Afghanistan,36,AFG,0.126,0.057,0.077,0.102,0.177,0.44399999999999995
700,1981,Afghanistan,36,AFG,0.126,0.057,0.094,0.106,0.175,0.44399999999999995
700,1982,Afghanistan,36,AFG,0.126,0.057,0.094,0.102,0.178,0.44399999999999995
700,1983,Afghanistan,36,AFG,0.125,0.057,0.094,0.106,0.179,0.44399999999999995
700,1984,Afghanistan,36,AFG,0.129,0.057,0.094,0.106,0.18,0.44399999999999995
700,1985,Afghanistan,36,AFG,0.124,0.057,0.094,0.106,0.181,0.44399999999999995
700,1986,Afghanistan,36,AFG,0.127,0.057,0.094,0.106,0.18,0.44399999999999995
700,1987,Afghanistan,36,AFG,0.127,0.057,0.094,0.108,0.178,0.44399999999999995
700,1988,Afghanistan,36,AFG,0.358,0.057,0.095,0.106,0.18,0.44399999999999995
700,1989,Afghanistan,36,AFG,0.36,0.064,0.095,0.106,0.179,0.44399999999999995
700,1990,Afghanistan,36,AFG,0.376,0.064,0.065,0.098,0.177,0.44399999999999995
700,1991,Afghanistan,36,AFG,0.379,0.064,0.048,0.094,0.177,0.44399999999999995
700,1992,Afghanistan,36,AFG,0.383,0.158,0.027,0.09,0.164,0.355
700,1993,Afghanistan,36,AFG,0.159,0.176,0.02,0.079,0.071,0.15700000000000003
700,1994,Afghanistan,36,AFG,0.161,0.176,0.021,0.079,0.076,0.15700000000000003
700,1995,Afghanistan,36,AFG,0.16,0.152,0.022,0.079,0.067,0.15700000000000003
700,1996,Afghanistan,36,AFG,0.133,0.037,0.015,0.041,0.06,0.255
700,1997,Afghanistan,36,AFG,0.096,0.037,0.014,0.038,0.076,0.29300000000000004
700,1998,Afghanistan,36,AFG,0.096,0.037,0.014,0.038,0.072,0.29300000000000004
700,1999,Afghanistan,36,AFG,0.098,0.037,0.014,0.038,0.076,0.29300000000000004
700,2000,Afghanistan,36,AFG,0.093,0.037,0.014,0.038,0.071,0.29300000000000004
700,2001,Afghanistan,36,AFG,0.123,0.225,0.045,0.082,0.115,0.253
700,2002,Afghanistan,36,AFG,0.231,0.758,0.38,0.618,0.221,0.10799999999999998
700,2003,Afghanistan,36,AFG,0.23,0.758,0.377,0.673,0.224,0.10799999999999998
700,2004,Afghanistan,36,AFG,0.638,0.758,0.377,0.667,0.246,0.10799999999999998
700,2005,Afghanistan,36,AFG,0.62,0.725,0.379,0.684,0.54,0.07099999999999995
700,2006,Afghanistan,36,AFG,0.62,0.728,0.379,0.687,0.552,0.062000000000000055
700,2007,Afghanistan,36,AFG,0.62,0.721,0.379,0.685,0.565,0.05800000000000005
700,2008,Afghanistan,36,AFG,0.62,0.71,0.379,0.716,0.56,0.05800000000000005
700,2009,Afghanistan,36,AFG,0.582,0.714,0.381,0.718,0.59,0.05800000000000005
700,2010,Afghanistan,36,AFG,0.583,0.701,0.388,0.723,0.6,0.049000000000000044
700,2011,Afghanistan,36,AFG,0.588,0.703,0.394,0.723,0.601,0.049000000000000044
700,2012,Afghanistan,36,AFG,0.589,0.703,0.387,0.722,0.604,0.040000000000000036
700,2013,Afghanistan,36,AFG,0.591,0.693,0.372,0.712,0.643,0.07199999999999995
700,2014,Afghanistan,36,AFG,0.58,0.674,0.375,0.697,0.664,0.09999999999999998
700,2015,Afghanistan,36,AFG,0.58,0.649,0.381,0.693,0.661,0.10599999999999998
700,2016,Afghanistan,36,AFG,0.569,0.644,0.346,0.651,0.658,0.118
700,2017,Afghanistan,36,AFG,0.556,0.639,0.359,0.687,0.631,0.134
700,2018,Afghanistan,36,AFG,0.562,0.632,0.368,0.691,0.573,0.17500000000000004
700,2019,Afghanistan,36,AFG,0.547,0.63,0.362,0.685,0.454,0.15800000000000003
700,2020,Afghanistan,36,AFG,0.547,0.638,0.381,0.707,0.457,0.18200000000000005
700,2021,Afghanistan,36,AFG,0.461,0.147,0.084,0.146,0.199,0.477
700,2022,Afghanistan,36,AFG,0.105,0.033,0.026,0.071,0.131,0.41500000000000004
700,2023,Afghanistan,36,AFG,0.096,0.02,0.021,0.052,0.136,0.43300000000000005
700,2024,Afghanistan,36,AFG,0.135,0.019,0.017,0.09,0.132,0.31999999999999995
701,1991,Turkmenistan,136,TKM,0.396,0.152,0.198,0.15,0.073,0.11399999999999999
701,1992,Turkmenistan,136,TKM,0.313,0.152,0.087,0.1,0.054,0.09599999999999997
701,1993,Turkmenistan,136,TKM,0.315,0.072,0.087,0.06,0.051,0.09599999999999997
701,1994,Turkmenistan,136,TKM,0.315,0.072,0.087,0.053,0.05,0.09599999999999997
701,1995,Turkmenistan,136,TKM,0.314,0.072,0.087,0.045,0.051,0.09599999999999997
701,1996,Turkmenistan,136,TKM,0.315,0.072,0.087,0.045,0.052,0.09599999999999997
701,1997,Turkmenistan,136,TKM,0.314,0.036,0.052,0.021,0.05,0.09599999999999997
701,1998,Turkmenistan,136,TKM,0.314,0.036,0.052,0.021,0.052,0.09599999999999997
701,1999,Turkmenistan,136,TKM,0.315,0.036,0.052,0.021,0.049,0.09599999999999997
701,2000,Turkmenistan,136,TKM,0.092,0.042,0.047,0.021,0.051,0.09599999999999997
701,2001,Turkmenistan,136,TKM,0.09,0.035,0.037,0.021,0.051,0.09599999999999997
701,2002,Turkmenistan,136,TKM,0.09,0.035,0.037,0.021,0.052,0.09599999999999997
701,2003,Turkmenistan,136,TKM,0.09,0.028,0.037,0.021,0.05,0.09599999999999997
701,2004,Turkmenistan,136,TKM,0.302,0.028,0.037,0.021,0.051,0.09599999999999997
701,2005,Turkmenistan,136,TKM,0.303,0.028,0.033,0.021,0.051,0.09599999999999997
701,2006,Turkmenistan,136,TKM,0.303,0.028,0.035,0.021,0.05,0.09599999999999997
701,2007,Turkmenistan,136,TKM,0.319,0.031,0.056,0.024,0.052,0.09599999999999997
701,2008,Turkmenistan,136,TKM,0.318,0.041,0.064,0.028,0.05,0.09599999999999997
701,2009,Turkmenistan,136,TKM,0.316,0.041,0.062,0.028,0.032,0.049000000000000044
701,2010,Turkmenistan,136,TKM,0.316,0.048,0.057,0.03,0.032,0.049000000000000044
701,2011,Turkmenistan,136,TKM,0.318,0.048,0.061,0.029,0.033,0.049000000000000044
701,2012,Turkmenistan,136,TKM,0.321,0.039,0.058,0.026,0.033,0.049000000000000044
701,2013,Turkmenistan,136,TKM,0.318,0.026,0.062,0.024,0.036,0.06799999999999995
701,2014,Turkmenistan,136,TKM,0.318,0.026,0.066,0.024,0.036,0.06799999999999995
701,2015,Turkmenistan,136,TKM,0.318,0.026,0.066,0.024,0.035,0.06799999999999995
701,2016,Turkmenistan,136,TKM,0.319,0.026,0.07,0.026,0.036,0.06799999999999995
701,2017,Turkmenistan,136,TKM,0.329,0.031,0.078,0.034,0.037,0.07499999999999996
701,2018,Turkmenistan,136,TKM,0.329,0.023,0.075,0.041,0.042,0.07499999999999996
701,2019,Turkmenistan,136,TKM,0.329,0.023,0.089,0.042,0.102,0.07499999999999996
701,2020,Turkmenistan,136,TKM,0.33,0.035,0.066,0.038,0.094,0.07499999999999996
701,2021,Turkmenistan,136,TKM,0.33,0.027,0.065,0.038,0.103,0.07499999999999996
701,2022,Turkmenistan,136,TKM,0.329,0.021,0.065,0.038,0.098,0.07499999999999996
701,2023,Turkmenistan,136,TKM,0.335,0.032,0.08,0.038,0.097,0.08099999999999996
701,2024,Turkmenistan,136,TKM,0.336,0.032,0.088,0.044,0.094,0.08099999999999996
702,1991,Tajikistan,133,TJK,0.644,0.53,0.386,0.579,0.282,0.22099999999999997
702,1992,Tajikistan,133,TJK,0.644,0.277,0.151,0.239,0.188,0.128
702,1993,Tajikistan,133,TJK,0.634,0.151,0.151,0.069,0.113,0.16700000000000004
702,1994,Tajikistan,133,TJK,0.428,0.159,0.151,0.057,0.114,0.16700000000000004
702,1995,Tajikistan,133,TJK,0.423,0.168,0.203,0.075,0.135,0.16700000000000004
702,1996,Tajikistan,133,TJK,0.423,0.203,0.226,0.07,0.132,0.18200000000000005
702,1997,Tajikistan,133,TJK,0.423,0.354,0.226,0.081,0.129,0.18200000000000005
702,1998,Tajikistan,133,TJK,0.423,0.408,0.29,0.174,0.135,0.135
702,1999,Tajikistan,133,TJK,0.458,0.408,0.305,0.202,0.136,0.135
702,2000,Tajikistan,133,TJK,0.465,0.484,0.343,0.263,0.136,0.135
702,2001,Tajikistan,133,TJK,0.465,0.484,0.351,0.339,0.147,0.135
702,2002,Tajikistan,133,TJK,0.463,0.484,0.331,0.334,0.137,0.11299999999999999
702,2003,Tajikistan,133,TJK,0.464,0.484,0.337,0.364,0.138,0.11299999999999999
702,2004,Tajikistan,133,TJK,0.461,0.452,0.342,0.349,0.111,0.11299999999999999
702,2005,Tajikistan,133,TJK,0.446,0.415,0.304,0.31,0.109,0.11299999999999999
702,2006,Tajikistan,133,TJK,0.447,0.415,0.304,0.305,0.103,0.11299999999999999
702,2007,Tajikistan,133,TJK,0.448,0.412,0.303,0.319,0.087,0.09799999999999998
702,2008,Tajikistan,133,TJK,0.447,0.412,0.301,0.319,0.088,0.09799999999999998
702,2009,Tajikistan,133,TJK,0.445,0.412,0.3,0.321,0.087,0.09799999999999998
702,2010,Tajikistan,133,TJK,0.429,0.398,0.269,0.301,0.088,0.09799999999999998
702,2011,Tajikistan,133,TJK,0.428,0.399,0.274,0.297,0.087,0.09799999999999998
702,2012,Tajikistan,133,TJK,0.428,0.388,0.259,0.288,0.086,0.09799999999999998
702,2013,Tajikistan,133,TJK,0.375,0.342,0.23,0.233,0.064,0.09799999999999998
702,2014,Tajikistan,133,TJK,0.376,0.326,0.23,0.222,0.065,0.09799999999999998
702,2015,Tajikistan,133,TJK,0.344,0.321,0.174,0.185,0.066,0.09799999999999998
702,2016,Tajikistan,133,TJK,0.338,0.179,0.149,0.167,0.066,0.09799999999999998
702,2017,Tajikistan,133,TJK,0.338,0.182,0.188,0.125,0.063,0.08599999999999997
702,2018,Tajikistan,133,TJK,0.338,0.181,0.188,0.106,0.091,0.12
702,2019,Tajikistan,133,TJK,0.34,0.186,0.186,0.111,0.066,0.124
702,2020,Tajikistan,133,TJK,0.369,0.193,0.175,0.089,0.057,0.16500000000000004
702,2021,Tajikistan,133,TJK,0.37,0.162,0.154,0.102,0.067,0.122
702,2022,Tajikistan,133,TJK,0.37,0.117,0.108,0.07,0.127,0.15600000000000003
702,2023,Tajikistan,133,TJK,0.37,0.117,0.118,0.071,0.131,0.15600000000000003
702,2024,Tajikistan,133,TJK,0.37,0.132,0.142,0.115,0.138,0.15600000000000003
703,1991,Kyrgyzstan,122,KGZ,0.514,0.527,0.591,0.636,0.457,0.5640000000000001
703,1992,Kyrgyzstan,122,KGZ,0.508,0.75,0.613,0.703,0.51,0.45699999999999996
703,1993,Kyrgyzstan,122,KGZ,0.507,0.749,0.613,0.7,0.515,0.386
703,1994,Kyrgyzstan,122,KGZ,0.507,0.749,0.637,0.579,0.483,0.256
703,1995,Kyrgyzstan,122,KGZ,0.496,0.698,0.616,0.564,0.438,0.22799999999999998
703,1996,Kyrgyzstan,122,KGZ,0.496,0.611,0.611,0.551,0.435,0.22799999999999998
703,1997,Kyrgyzstan,122,KGZ,0.495,0.601,0.611,0.524,0.409,0.21599999999999997
703,1998,Kyrgyzstan,122,KGZ,0.498,0.601,0.643,0.526,0.41,0.21599999999999997
703,1999,Kyrgyzstan,122,KGZ,0.496,0.526,0.643,0.526,0.407,0.21599999999999997
703,2000,Kyrgyzstan,122,KGZ,0.509,0.482,0.626,0.476,0.443,0.21599999999999997
703,2001,Kyrgyzstan,122,KGZ,0.506,0.445,0.606,0.462,0.444,0.21599999999999997
703,2002,Kyrgyzstan,122,KGZ,0.505,0.426,0.606,0.466,0.425,0.21599999999999997
703,2003,Kyrgyzstan,122,KGZ,0.507,0.421,0.595,0.472,0.42,0.21599999999999997
703,2004,Kyrgyzstan,122,KGZ,0.508,0.421,0.595,0.472,0.422,0.21599999999999997
703,2005,Kyrgyzstan,122,KGZ,0.523,0.573,0.586,0.546,0.492,0.122
703,2006,Kyrgyzstan,122,KGZ,0.54,0.558,0.578,0.595,0.505,0.122
703,2007,Kyrgyzstan,122,KGZ,0.513,0.523,0.564,0.54,0.417,0.11399999999999999
703,2008,Kyrgyzstan,122,KGZ,0.514,0.489,0.561,0.519,0.368,0.11399999999999999
703,2009,Kyrgyzstan,122,KGZ,0.505,0.489,0.559,0.49,0.365,0.11399999999999999
703,2010,Kyrgyzstan,122,KGZ,0.684,0.679,0.6,0.649,0.686,0.21999999999999997
703,2011,Kyrgyzstan,122,KGZ,0.671,0.754,0.663,0.761,0.774,0.22899999999999998
703,2012,Kyrgyzstan,122,KGZ,0.662,0.724,0.639,0.775,0.753,0.22899999999999998
703,2013,Kyrgyzstan,122,KGZ,0.671,0.664,0.647,0.718,0.789,0.259
703,2014,Kyrgyzstan,122,KGZ,0.673,0.656,0.643,0.712,0.789,0.259
703,2015,Kyrgyzstan,122,KGZ,0.683,0.584,0.63,0.748,0.781,0.18999999999999995
703,2016,Kyrgyzstan,122,KGZ,0.676,0.639,0.652,0.737,0.734,0.18899999999999995
703,2017,Kyrgyzstan,122,KGZ,0.66,0.646,0.671,0.721,0.713,0.19099999999999995
703,2018,Kyrgyzstan,122,KGZ,0.659,0.722,0.729,0.749,0.745,0.19099999999999995
703,2019,Kyrgyzstan,122,KGZ,0.661,0.635,0.687,0.687,0.751,0.29700000000000004
703,2020,Kyrgyzstan,122,KGZ,0.658,0.587,0.635,0.638,0.622,0.29700000000000004
703,2021,Kyrgyzstan,122,KGZ,0.692,0.558,0.662,0.625,0.499,0.24
703,2022,Kyrgyzstan,122,KGZ,0.686,0.541,0.644,0.571,0.469,0.24
703,2023,Kyrgyzstan,122,KGZ,0.693,0.403,0.617,0.48,0.388,0.33199999999999996
703,2024,Kyrgyzstan,122,KGZ,0.681,0.337,0.635,0.494,0.394,0.33199999999999996
704,1991,Uzbekistan,140,UZB,0.534,0.244,0.256,0.178,0.153,0.394
704,1992,Uzbekistan,140,UZB,0.524,0.209,0.244,0.107,0.092,0.29600000000000004
704,1993,Uzbekistan,140,UZB,0.521,0.268,0.219,0.103,0.05,0.28200000000000003
704,1994,Uzbekistan,140,UZB,0.369,0.266,0.235,0.08,0.035,0.254
704,1995,Uzbekistan,140,UZB,0.375,0.225,0.23,0.059,0.035,0.254
704,1996,Uzbekistan,140,UZB,0.373,0.21,0.23,0.055,0.035,0.254
704,1997,Uzbekistan,140,UZB,0.374,0.21,0.22,0.055,0.035,0.23299999999999998
704,1998,Uzbekistan,140,UZB,0.376,0.21,0.189,0.051,0.035,0.14600000000000002
704,1999,Uzbekistan,140,UZB,0.368,0.129,0.18,0.032,0.034,0.14600000000000002
704,2000,Uzbekistan,140,UZB,0.36,0.119,0.181,0.032,0.034,0.14600000000000002
704,2001,Uzbekistan,140,UZB,0.359,0.119,0.16,0.026,0.035,0.14600000000000002
704,2002,Uzbekistan,140,UZB,0.36,0.119,0.168,0.032,0.034,0.14600000000000002
704,2003,Uzbekistan,140,UZB,0.36,0.119,0.178,0.033,0.035,0.15000000000000002
704,2004,Uzbekistan,140,UZB,0.388,0.114,0.178,0.033,0.035,0.14100000000000001
704,2005,Uzbekistan,140,UZB,0.392,0.11,0.131,0.032,0.035,0.10099999999999998
704,2006,Uzbekistan,140,UZB,0.391,0.101,0.144,0.027,0.035,0.10599999999999998
704,2007,Uzbekistan,140,UZB,0.396,0.094,0.15,0.027,0.034,0.10599999999999998
704,2008,Uzbekistan,140,UZB,0.401,0.094,0.154,0.029,0.035,0.10599999999999998
704,2009,Uzbekistan,140,UZB,0.404,0.094,0.154,0.029,0.035,0.10599999999999998
704,2010,Uzbekistan,140,UZB,0.405,0.099,0.152,0.029,0.041,0.11499999999999999
704,2011,Uzbekistan,140,UZB,0.407,0.099,0.15,0.03,0.056,0.11499999999999999
704,2012,Uzbekistan,140,UZB,0.406,0.099,0.155,0.029,0.058,0.11499999999999999
704,2013,Uzbekistan,140,UZB,0.4,0.138,0.158,0.046,0.046,0.11499999999999999
704,2014,Uzbekistan,140,UZB,0.402,0.138,0.162,0.05,0.046,0.11499999999999999
704,2015,Uzbekistan,140,UZB,0.39,0.138,0.154,0.047,0.047,0.10199999999999998
704,2016,Uzbekistan,140,UZB,0.447,0.144,0.163,0.057,0.048,0.09999999999999998
704,2017,Uzbekistan,140,UZB,0.448,0.182,0.276,0.16,0.064,0.15500000000000003
704,2018,Uzbekistan,140,UZB,0.446,0.225,0.355,0.151,0.123,0.16000000000000003
704,2019,Uzbekistan,140,UZB,0.48,0.274,0.43,0.209,0.123,0.18700000000000006
704,2020,Uzbekistan,140,UZB,0.448,0.272,0.436,0.223,0.179,0.15800000000000003
704,2021,Uzbekistan,140,UZB,0.49,0.272,0.431,0.215,0.132,0.14100000000000001
704,2022,Uzbekistan,140,UZB,0.495,0.272,0.428,0.211,0.124,0.15500000000000003
704,2023,Uzbekistan,140,UZB,0.487,0.282,0.427,0.22,0.099,0.16100000000000003
704,2024,Uzbekistan,140,UZB,0.514,0.282,0.413,0.232,0.087,0.19399999999999995
705,1991,Kazakhstan,121,KAZ,0.557,0.578,0.621,0.496,0.353,0.30400000000000005
705,1992,Kazakhstan,121,KAZ,0.565,0.601,0.627,0.479,0.352,0.30400000000000005
705,1993,Kazakhstan,121,KAZ,0.556,0.601,0.637,0.479,0.354,0.30400000000000005
705,1994,Kazakhstan,121,KAZ,0.592,0.601,0.648,0.479,0.322,0.30400000000000005
705,1995,Kazakhstan,121,KAZ,0.573,0.601,0.633,0.427,0.258,0.30400000000000005
705,1996,Kazakhstan,121,KAZ,0.574,0.601,0.62,0.408,0.228,0.30400000000000005
705,1997,Kazakhstan,121,KAZ,0.571,0.601,0.62,0.403,0.23,0.30400000000000005
705,1998,Kazakhstan,121,KAZ,0.57,0.614,0.62,0.397,0.226,0.30400000000000005
705,1999,Kazakhstan,121,KAZ,0.517,0.564,0.614,0.407,0.229,0.30400000000000005
705,2000,Kazakhstan,121,KAZ,0.523,0.539,0.642,0.402,0.227,0.30400000000000005
705,2001,Kazakhstan,121,KAZ,0.521,0.508,0.636,0.389,0.222,0.30400000000000005
705,2002,Kazakhstan,121,KAZ,0.519,0.508,0.63,0.373,0.225,0.30400000000000005
705,2003,Kazakhstan,121,KAZ,0.515,0.508,0.63,0.373,0.221,0.30400000000000005
705,2004,Kazakhstan,121,KAZ,0.51,0.478,0.626,0.373,0.23,0.30400000000000005
705,2005,Kazakhstan,121,KAZ,0.513,0.386,0.605,0.352,0.229,0.30400000000000005
705,2006,Kazakhstan,121,KAZ,0.515,0.386,0.609,0.355,0.226,0.30400000000000005
705,2007,Kazakhstan,121,KAZ,0.511,0.386,0.609,0.355,0.227,0.30400000000000005
705,2008,Kazakhstan,121,KAZ,0.515,0.386,0.619,0.355,0.227,0.30400000000000005
705,2009,Kazakhstan,121,KAZ,0.512,0.386,0.619,0.351,0.229,0.30400000000000005
705,2010,Kazakhstan,121,KAZ,0.514,0.391,0.611,0.34,0.231,0.30400000000000005
705,2011,Kazakhstan,121,KAZ,0.502,0.391,0.603,0.342,0.23,0.30400000000000005
705,2012,Kazakhstan,121,KAZ,0.505,0.383,0.605,0.353,0.229,0.30400000000000005
705,2013,Kazakhstan,121,KAZ,0.503,0.372,0.573,0.342,0.238,0.281
705,2014,Kazakhstan,121,KAZ,0.502,0.372,0.569,0.344,0.236,0.281
705,2015,Kazakhstan,121,KAZ,0.504,0.357,0.57,0.348,0.239,0.281
705,2016,Kazakhstan,121,KAZ,0.558,0.321,0.582,0.345,0.241,0.281
705,2017,Kazakhstan,121,KAZ,0.556,0.313,0.564,0.311,0.243,0.281
705,2018,Kazakhstan,121,KAZ,0.557,0.324,0.516,0.286,0.259,0.281
705,2019,Kazakhstan,121,KAZ,0.544,0.356,0.562,0.306,0.256,0.281
705,2020,Kazakhstan,121,KAZ,0.549,0.364,0.569,0.319,0.258,0.281
705,2021,Kazakhstan,121,KAZ,0.58,0.376,0.565,0.337,0.263,0.281
705,2022,Kazakhstan,121,KAZ,0.57,0.396,0.573,0.393,0.297,0.42800000000000005
705,2023,Kazakhstan,121,KAZ,0.592,0.372,0.589,0.372,0.317,0.403
705,2024,Kazakhstan,121,KAZ,0.59,0.372,0.541,0.372,0.32,0.392
710,1968,China,110,CHN,0.119,0.041,0.016,0.026,0.234,0.64
710,1969,China,110,CHN,0.116,0.022,0.016,0.018,0.234,0.64
710,1970,China,110,CHN,0.119,0.011,0.016,0.018,0.236,0.64
710,1971,China,110,CHN,0.119,0.011,0.016,0.018,0.239,0.64
710,1972,China,110,CHN,0.122,0.011,0.017,0.021,0.234,0.64
710,1973,China,110,CHN,0.117,0.019,0.017,0.025,0.234,0.64
710,1974,China,110,CHN,0.116,0.019,0.017,0.025,0.232,0.64
710,1975,China,110,CHN,0.12,0.019,0.018,0.025,0.232,0.64
710,1976,China,110,CHN,0.119,0.019,0.018,0.025,0.235,0.64
710,1977,China,110,CHN,0.111,0.01,0.025,0.028,0.252,0.581
710,1978,China,110,CHN,0.114,0.027,0.064,0.076,0.253,0.581
710,1979,China,110,CHN,0.11,0.092,0.175,0.193,0.308,0.5349999999999999
710,1980,China,110,CHN,0.111,0.12,0.226,0.218,0.314,0.393
710,1981,China,110,CHN,0.114,0.12,0.24,0.217,0.317,0.384
710,1982,China,110,CHN,0.111,0.12,0.24,0.217,0.316,0.384
710,1983,China,110,CHN,0.116,0.12,0.24,0.217,0.312,0.384
710,1984,China,110,CHN,0.114,0.12,0.24,0.217,0.32,0.384
710,1985,China,110,CHN,0.113,0.12,0.24,0.217,0.313,0.384
710,1986,China,110,CHN,0.115,0.12,0.24,0.252,0.313,0.363
710,1987,China,110,CHN,0.111,0.148,0.24,0.259,0.309,0.363
710,1988,China,110,CHN,0.115,0.148,0.24,0.259,0.313,0.363
710,1989,China,110,CHN,0.115,0.161,0.226,0.233,0.317,0.363
710,1990,China,110,CHN,0.117,0.101,0.225,0.186,0.314,0.363
710,1991,China,110,CHN,0.116,0.109,0.225,0.186,0.313,0.363
710,1992,China,110,CHN,0.115,0.13,0.234,0.203,0.319,0.356
710,1993,China,110,CHN,0.117,0.13,0.239,0.242,0.318,0.356
710,1994,China,110,CHN,0.114,0.133,0.242,0.242,0.317,0.356
710,1995,China,110,CHN,0.114,0.133,0.252,0.242,0.315,0.356
710,1996,China,110,CHN,0.112,0.175,0.257,0.242,0.31,0.356
710,1997,China,110,CHN,0.114,0.175,0.262,0.242,0.316,0.356
710,1998,China,110,CHN,0.112,0.175,0.263,0.242,0.317,0.356
710,1999,China,110,CHN,0.114,0.175,0.263,0.242,0.308,0.356
710,2000,China,110,CHN,0.114,0.174,0.272,0.233,0.311,0.356
710,2001,China,110,CHN,0.115,0.174,0.284,0.234,0.311,0.356
710,2002,China,110,CHN,0.115,0.191,0.293,0.244,0.316,0.356
710,2003,China,110,CHN,0.118,0.224,0.294,0.244,0.318,0.356
710,2004,China,110,CHN,0.12,0.224,0.295,0.249,0.316,0.356
710,2005,China,110,CHN,0.103,0.216,0.297,0.183,0.273,0.362
710,2006,China,110,CHN,0.101,0.216,0.297,0.183,0.277,0.362
710,2007,China,110,CHN,0.102,0.216,0.299,0.186,0.275,0.362
710,2008,China,110,CHN,0.102,0.229,0.299,0.185,0.289,0.355
710,2009,China,110,CHN,0.101,0.229,0.295,0.183,0.291,0.363
710,2010,China,110,CHN,0.102,0.221,0.296,0.182,0.276,0.356
710,2011,China,110,CHN,0.102,0.221,0.292,0.18,0.274,0.356
710,2012,China,110,CHN,0.103,0.221,0.295,0.181,0.28,0.374
710,2013,China,110,CHN,0.09,0.159,0.281,0.133,0.269,0.45099999999999996
710,2014,China,110,CHN,0.093,0.159,0.27,0.119,0.279,0.45799999999999996
710,2015,China,110,CHN,0.091,0.12,0.285,0.102,0.28,0.46599999999999997
710,2016,China,110,CHN,0.091,0.104,0.282,0.089,0.279,0.46599999999999997
710,2017,China,110,CHN,0.099,0.105,0.271,0.072,0.278,0.46599999999999997
710,2018,China,110,CHN,0.101,0.098,0.257,0.062,0.282,0.488
710,2019,China,110,CHN,0.098,0.076,0.24,0.053,0.276,0.52
710,2020,China,110,CHN,0.098,0.075,0.219,0.059,0.259,0.5349999999999999
710,2021,China,110,CHN,0.109,0.08,0.229,0.059,0.263,0.512
710,2022,China,110,CHN,0.109,0.048,0.215,0.052,0.267,0.517
710,2023,China,110,CHN,0.105,0.03,0.213,0.048,0.183,0.502
710,2024,China,110,CHN,0.106,0.025,0.242,0.044,0.165,0.502
712,1968,Mongolia,89,MNG,0.37,0.063,0.115,0.059,0.285,0.976
712,1969,Mongolia,89,MNG,0.367,0.063,0.115,0.059,0.286,0.976
712,1970,Mongolia,89,MNG,0.368,0.063,0.115,0.059,0.29,0.976
712,1971,Mongolia,89,MNG,0.367,0.063,0.115,0.059,0.29,0.976
712,1972,Mongolia,89,MNG,0.367,0.063,0.115,0.059,0.289,0.976
712,1973,Mongolia,89,MNG,0.378,0.063,0.115,0.059,0.285,0.976
712,1974,Mongolia,89,MNG,0.379,0.063,0.115,0.059,0.288,0.976
712,1975,Mongolia,89,MNG,0.379,0.063,0.115,0.059,0.288,0.976
712,1976,Mongolia,89,MNG,0.379,0.063,0.115,0.059,0.285,0.976
712,1977,Mongolia,89,MNG,0.377,0.063,0.115,0.059,0.289,0.976
712,1978,Mongolia,89,MNG,0.378,0.063,0.115,0.059,0.288,0.976
712,1979,Mongolia,89,MNG,0.377,0.063,0.115,0.059,0.286,0.976
712,1980,Mongolia,89,MNG,0.378,0.063,0.115,0.059,0.294,0.976
712,1981,Mongolia,89,MNG,0.378,0.063,0.115,0.059,0.288,0.976
712,1982,Mongolia,89,MNG,0.379,0.063,0.115,0.059,0.283,0.976
712,1983,Mongolia,89,MNG,0.378,0.063,0.115,0.059,0.284,0.976
712,1984,Mongolia,89,MNG,0.377,0.063,0.115,0.059,0.287,0.976
712,1985,Mongolia,89,MNG,0.379,0.063,0.115,0.059,0.292,0.976
712,1986,Mongolia,89,MNG,0.377,0.063,0.115,0.061,0.288,0.976
712,1987,Mongolia,89,MNG,0.379,0.063,0.115,0.061,0.286,0.976
712,1988,Mongolia,89,MNG,0.379,0.063,0.115,0.061,0.288,0.976
712,1989,Mongolia,89,MNG,0.379,0.102,0.115,0.082,0.288,0.976
712,1990,Mongolia,89,MNG,0.689,0.425,0.383,0.601,0.674,0.7989999999999999
712,1991,Mongolia,89,MNG,0.703,0.721,0.479,0.809,0.904,0.7989999999999999
712,1992,Mongolia,89,MNG,0.807,0.86,0.841,0.933,0.908,0.777
712,1993,Mongolia,89,MNG,0.822,0.86,0.893,0.925,0.894,0.777
712,1994,Mongolia,89,MNG,0.822,0.86,0.893,0.925,0.901,0.777
712,1995,Mongolia,89,MNG,0.823,0.86,0.893,0.925,0.904,0.777
712,1996,Mongolia,89,MNG,0.816,0.86,0.893,0.925,0.881,0.777
712,1997,Mongolia,89,MNG,0.815,0.904,0.893,0.938,0.883,0.777
712,1998,Mongolia,89,MNG,0.816,0.898,0.882,0.938,0.903,0.777
712,1999,Mongolia,89,MNG,0.815,0.898,0.902,0.938,0.904,0.777
712,2000,Mongolia,89,MNG,0.791,0.892,0.88,0.902,0.826,0.367
712,2001,Mongolia,89,MNG,0.807,0.892,0.88,0.902,0.83,0.367
712,2002,Mongolia,89,MNG,0.806,0.892,0.88,0.902,0.847,0.367
712,2003,Mongolia,89,MNG,0.807,0.892,0.88,0.902,0.848,0.367
712,2004,Mongolia,89,MNG,0.808,0.892,0.88,0.902,0.854,0.367
712,2005,Mongolia,89,MNG,0.814,0.892,0.88,0.902,0.853,0.367
712,2006,Mongolia,89,MNG,0.818,0.892,0.88,0.9,0.853,0.367
712,2007,Mongolia,89,MNG,0.818,0.892,0.88,0.9,0.855,0.367
712,2008,Mongolia,89,MNG,0.8,0.873,0.866,0.894,0.856,0.367
712,2009,Mongolia,89,MNG,0.815,0.888,0.88,0.9,0.853,0.367
712,2010,Mongolia,89,MNG,0.815,0.888,0.881,0.901,0.869,0.373
712,2011,Mongolia,89,MNG,0.819,0.888,0.881,0.901,0.868,0.373
712,2012,Mongolia,89,MNG,0.823,0.915,0.881,0.901,0.874,0.32099999999999995
712,2013,Mongolia,89,MNG,0.817,0.876,0.857,0.893,0.845,0.31000000000000005
712,2014,Mongolia,89,MNG,0.817,0.876,0.838,0.893,0.846,0.31000000000000005
712,2015,Mongolia,89,MNG,0.811,0.883,0.851,0.89,0.848,0.31000000000000005
712,2016,Mongolia,89,MNG,0.813,0.888,0.859,0.895,0.842,0.31000000000000005
712,2017,Mongolia,89,MNG,0.819,0.879,0.85,0.868,0.829,0.26
712,2018,Mongolia,89,MNG,0.815,0.887,0.856,0.855,0.826,0.259
712,2019,Mongolia,89,MNG,0.814,0.872,0.858,0.863,0.88,0.259
712,2020,Mongolia,89,MNG,0.802,0.827,0.811,0.835,0.882,0.259
712,2021,Mongolia,89,MNG,0.802,0.753,0.803,0.802,0.842,0.22699999999999998
712,2022,Mongolia,89,MNG,0.796,0.745,0.808,0.772,0.832,0.18100000000000005
712,2023,Mongolia,89,MNG,0.777,0.745,0.807,0.722,0.827,0.18100000000000005
712,2024,Mongolia,89,MNG,0.778,0.689,0.772,0.693,0.799,0.26
713,1968,Taiwan,48,TWN,0.094,0.135,0.367,0.102,0.253,0.647
713,1969,Taiwan,48,TWN,0.43,0.135,0.367,0.102,0.25,0.647
713,1970,Taiwan,48,TWN,0.431,0.148,0.392,0.115,0.264,0.647
713,1971,Taiwan,48,TWN,0.43,0.148,0.372,0.101,0.269,0.647
713,1972,Taiwan,48,TWN,0.43,0.148,0.359,0.108,0.268,0.656
713,1973,Taiwan,48,TWN,0.429,0.191,0.366,0.112,0.262,0.656
713,1974,Taiwan,48,TWN,0.431,0.191,0.396,0.122,0.266,0.656
713,1975,Taiwan,48,TWN,0.431,0.191,0.412,0.122,0.301,0.6890000000000001
713,1976,Taiwan,48,TWN,0.431,0.223,0.463,0.143,0.309,0.6890000000000001
713,1977,Taiwan,48,TWN,0.429,0.237,0.463,0.146,0.306,0.6890000000000001
713,1978,Taiwan,48,TWN,0.431,0.271,0.401,0.151,0.309,0.6890000000000001
713,1979,Taiwan,48,TWN,0.441,0.271,0.386,0.144,0.31,0.6890000000000001
713,1980,Taiwan,48,TWN,0.482,0.363,0.43,0.188,0.341,0.6890000000000001
713,1981,Taiwan,48,TWN,0.482,0.373,0.472,0.197,0.339,0.6890000000000001
713,1982,Taiwan,48,TWN,0.486,0.373,0.549,0.21,0.341,0.6890000000000001
713,1983,Taiwan,48,TWN,0.506,0.394,0.565,0.21,0.347,0.6890000000000001
713,1984,Taiwan,48,TWN,0.504,0.385,0.603,0.222,0.345,0.6890000000000001
713,1985,Taiwan,48,TWN,0.504,0.385,0.603,0.227,0.342,0.6890000000000001
713,1986,Taiwan,48,TWN,0.554,0.411,0.603,0.263,0.343,0.6890000000000001
713,1987,Taiwan,48,TWN,0.57,0.529,0.616,0.314,0.345,0.6890000000000001
713,1988,Taiwan,48,TWN,0.575,0.542,0.712,0.403,0.47,0.773
713,1989,Taiwan,48,TWN,0.649,0.567,0.827,0.478,0.504,0.791
713,1990,Taiwan,48,TWN,0.651,0.59,0.864,0.538,0.59,0.791
713,1991,Taiwan,48,TWN,0.723,0.607,0.863,0.544,0.66,0.791
713,1992,Taiwan,48,TWN,0.788,0.69,0.885,0.576,0.693,0.791
713,1993,Taiwan,48,TWN,0.803,0.744,0.885,0.619,0.742,0.791
713,1994,Taiwan,48,TWN,0.797,0.744,0.892,0.644,0.746,0.791
713,1995,Taiwan,48,TWN,0.815,0.777,0.894,0.653,0.751,0.791
713,1996,Taiwan,48,TWN,0.845,0.81,0.898,0.681,0.748,0.791
713,1997,Taiwan,48,TWN,0.85,0.838,0.898,0.727,0.754,0.791
713,1998,Taiwan,48,TWN,0.856,0.85,0.898,0.75,0.756,0.791
713,1999,Taiwan,48,TWN,0.855,0.884,0.898,0.75,0.753,0.791
713,2000,Taiwan,48,TWN,0.894,0.907,0.956,0.928,0.868,0.843
713,2001,Taiwan,48,TWN,0.9,0.909,0.956,0.93,0.868,0.843
713,2002,Taiwan,48,TWN,0.9,0.909,0.956,0.93,0.866,0.843
713,2003,Taiwan,48,TWN,0.9,0.909,0.956,0.919,0.866,0.843
713,2004,Taiwan,48,TWN,0.884,0.909,0.956,0.919,0.867,0.843
713,2005,Taiwan,48,TWN,0.893,0.884,0.956,0.919,0.871,0.843
713,2006,Taiwan,48,TWN,0.893,0.884,0.956,0.919,0.869,0.843
713,2007,Taiwan,48,TWN,0.893,0.884,0.956,0.921,0.873,0.843
713,2008,Taiwan,48,TWN,0.898,0.884,0.956,0.928,0.848,0.843
713,2009,Taiwan,48,TWN,0.903,0.884,0.954,0.901,0.834,0.843
713,2010,Taiwan,48,TWN,0.91,0.898,0.956,0.909,0.83,0.843
713,2011,Taiwan,48,TWN,0.909,0.898,0.956,0.909,0.831,0.843
713,2012,Taiwan,48,TWN,0.909,0.898,0.956,0.911,0.836,0.843
713,2013,Taiwan,48,TWN,0.905,0.897,0.947,0.91,0.825,0.843
713,2014,Taiwan,48,TWN,0.908,0.897,0.949,0.91,0.826,0.843
713,2015,Taiwan,48,TWN,0.908,0.897,0.95,0.91,0.823,0.843
713,2016,Taiwan,48,TWN,0.93,0.915,0.954,0.921,0.855,0.866
713,2017,Taiwan,48,TWN,0.934,0.915,0.961,0.912,0.84,0.866
713,2018,Taiwan,48,TWN,0.934,0.915,0.957,0.916,0.847,0.837
713,2019,Taiwan,48,TWN,0.933,0.92,0.958,0.896,0.833,0.832
713,2020,Taiwan,48,TWN,0.933,0.92,0.958,0.868,0.854,0.833
713,2021,Taiwan,48,TWN,0.932,0.92,0.958,0.868,0.849,0.843
713,2022,Taiwan,48,TWN,0.93,0.922,0.959,0.878,0.881,0.8260000000000001
713,2023,Taiwan,48,TWN,0.93,0.922,0.963,0.87,0.874,0.8260000000000001
713,2024,Taiwan,48,TWN,0.927,0.907,0.964,0.848,0.864,0.8260000000000001
731,1968,North Korea,41,PRK,0.339,0.036,0.007,0.012,0.094,0.21699999999999997
731,1969,North Korea,41,PRK,0.34,0.036,0.007,0.012,0.093,0.21699999999999997
731,1970,North Korea,41,PRK,0.339,0.036,0.007,0.012,0.094,0.21699999999999997
731,1971,North Korea,41,PRK,0.339,0.036,0.007,0.012,0.094,0.21699999999999997
731,1972,North Korea,41,PRK,0.353,0.007,0.007,0.012,0.095,0.21699999999999997
731,1973,North Korea,41,PRK,0.353,0.007,0.007,0.012,0.087,0.21699999999999997
731,1974,North Korea,41,PRK,0.353,0.007,0.007,0.012,0.084,0.21699999999999997
731,1975,North Korea,41,PRK,0.354,0.007,0.007,0.012,0.085,0.21699999999999997
731,1976,North Korea,41,PRK,0.354,0.007,0.007,0.012,0.085,0.21699999999999997
731,1977,North Korea,41,PRK,0.343,0.007,0.007,0.012,0.085,0.21699999999999997
731,1978,North Korea,41,PRK,0.342,0.007,0.007,0.012,0.086,0.21699999999999997
731,1979,North Korea,41,PRK,0.342,0.007,0.007,0.012,0.086,0.21699999999999997
731,1980,North Korea,41,PRK,0.345,0.007,0.007,0.012,0.087,0.21699999999999997
731,1981,North Korea,41,PRK,0.343,0.007,0.007,0.012,0.084,0.21699999999999997
731,1982,North Korea,41,PRK,0.342,0.007,0.007,0.012,0.088,0.21699999999999997
731,1983,North Korea,41,PRK,0.341,0.007,0.007,0.012,0.089,0.21699999999999997
731,1984,North Korea,41,PRK,0.341,0.007,0.007,0.012,0.086,0.21699999999999997
731,1985,North Korea,41,PRK,0.34,0.007,0.007,0.012,0.086,0.21699999999999997
731,1986,North Korea,41,PRK,0.336,0.007,0.007,0.012,0.087,0.21699999999999997
731,1987,North Korea,41,PRK,0.335,0.007,0.007,0.012,0.088,0.21699999999999997
731,1988,North Korea,41,PRK,0.336,0.007,0.007,0.012,0.089,0.21699999999999997
731,1989,North Korea,41,PRK,0.336,0.007,0.007,0.012,0.087,0.21699999999999997
731,1990,North Korea,41,PRK,0.346,0.007,0.007,0.012,0.088,0.20799999999999996
731,1991,North Korea,41,PRK,0.345,0.007,0.007,0.012,0.086,0.20799999999999996
731,1992,North Korea,41,PRK,0.328,0.007,0.007,0.012,0.086,0.20799999999999996
731,1993,North Korea,41,PRK,0.328,0.007,0.007,0.012,0.088,0.20799999999999996
731,1994,North Korea,41,PRK,0.327,0.007,0.007,0.012,0.086,0.10699999999999998
731,1995,North Korea,41,PRK,0.328,0.007,0.006,0.012,0.087,0.09299999999999997
731,1996,North Korea,41,PRK,0.327,0.007,0.006,0.012,0.087,0.09299999999999997
731,1997,North Korea,41,PRK,0.329,0.007,0.006,0.012,0.086,0.09299999999999997
731,1998,North Korea,41,PRK,0.323,0.007,0.006,0.012,0.087,0.09299999999999997
731,1999,North Korea,41,PRK,0.324,0.007,0.006,0.012,0.086,0.09299999999999997
731,2000,North Korea,41,PRK,0.323,0.007,0.006,0.012,0.085,0.11499999999999999
731,2001,North Korea,41,PRK,0.323,0.007,0.006,0.012,0.087,0.11499999999999999
731,2002,North Korea,41,PRK,0.324,0.007,0.006,0.012,0.086,0.11499999999999999
731,2003,North Korea,41,PRK,0.333,0.007,0.006,0.012,0.088,0.11499999999999999
731,2004,North Korea,41,PRK,0.333,0.007,0.006,0.012,0.088,0.11499999999999999
731,2005,North Korea,41,PRK,0.333,0.007,0.006,0.012,0.087,0.11499999999999999
731,2006,North Korea,41,PRK,0.333,0.007,0.006,0.012,0.088,0.11499999999999999
731,2007,North Korea,41,PRK,0.331,0.007,0.006,0.012,0.085,0.10999999999999999
731,2008,North Korea,41,PRK,0.331,0.007,0.006,0.012,0.086,0.10999999999999999
731,2009,North Korea,41,PRK,0.32,0.007,0.006,0.012,0.087,0.10999999999999999
731,2010,North Korea,41,PRK,0.321,0.007,0.006,0.012,0.086,0.10999999999999999
731,2011,North Korea,41,PRK,0.32,0.007,0.006,0.012,0.088,0.10999999999999999
731,2012,North Korea,41,PRK,0.322,0.007,0.006,0.012,0.086,0.14100000000000001
731,2013,North Korea,41,PRK,0.321,0.007,0.006,0.012,0.085,0.14100000000000001
731,2014,North Korea,41,PRK,0.318,0.007,0.006,0.012,0.087,0.14100000000000001
731,2015,North Korea,41,PRK,0.315,0.007,0.006,0.012,0.086,0.14100000000000001
731,2016,North Korea,41,PRK,0.316,0.007,0.006,0.012,0.087,0.14100000000000001
731,2017,North Korea,41,PRK,0.316,0.007,0.006,0.012,0.085,0.14100000000000001
731,2018,North Korea,41,PRK,0.316,0.007,0.007,0.012,0.086,0.14100000000000001
731,2019,North Korea,41,PRK,0.313,0.007,0.011,0.012,0.086,0.14100000000000001
731,2020,North Korea,41,PRK,0.313,0.018,0.008,0.012,0.085,0.14100000000000001
731,2021,North Korea,41,PRK,0.311,0.018,0.008,0.012,0.087,0.14100000000000001
731,2022,North Korea,41,PRK,0.314,0.018,0.008,0.012,0.085,0.14100000000000001
731,2023,North Korea,41,PRK,0.312,0.018,0.008,0.012,0.087,0.14100000000000001
731,2024,North Korea,41,PRK,0.311,0.023,0.008,0.012,0.086,0.14100000000000001
732,1968,South Korea,42,KOR,0.582,0.18,0.56,0.411,0.14,0.528
732,1969,South Korea,42,KOR,0.579,0.18,0.56,0.411,0.143,0.528
732,1970,South Korea,42,KOR,0.58,0.193,0.56,0.409,0.139,0.528
732,1971,South Korea,42,KOR,0.584,0.193,0.56,0.409,0.141,0.528
732,1972,South Korea,42,KOR,0.577,0.118,0.547,0.315,0.09,0.528
732,1973,South Korea,42,KOR,0.524,0.096,0.519,0.258,0.091,0.528
732,1974,South Korea,42,KOR,0.525,0.096,0.519,0.245,0.089,0.528
732,1975,South Korea,42,KOR,0.523,0.096,0.519,0.245,0.089,0.528
732,1976,South Korea,42,KOR,0.522,0.096,0.519,0.24,0.089,0.528
732,1977,South Korea,42,KOR,0.525,0.096,0.519,0.24,0.091,0.528
732,1978,South Korea,42,KOR,0.519,0.096,0.519,0.24,0.088,0.528
732,1979,South Korea,42,KOR,0.522,0.096,0.519,0.24,0.087,0.528
732,1980,South Korea,42,KOR,0.525,0.171,0.572,0.429,0.1,0.5549999999999999
732,1981,South Korea,42,KOR,0.524,0.087,0.564,0.221,0.096,0.5549999999999999
732,1982,South Korea,42,KOR,0.525,0.093,0.626,0.236,0.099,0.5549999999999999
732,1983,South Korea,42,KOR,0.524,0.138,0.627,0.276,0.1,0.5549999999999999
732,1984,South Korea,42,KOR,0.524,0.227,0.627,0.339,0.101,0.5549999999999999
732,1985,South Korea,42,KOR,0.656,0.279,0.635,0.357,0.1,0.5549999999999999
732,1986,South Korea,42,KOR,0.658,0.279,0.649,0.379,0.105,0.5549999999999999
732,1987,South Korea,42,KOR,0.81,0.416,0.811,0.534,0.127,0.661
732,1988,South Korea,42,KOR,0.849,0.681,0.908,0.787,0.601,0.661
732,1989,South Korea,42,KOR,0.849,0.704,0.936,0.836,0.603,0.661
732,1990,South Korea,42,KOR,0.848,0.704,0.943,0.836,0.602,0.661
732,1991,South Korea,42,KOR,0.849,0.704,0.943,0.836,0.602,0.661
732,1992,South Korea,42,KOR,0.854,0.704,0.943,0.849,0.66,0.661
732,1993,South Korea,42,KOR,0.873,0.699,0.956,0.903,0.797,0.857
732,1994,South Korea,42,KOR,0.873,0.699,0.956,0.912,0.793,0.857
732,1995,South Korea,42,KOR,0.873,0.699,0.956,0.912,0.796,0.857
732,1996,South Korea,42,KOR,0.887,0.699,0.956,0.912,0.801,0.857
732,1997,South Korea,42,KOR,0.911,0.699,0.956,0.919,0.801,0.857
732,1998,South Korea,42,KOR,0.93,0.82,0.964,0.933,0.921,0.857
732,1999,South Korea,42,KOR,0.931,0.82,0.964,0.948,0.921,0.857
732,2000,South Korea,42,KOR,0.932,0.82,0.964,0.96,0.919,0.906
732,2001,South Korea,42,KOR,0.933,0.82,0.964,0.96,0.92,0.906
732,2002,South Korea,42,KOR,0.936,0.82,0.964,0.96,0.922,0.906
732,2003,South Korea,42,KOR,0.935,0.82,0.964,0.96,0.922,0.923
732,2004,South Korea,42,KOR,0.935,0.82,0.964,0.96,0.921,0.923
732,2005,South Korea,42,KOR,0.935,0.82,0.964,0.96,0.924,0.923
732,2006,South Korea,42,KOR,0.935,0.82,0.964,0.96,0.923,0.923
732,2007,South Korea,42,KOR,0.94,0.82,0.964,0.955,0.923,0.923
732,2008,South Korea,42,KOR,0.932,0.774,0.957,0.822,0.864,0.906
732,2009,South Korea,42,KOR,0.932,0.774,0.957,0.822,0.866,0.906
732,2010,South Korea,42,KOR,0.932,0.774,0.957,0.826,0.865,0.906
732,2011,South Korea,42,KOR,0.932,0.774,0.957,0.826,0.864,0.906
732,2012,South Korea,42,KOR,0.898,0.774,0.957,0.826,0.862,0.906
732,2013,South Korea,42,KOR,0.889,0.768,0.95,0.777,0.868,0.891
732,2014,South Korea,42,KOR,0.889,0.768,0.95,0.776,0.868,0.891
732,2015,South Korea,42,KOR,0.888,0.761,0.943,0.774,0.87,0.858
732,2016,South Korea,42,KOR,0.917,0.761,0.943,0.774,0.9,0.858
732,2017,South Korea,42,KOR,0.939,0.859,0.955,0.953,0.948,0.9410000000000001
732,2018,South Korea,42,KOR,0.939,0.87,0.955,0.954,0.956,0.952
732,2019,South Korea,42,KOR,0.939,0.775,0.951,0.956,0.959,0.952
732,2020,South Korea,42,KOR,0.936,0.843,0.953,0.95,0.959,0.952
732,2021,South Korea,42,KOR,0.936,0.843,0.947,0.955,0.93,0.923
732,2022,South Korea,42,KOR,0.928,0.779,0.942,0.904,0.908,0.923
732,2023,South Korea,42,KOR,0.921,0.778,0.938,0.785,0.872,0.833
732,2024,South Korea,42,KOR,0.912,0.77,0.887,0.787,0.938,0.833
740,1968,Japan,9,JPN,0.917,0.83,0.959,0.923,0.945,0.952
740,1969,Japan,9,JPN,0.915,0.83,0.959,0.923,0.946,0.952
740,1970,Japan,9,JPN,0.916,0.852,0.959,0.925,0.945,0.952
740,1971,Japan,9,JPN,0.916,0.864,0.959,0.925,0.944,0.952
740,1972,Japan,9,JPN,0.916,0.864,0.967,0.925,0.943,0.952
740,1973,Japan,9,JPN,0.915,0.864,0.967,0.925,0.944,0.952
740,1974,Japan,9,JPN,0.915,0.864,0.967,0.925,0.945,0.952
740,1975,Japan,9,JPN,0.915,0.864,0.967,0.925,0.944,0.952
740,1976,Japan,9,JPN,0.916,0.864,0.967,0.925,0.943,0.952
740,1977,Japan,9,JPN,0.916,0.864,0.967,0.925,0.944,0.952
740,1978,Japan,9,JPN,0.917,0.864,0.967,0.925,0.944,0.952
740,1979,Japan,9,JPN,0.916,0.864,0.967,0.925,0.945,0.952
740,1980,Japan,9,JPN,0.916,0.86,0.967,0.925,0.944,0.952
740,1981,Japan,9,JPN,0.916,0.86,0.967,0.925,0.943,0.952
740,1982,Japan,9,JPN,0.916,0.86,0.967,0.925,0.945,0.952
740,1983,Japan,9,JPN,0.916,0.86,0.967,0.925,0.945,0.952
740,1984,Japan,9,JPN,0.915,0.86,0.967,0.925,0.943,0.952
740,1985,Japan,9,JPN,0.915,0.86,0.967,0.925,0.944,0.952
740,1986,Japan,9,JPN,0.915,0.86,0.967,0.925,0.945,0.952
740,1987,Japan,9,JPN,0.915,0.86,0.967,0.925,0.944,0.952
740,1988,Japan,9,JPN,0.916,0.86,0.967,0.925,0.944,0.952
740,1989,Japan,9,JPN,0.916,0.86,0.967,0.925,0.944,0.952
740,1990,Japan,9,JPN,0.916,0.876,0.967,0.924,0.945,0.952
740,1991,Japan,9,JPN,0.916,0.876,0.967,0.924,0.944,0.952
740,1992,Japan,9,JPN,0.916,0.876,0.967,0.924,0.945,0.952
740,1993,Japan,9,JPN,0.916,0.876,0.967,0.924,0.944,0.952
740,1994,Japan,9,JPN,0.916,0.876,0.967,0.924,0.946,0.952
740,1995,Japan,9,JPN,0.916,0.88,0.967,0.924,0.944,0.952
740,1996,Japan,9,JPN,0.915,0.88,0.967,0.924,0.944,0.952
740,1997,Japan,9,JPN,0.916,0.88,0.967,0.924,0.944,0.952
740,1998,Japan,9,JPN,0.916,0.88,0.967,0.924,0.943,0.963
740,1999,Japan,9,JPN,0.916,0.88,0.967,0.924,0.944,0.963
740,2000,Japan,9,JPN,0.915,0.88,0.967,0.924,0.953,0.963
740,2001,Japan,9,JPN,0.916,0.88,0.967,0.924,0.954,0.963
740,2002,Japan,9,JPN,0.915,0.88,0.967,0.924,0.953,0.963
740,2003,Japan,9,JPN,0.916,0.88,0.967,0.924,0.953,0.963
740,2004,Japan,9,JPN,0.917,0.88,0.967,0.924,0.953,0.963
740,2005,Japan,9,JPN,0.929,0.88,0.967,0.924,0.953,0.963
740,2006,Japan,9,JPN,0.928,0.88,0.967,0.924,0.955,0.963
740,2007,Japan,9,JPN,0.928,0.88,0.967,0.924,0.952,0.963
740,2008,Japan,9,JPN,0.929,0.881,0.967,0.924,0.953,0.963
740,2009,Japan,9,JPN,0.929,0.891,0.967,0.928,0.954,0.963
740,2010,Japan,9,JPN,0.929,0.891,0.967,0.928,0.952,0.963
740,2011,Japan,9,JPN,0.929,0.891,0.967,0.928,0.954,0.963
740,2012,Japan,9,JPN,0.928,0.88,0.967,0.926,0.953,0.963
740,2013,Japan,9,JPN,0.928,0.88,0.965,0.871,0.954,0.963
740,2014,Japan,9,JPN,0.929,0.88,0.965,0.871,0.95,0.963
740,2015,Japan,9,JPN,0.929,0.891,0.965,0.871,0.946,0.963
740,2016,Japan,9,JPN,0.929,0.891,0.965,0.871,0.947,0.963
740,2017,Japan,9,JPN,0.928,0.891,0.965,0.871,0.948,0.963
740,2018,Japan,9,JPN,0.929,0.958,0.965,0.864,0.947,0.963
740,2019,Japan,9,JPN,0.929,0.955,0.965,0.865,0.949,0.963
740,2020,Japan,9,JPN,0.929,0.955,0.948,0.866,0.915,0.963
740,2021,Japan,9,JPN,0.924,0.955,0.956,0.848,0.913,0.963
740,2022,Japan,9,JPN,0.921,0.955,0.962,0.849,0.914,0.963
740,2023,Japan,9,JPN,0.922,0.955,0.968,0.855,0.911,0.963
740,2024,Japan,9,JPN,0.917,0.955,0.957,0.849,0.914,0.963
750,1968,India,39,IND,0.881,0.683,0.678,0.81,0.87,0.626
750,1969,India,39,IND,0.882,0.683,0.678,0.81,0.87,0.626
750,1970,India,39,IND,0.883,0.675,0.678,0.82,0.866,0.626
750,1971,India,39,IND,0.85,0.652,0.678,0.82,0.865,0.626
750,1972,India,39,IND,0.85,0.672,0.678,0.82,0.864,0.626
750,1973,India,39,IND,0.849,0.672,0.678,0.82,0.863,0.626
750,1974,India,39,IND,0.851,0.62,0.678,0.72,0.865,0.626
750,1975,India,39,IND,0.824,0.439,0.51,0.389,0.834,0.626
750,1976,India,39,IND,0.819,0.388,0.51,0.386,0.767,0.626
750,1977,India,39,IND,0.84,0.604,0.631,0.676,0.794,0.626
750,1978,India,39,IND,0.859,0.807,0.678,0.852,0.864,0.626
750,1979,India,39,IND,0.859,0.807,0.678,0.862,0.867,0.626
750,1980,India,39,IND,0.859,0.807,0.65,0.862,0.864,0.626
750,1981,India,39,IND,0.859,0.785,0.641,0.862,0.866,0.626
750,1982,India,39,IND,0.859,0.78,0.641,0.862,0.866,0.626
750,1983,India,39,IND,0.859,0.792,0.641,0.862,0.866,0.626
750,1984,India,39,IND,0.883,0.792,0.637,0.862,0.867,0.626
750,1985,India,39,IND,0.884,0.792,0.669,0.862,0.87,0.626
750,1986,India,39,IND,0.884,0.813,0.671,0.862,0.867,0.626
750,1987,India,39,IND,0.883,0.813,0.671,0.862,0.865,0.626
750,1988,India,39,IND,0.883,0.79,0.671,0.862,0.869,0.626
750,1989,India,39,IND,0.882,0.79,0.67,0.862,0.866,0.626
750,1990,India,39,IND,0.897,0.827,0.667,0.867,0.866,0.626
750,1991,India,39,IND,0.906,0.852,0.693,0.867,0.868,0.626
750,1992,India,39,IND,0.907,0.84,0.693,0.882,0.867,0.41500000000000004
750,1993,India,39,IND,0.907,0.866,0.696,0.882,0.865,0.41500000000000004
750,1994,India,39,IND,0.906,0.866,0.696,0.896,0.867,0.41500000000000004
750,1995,India,39,IND,0.906,0.866,0.696,0.896,0.867,0.41500000000000004
750,1996,India,39,IND,0.909,0.866,0.701,0.896,0.869,0.41500000000000004
750,1997,India,39,IND,0.907,0.866,0.704,0.896,0.868,0.41500000000000004
750,1998,India,39,IND,0.913,0.866,0.699,0.896,0.869,0.41500000000000004
750,1999,India,39,IND,0.908,0.845,0.704,0.892,0.868,0.41500000000000004
750,2000,India,39,IND,0.908,0.832,0.704,0.888,0.867,0.41500000000000004
750,2001,India,39,IND,0.908,0.832,0.704,0.888,0.869,0.41500000000000004
750,2002,India,39,IND,0.908,0.844,0.699,0.888,0.868,0.41500000000000004
750,2003,India,39,IND,0.909,0.834,0.691,0.894,0.869,0.41500000000000004
750,2004,India,39,IND,0.904,0.843,0.691,0.885,0.868,0.41500000000000004
750,2005,India,39,IND,0.905,0.769,0.692,0.891,0.868,0.41500000000000004
750,2006,India,39,IND,0.905,0.769,0.692,0.895,0.869,0.41500000000000004
750,2007,India,39,IND,0.906,0.769,0.692,0.895,0.867,0.41500000000000004
750,2008,India,39,IND,0.905,0.769,0.692,0.895,0.867,0.41500000000000004
750,2009,India,39,IND,0.882,0.769,0.692,0.882,0.867,0.41500000000000004
750,2010,India,39,IND,0.883,0.767,0.702,0.889,0.877,0.404
750,2011,India,39,IND,0.88,0.767,0.699,0.889,0.879,0.404
750,2012,India,39,IND,0.882,0.743,0.7,0.873,0.872,0.404
750,2013,India,39,IND,0.879,0.732,0.733,0.868,0.87,0.404
750,2014,India,39,IND,0.868,0.682,0.714,0.813,0.858,0.41200000000000003
750,2015,India,39,IND,0.857,0.591,0.688,0.666,0.806,0.344
750,2016,India,39,IND,0.857,0.559,0.67,0.615,0.8,0.344
750,2017,India,39,IND,0.841,0.524,0.652,0.549,0.777,0.344
750,2018,India,39,IND,0.843,0.483,0.66,0.54,0.749,0.344
750,2019,India,39,IND,0.785,0.47,0.616,0.514,0.722,0.344
750,2020,India,39,IND,0.78,0.397,0.587,0.441,0.694,0.30500000000000005
750,2021,India,39,IND,0.78,0.418,0.612,0.462,0.738,0.276
750,2022,India,39,IND,0.778,0.418,0.58,0.447,0.703,0.276
750,2023,India,39,IND,0.778,0.359,0.556,0.423,0.695,0.30600000000000005
750,2024,India,39,IND,0.784,0.35,0.584,0.493,0.697,0.31100000000000005
760,1968,Bhutan,53,BTN,0.125,0.348,0.594,0.258,0.306,0.823
760,1969,Bhutan,53,BTN,0.125,0.348,0.594,0.259,0.308,0.823
760,1970,Bhutan,53,BTN,0.123,0.348,0.601,0.259,0.312,0.823
760,1971,Bhutan,53,BTN,0.126,0.348,0.601,0.275,0.308,0.823
760,1972,Bhutan,53,BTN,0.125,0.348,0.611,0.281,0.306,0.823
760,1973,Bhutan,53,BTN,0.122,0.348,0.611,0.289,0.309,0.823
760,1974,Bhutan,53,BTN,0.122,0.348,0.611,0.289,0.306,0.823
760,1975,Bhutan,53,BTN,0.119,0.348,0.611,0.289,0.307,0.823
760,1976,Bhutan,53,BTN,0.121,0.348,0.611,0.303,0.309,0.823
760,1977,Bhutan,53,BTN,0.122,0.348,0.606,0.312,0.309,0.823
760,1978,Bhutan,53,BTN,0.123,0.348,0.606,0.312,0.306,0.823
760,1979,Bhutan,53,BTN,0.122,0.348,0.613,0.312,0.309,0.823
760,1980,Bhutan,53,BTN,0.124,0.368,0.63,0.317,0.305,0.823
760,1981,Bhutan,53,BTN,0.125,0.368,0.63,0.317,0.308,0.823
760,1982,Bhutan,53,BTN,0.123,0.368,0.63,0.317,0.304,0.823
760,1983,Bhutan,53,BTN,0.124,0.368,0.63,0.317,0.305,0.823
760,1984,Bhutan,53,BTN,0.125,0.368,0.626,0.317,0.31,0.823
760,1985,Bhutan,53,BTN,0.122,0.368,0.604,0.309,0.308,0.823
760,1986,Bhutan,53,BTN,0.122,0.354,0.604,0.353,0.304,0.823
760,1987,Bhutan,53,BTN,0.124,0.354,0.604,0.359,0.309,0.823
760,1988,Bhutan,53,BTN,0.122,0.347,0.604,0.359,0.309,0.823
760,1989,Bhutan,53,BTN,0.125,0.347,0.622,0.376,0.305,0.823
760,1990,Bhutan,53,BTN,0.124,0.347,0.64,0.376,0.306,0.823
760,1991,Bhutan,53,BTN,0.126,0.347,0.64,0.376,0.311,0.823
760,1992,Bhutan,53,BTN,0.123,0.347,0.645,0.399,0.305,0.823
760,1993,Bhutan,53,BTN,0.122,0.347,0.667,0.406,0.305,0.823
760,1994,Bhutan,53,BTN,0.123,0.347,0.667,0.401,0.306,0.823
760,1995,Bhutan,53,BTN,0.123,0.347,0.667,0.401,0.313,0.823
760,1996,Bhutan,53,BTN,0.121,0.347,0.667,0.408,0.311,0.823
760,1997,Bhutan,53,BTN,0.124,0.347,0.667,0.408,0.306,0.823
760,1998,Bhutan,53,BTN,0.124,0.347,0.684,0.413,0.485,0.823
760,1999,Bhutan,53,BTN,0.124,0.367,0.691,0.424,0.539,0.823
760,2000,Bhutan,53,BTN,0.125,0.641,0.695,0.441,0.545,0.823
760,2001,Bhutan,53,BTN,0.126,0.641,0.703,0.447,0.543,0.823
760,2002,Bhutan,53,BTN,0.121,0.64,0.721,0.455,0.554,0.885
760,2003,Bhutan,53,BTN,0.12,0.635,0.724,0.478,0.557,0.885
760,2004,Bhutan,53,BTN,0.125,0.635,0.724,0.49,0.555,0.885
760,2005,Bhutan,53,BTN,0.123,0.635,0.711,0.503,0.55,0.885
760,2006,Bhutan,53,BTN,0.125,0.635,0.726,0.566,0.568,0.885
760,2007,Bhutan,53,BTN,0.192,0.635,0.718,0.614,0.576,0.885
760,2008,Bhutan,53,BTN,0.859,0.639,0.838,0.74,0.851,0.913
760,2009,Bhutan,53,BTN,0.859,0.639,0.844,0.761,0.875,0.922
760,2010,Bhutan,53,BTN,0.857,0.663,0.837,0.761,0.878,0.922
760,2011,Bhutan,53,BTN,0.859,0.663,0.838,0.761,0.875,0.922
760,2012,Bhutan,53,BTN,0.859,0.647,0.838,0.77,0.877,0.922
760,2013,Bhutan,53,BTN,0.848,0.678,0.817,0.704,0.864,0.859
760,2014,Bhutan,53,BTN,0.848,0.678,0.817,0.702,0.865,0.859
760,2015,Bhutan,53,BTN,0.846,0.678,0.817,0.701,0.865,0.859
760,2016,Bhutan,53,BTN,0.848,0.687,0.818,0.66,0.866,0.825
760,2017,Bhutan,53,BTN,0.847,0.705,0.831,0.684,0.862,0.825
760,2018,Bhutan,53,BTN,0.868,0.72,0.834,0.686,0.857,0.825
760,2019,Bhutan,53,BTN,0.869,0.734,0.842,0.711,0.903,0.825
760,2020,Bhutan,53,BTN,0.862,0.685,0.842,0.759,0.889,0.825
760,2021,Bhutan,53,BTN,0.863,0.64,0.839,0.727,0.841,0.823
760,2022,Bhutan,53,BTN,0.863,0.686,0.841,0.694,0.83,0.823
760,2023,Bhutan,53,BTN,0.859,0.686,0.825,0.717,0.824,0.823
760,2024,Bhutan,53,BTN,0.861,0.745,0.773,0.709,0.848,0.788
770,1968,Pakistan,29,PAK,0.196,0.235,0.49,0.375,0.458,0.663
770,1969,Pakistan,29,PAK,0.2,0.235,0.428,0.389,0.363,0.663
770,1970,Pakistan,29,PAK,0.724,0.343,0.394,0.539,0.448,0.544
770,1971,Pakistan,29,PAK,0.208,0.343,0.227,0.392,0.437,0.376
770,1972,Pakistan,29,PAK,0.215,0.383,0.336,0.431,0.427,0.376
770,1973,Pakistan,29,PAK,0.216,0.383,0.34,0.44,0.435,0.376
770,1974,Pakistan,29,PAK,0.214,0.383,0.344,0.44,0.434,0.376
770,1975,Pakistan,29,PAK,0.209,0.383,0.334,0.44,0.437,0.376
770,1976,Pakistan,29,PAK,0.215,0.383,0.334,0.44,0.434,0.376
770,1977,Pakistan,29,PAK,0.601,0.328,0.344,0.395,0.373,0.376
770,1978,Pakistan,29,PAK,0.149,0.178,0.261,0.293,0.396,0.376
770,1979,Pakistan,29,PAK,0.152,0.144,0.202,0.241,0.404,0.376
770,1980,Pakistan,29,PAK,0.155,0.144,0.176,0.247,0.391,0.45099999999999996
770,1981,Pakistan,29,PAK,0.153,0.144,0.176,0.247,0.386,0.45099999999999996
770,1982,Pakistan,29,PAK,0.154,0.217,0.176,0.247,0.388,0.45099999999999996
770,1983,Pakistan,29,PAK,0.153,0.217,0.176,0.247,0.392,0.45099999999999996
770,1984,Pakistan,29,PAK,0.153,0.217,0.176,0.247,0.391,0.45099999999999996
770,1985,Pakistan,29,PAK,0.436,0.217,0.209,0.308,0.479,0.45099999999999996
770,1986,Pakistan,29,PAK,0.44,0.248,0.209,0.308,0.478,0.45099999999999996
770,1987,Pakistan,29,PAK,0.437,0.248,0.209,0.308,0.492,0.45099999999999996
770,1988,Pakistan,29,PAK,0.636,0.307,0.21,0.365,0.489,0.263
770,1989,Pakistan,29,PAK,0.673,0.658,0.318,0.587,0.511,0.263
770,1990,Pakistan,29,PAK,0.669,0.618,0.346,0.619,0.455,0.18300000000000005
770,1991,Pakistan,29,PAK,0.67,0.618,0.346,0.619,0.455,0.18300000000000005
770,1992,Pakistan,29,PAK,0.67,0.618,0.346,0.619,0.458,0.18300000000000005
770,1993,Pakistan,29,PAK,0.686,0.618,0.36,0.619,0.464,0.18300000000000005
770,1994,Pakistan,29,PAK,0.686,0.618,0.36,0.619,0.462,0.18300000000000005
770,1995,Pakistan,29,PAK,0.684,0.618,0.36,0.619,0.462,0.18300000000000005
770,1996,Pakistan,29,PAK,0.683,0.618,0.36,0.619,0.471,0.18300000000000005
770,1997,Pakistan,29,PAK,0.694,0.634,0.326,0.631,0.452,0.18300000000000005
770,1998,Pakistan,29,PAK,0.694,0.63,0.336,0.655,0.46,0.18300000000000005
770,1999,Pakistan,29,PAK,0.67,0.619,0.336,0.658,0.401,0.19199999999999995
770,2000,Pakistan,29,PAK,0.213,0.559,0.318,0.713,0.384,0.27
770,2001,Pakistan,29,PAK,0.215,0.528,0.298,0.713,0.38,0.27
770,2002,Pakistan,29,PAK,0.597,0.528,0.303,0.738,0.39,0.19199999999999995
770,2003,Pakistan,29,PAK,0.583,0.577,0.328,0.746,0.445,0.19199999999999995
770,2004,Pakistan,29,PAK,0.584,0.577,0.379,0.746,0.448,0.19199999999999995
770,2005,Pakistan,29,PAK,0.585,0.63,0.379,0.746,0.439,0.19199999999999995
770,2006,Pakistan,29,PAK,0.583,0.613,0.366,0.742,0.433,0.19199999999999995
770,2007,Pakistan,29,PAK,0.583,0.554,0.371,0.738,0.44,0.19199999999999995
770,2008,Pakistan,29,PAK,0.688,0.622,0.373,0.766,0.469,0.11299999999999999
770,2009,Pakistan,29,PAK,0.688,0.702,0.395,0.802,0.508,0.11299999999999999
770,2010,Pakistan,29,PAK,0.699,0.729,0.387,0.836,0.575,0.121
770,2011,Pakistan,29,PAK,0.699,0.729,0.381,0.835,0.574,0.121
770,2012,Pakistan,29,PAK,0.699,0.729,0.373,0.841,0.572,0.121
770,2013,Pakistan,29,PAK,0.726,0.654,0.343,0.823,0.571,0.123
770,2014,Pakistan,29,PAK,0.727,0.638,0.339,0.808,0.561,0.18000000000000005
770,2015,Pakistan,29,PAK,0.716,0.564,0.354,0.746,0.551,0.18000000000000005
770,2016,Pakistan,29,PAK,0.716,0.538,0.348,0.701,0.547,0.17400000000000004
770,2017,Pakistan,29,PAK,0.718,0.543,0.361,0.669,0.526,0.132
770,2018,Pakistan,29,PAK,0.666,0.547,0.395,0.632,0.584,0.125
770,2019,Pakistan,29,PAK,0.666,0.542,0.361,0.576,0.569,0.15600000000000003
770,2020,Pakistan,29,PAK,0.682,0.557,0.373,0.608,0.611,0.16300000000000003
770,2021,Pakistan,29,PAK,0.681,0.664,0.386,0.637,0.542,0.16300000000000003
770,2022,Pakistan,29,PAK,0.662,0.688,0.291,0.638,0.562,0.135
770,2023,Pakistan,29,PAK,0.646,0.676,0.302,0.543,0.584,0.14400000000000002
770,2024,Pakistan,29,PAK,0.558,0.649,0.379,0.568,0.517,0.30500000000000005
771,1971,Bangladesh,24,BGD,0.22,0.411,0.447,0.442,0.413,0.119
771,1972,Bangladesh,24,BGD,0.232,0.755,0.609,0.651,0.344,0.119
771,1973,Bangladesh,24,BGD,0.664,0.651,0.574,0.613,0.261,0.119
771,1974,Bangladesh,24,BGD,0.664,0.651,0.474,0.566,0.264,0.119
771,1975,Bangladesh,24,BGD,0.63,0.449,0.455,0.267,0.276,0.119
771,1976,Bangladesh,24,BGD,0.172,0.478,0.438,0.366,0.278,0.11399999999999999
771,1977,Bangladesh,24,BGD,0.212,0.601,0.453,0.521,0.28,0.11399999999999999
771,1978,Bangladesh,24,BGD,0.653,0.601,0.476,0.562,0.277,0.11399999999999999
771,1979,Bangladesh,24,BGD,0.668,0.64,0.513,0.579,0.233,0.11399999999999999
771,1980,Bangladesh,24,BGD,0.668,0.64,0.513,0.572,0.243,0.11399999999999999
771,1981,Bangladesh,24,BGD,0.666,0.618,0.513,0.565,0.238,0.11399999999999999
771,1982,Bangladesh,24,BGD,0.65,0.494,0.513,0.427,0.269,0.040000000000000036
771,1983,Bangladesh,24,BGD,0.235,0.486,0.495,0.397,0.275,0.040000000000000036
771,1984,Bangladesh,24,BGD,0.234,0.486,0.495,0.44,0.273,0.040000000000000036
771,1985,Bangladesh,24,BGD,0.238,0.527,0.495,0.44,0.277,0.040000000000000036
771,1986,Bangladesh,24,BGD,0.586,0.541,0.495,0.472,0.284,0.040000000000000036
771,1987,Bangladesh,24,BGD,0.586,0.541,0.495,0.472,0.24,0.040000000000000036
771,1988,Bangladesh,24,BGD,0.504,0.541,0.495,0.47,0.211,0.040000000000000036
771,1989,Bangladesh,24,BGD,0.504,0.541,0.495,0.461,0.214,0.040000000000000036
771,1990,Bangladesh,24,BGD,0.518,0.541,0.508,0.461,0.296,0.040000000000000036
771,1991,Bangladesh,24,BGD,0.765,0.742,0.59,0.736,0.337,0.10199999999999998
771,1992,Bangladesh,24,BGD,0.752,0.752,0.59,0.766,0.343,0.10199999999999998
771,1993,Bangladesh,24,BGD,0.753,0.741,0.59,0.766,0.348,0.10199999999999998
771,1994,Bangladesh,24,BGD,0.752,0.741,0.59,0.766,0.348,0.10199999999999998
771,1995,Bangladesh,24,BGD,0.752,0.741,0.59,0.766,0.349,0.10199999999999998
771,1996,Bangladesh,24,BGD,0.759,0.737,0.611,0.723,0.342,0.06399999999999995
771,1997,Bangladesh,24,BGD,0.758,0.769,0.596,0.725,0.346,0.06399999999999995
771,1998,Bangladesh,24,BGD,0.76,0.769,0.596,0.725,0.342,0.06399999999999995
771,1999,Bangladesh,24,BGD,0.759,0.769,0.596,0.725,0.337,0.06399999999999995
771,2000,Bangladesh,24,BGD,0.758,0.769,0.614,0.725,0.345,0.039000000000000035
771,2001,Bangladesh,24,BGD,0.757,0.717,0.605,0.733,0.349,0.039000000000000035
771,2002,Bangladesh,24,BGD,0.716,0.736,0.547,0.722,0.339,0.09799999999999998
771,2003,Bangladesh,24,BGD,0.716,0.737,0.547,0.735,0.332,0.09799999999999998
771,2004,Bangladesh,24,BGD,0.715,0.737,0.509,0.735,0.327,0.09799999999999998
771,2005,Bangladesh,24,BGD,0.714,0.737,0.509,0.735,0.332,0.09799999999999998
771,2006,Bangladesh,24,BGD,0.713,0.74,0.506,0.698,0.378,0.09799999999999998
771,2007,Bangladesh,24,BGD,0.236,0.605,0.473,0.562,0.381,0.16700000000000004
771,2008,Bangladesh,24,BGD,0.719,0.66,0.479,0.587,0.38,0.16700000000000004
771,2009,Bangladesh,24,BGD,0.712,0.797,0.442,0.591,0.305,0.038000000000000034
771,2010,Bangladesh,24,BGD,0.709,0.779,0.435,0.593,0.261,0.038000000000000034
771,2011,Bangladesh,24,BGD,0.709,0.762,0.428,0.561,0.256,0.038000000000000034
771,2012,Bangladesh,24,BGD,0.708,0.74,0.423,0.55,0.264,0.038000000000000034
771,2013,Bangladesh,24,BGD,0.702,0.77,0.387,0.478,0.253,0.06299999999999994
771,2014,Bangladesh,24,BGD,0.448,0.728,0.384,0.437,0.176,0.06299999999999994
771,2015,Bangladesh,24,BGD,0.444,0.709,0.406,0.414,0.179,0.08699999999999997
771,2016,Bangladesh,24,BGD,0.453,0.684,0.409,0.405,0.183,0.07599999999999996
771,2017,Bangladesh,24,BGD,0.462,0.615,0.388,0.381,0.19,0.07599999999999996
771,2018,Bangladesh,24,BGD,0.488,0.619,0.375,0.392,0.178,0.07499999999999996
771,2019,Bangladesh,24,BGD,0.495,0.564,0.337,0.344,0.186,0.07499999999999996
771,2020,Bangladesh,24,BGD,0.497,0.612,0.329,0.367,0.196,0.08399999999999996
771,2021,Bangladesh,24,BGD,0.496,0.671,0.337,0.362,0.199,0.06699999999999995
771,2022,Bangladesh,24,BGD,0.5,0.685,0.353,0.379,0.174,0.039000000000000035
771,2023,Bangladesh,24,BGD,0.501,0.732,0.354,0.34,0.201,0.03400000000000003
771,2024,Bangladesh,24,BGD,0.454,0.582,0.49,0.308,0.081,0.03400000000000003
775,1968,Burma/Myanmar,10,MMR,0.087,0.03,0.075,0.032,0.042,0.22699999999999998
775,1969,Burma/Myanmar,10,MMR,0.089,0.03,0.075,0.032,0.041,0.22699999999999998
775,1970,Burma/Myanmar,10,MMR,0.087,0.03,0.075,0.032,0.041,0.22699999999999998
775,1971,Burma/Myanmar,10,MMR,0.084,0.03,0.075,0.032,0.04,0.22699999999999998
775,1972,Burma/Myanmar,10,MMR,0.088,0.03,0.075,0.032,0.039,0.22699999999999998
775,1973,Burma/Myanmar,10,MMR,0.085,0.03,0.075,0.032,0.04,0.22699999999999998
775,1974,Burma/Myanmar,10,MMR,0.291,0.03,0.075,0.032,0.061,0.22699999999999998
775,1975,Burma/Myanmar,10,MMR,0.296,0.03,0.075,0.032,0.054,0.22699999999999998
775,1976,Burma/Myanmar,10,MMR,0.297,0.03,0.075,0.032,0.053,0.22699999999999998
775,1977,Burma/Myanmar,10,MMR,0.297,0.03,0.075,0.032,0.053,0.22699999999999998
775,1978,Burma/Myanmar,10,MMR,0.294,0.03,0.075,0.032,0.053,0.22699999999999998
775,1979,Burma/Myanmar,10,MMR,0.294,0.03,0.075,0.032,0.053,0.22699999999999998
775,1980,Burma/Myanmar,10,MMR,0.294,0.087,0.075,0.032,0.053,0.22699999999999998
775,1981,Burma/Myanmar,10,MMR,0.296,0.087,0.075,0.032,0.053,0.22699999999999998
775,1982,Burma/Myanmar,10,MMR,0.297,0.087,0.075,0.032,0.053,0.22699999999999998
775,1983,Burma/Myanmar,10,MMR,0.296,0.087,0.075,0.032,0.054,0.22699999999999998
775,1984,Burma/Myanmar,10,MMR,0.297,0.087,0.075,0.032,0.053,0.22699999999999998
775,1985,Burma/Myanmar,10,MMR,0.296,0.087,0.075,0.032,0.054,0.22699999999999998
775,1986,Burma/Myanmar,10,MMR,0.297,0.087,0.075,0.032,0.051,0.22699999999999998
775,1987,Burma/Myanmar,10,MMR,0.297,0.087,0.074,0.032,0.052,0.22699999999999998
775,1988,Burma/Myanmar,10,MMR,0.303,0.087,0.067,0.055,0.057,0.19199999999999995
775,1989,Burma/Myanmar,10,MMR,0.181,0.087,0.081,0.048,0.032,0.19199999999999995
775,1990,Burma/Myanmar,10,MMR,0.593,0.087,0.082,0.068,0.035,0.19199999999999995
775,1991,Burma/Myanmar,10,MMR,0.176,0.087,0.082,0.057,0.035,0.19199999999999995
775,1992,Burma/Myanmar,10,MMR,0.172,0.087,0.082,0.057,0.036,0.19199999999999995
775,1993,Burma/Myanmar,10,MMR,0.175,0.087,0.082,0.057,0.035,0.19199999999999995
775,1994,Burma/Myanmar,10,MMR,0.174,0.087,0.082,0.057,0.036,0.19199999999999995
775,1995,Burma/Myanmar,10,MMR,0.176,0.087,0.082,0.057,0.035,0.19199999999999995
775,1996,Burma/Myanmar,10,MMR,0.175,0.087,0.082,0.057,0.036,0.19199999999999995
775,1997,Burma/Myanmar,10,MMR,0.176,0.087,0.082,0.057,0.035,0.19199999999999995
775,1998,Burma/Myanmar,10,MMR,0.173,0.087,0.082,0.057,0.036,0.19199999999999995
775,1999,Burma/Myanmar,10,MMR,0.175,0.087,0.082,0.057,0.035,0.19199999999999995
775,2000,Burma/Myanmar,10,MMR,0.174,0.087,0.083,0.057,0.035,0.19199999999999995
775,2001,Burma/Myanmar,10,MMR,0.176,0.087,0.083,0.057,0.035,0.19199999999999995
775,2002,Burma/Myanmar,10,MMR,0.174,0.087,0.083,0.057,0.036,0.19199999999999995
775,2003,Burma/Myanmar,10,MMR,0.174,0.087,0.083,0.057,0.035,0.19199999999999995
775,2004,Burma/Myanmar,10,MMR,0.174,0.087,0.083,0.057,0.036,0.19199999999999995
775,2005,Burma/Myanmar,10,MMR,0.173,0.087,0.083,0.057,0.036,0.19199999999999995
775,2006,Burma/Myanmar,10,MMR,0.175,0.087,0.083,0.062,0.036,0.19199999999999995
775,2007,Burma/Myanmar,10,MMR,0.175,0.087,0.081,0.062,0.035,0.19199999999999995
775,2008,Burma/Myanmar,10,MMR,0.174,0.087,0.084,0.064,0.035,0.19199999999999995
775,2009,Burma/Myanmar,10,MMR,0.175,0.087,0.089,0.075,0.035,0.19199999999999995
775,2010,Burma/Myanmar,10,MMR,0.475,0.174,0.181,0.169,0.303,0.20699999999999996
775,2011,Burma/Myanmar,10,MMR,0.514,0.403,0.275,0.386,0.374,0.239
775,2012,Burma/Myanmar,10,MMR,0.691,0.478,0.301,0.474,0.379,0.239
775,2013,Burma/Myanmar,10,MMR,0.705,0.459,0.306,0.53,0.408,0.367
775,2014,Burma/Myanmar,10,MMR,0.71,0.48,0.333,0.525,0.371,0.367
775,2015,Burma/Myanmar,10,MMR,0.753,0.483,0.398,0.547,0.378,0.367
775,2016,Burma/Myanmar,10,MMR,0.759,0.562,0.413,0.595,0.589,0.497
775,2017,Burma/Myanmar,10,MMR,0.756,0.596,0.416,0.611,0.597,0.499
775,2018,Burma/Myanmar,10,MMR,0.749,0.596,0.421,0.62,0.66,0.601
775,2019,Burma/Myanmar,10,MMR,0.742,0.625,0.441,0.703,0.667,0.622
775,2020,Burma/Myanmar,10,MMR,0.784,0.625,0.441,0.685,0.673,0.622
775,2021,Burma/Myanmar,10,MMR,0.712,0.201,0.084,0.067,0.215,0.30400000000000005
775,2022,Burma/Myanmar,10,MMR,0.181,0.126,0.089,0.044,0.208,0.30200000000000005
775,2023,Burma/Myanmar,10,MMR,0.14,0.126,0.09,0.042,0.058,0.267
775,2024,Burma/Myanmar,10,MMR,0.15,0.126,0.091,0.048,0.058,0.20699999999999996
780,1968,Sri Lanka,131,LKA,0.851,0.695,0.798,0.863,0.664,0.88
780,1969,Sri Lanka,131,LKA,0.852,0.695,0.798,0.863,0.671,0.88
780,1970,Sri Lanka,131,LKA,0.841,0.692,0.758,0.809,0.667,0.88
780,1971,Sri Lanka,131,LKA,0.838,0.692,0.668,0.799,0.666,0.88
780,1972,Sri Lanka,131,LKA,0.837,0.701,0.695,0.758,0.655,0.88
780,1973,Sri Lanka,131,LKA,0.838,0.72,0.694,0.749,0.657,0.88
780,1974,Sri Lanka,131,LKA,0.837,0.72,0.706,0.754,0.656,0.88
780,1975,Sri Lanka,131,LKA,0.837,0.72,0.727,0.756,0.659,0.88
780,1976,Sri Lanka,131,LKA,0.837,0.72,0.727,0.756,0.655,0.88
780,1977,Sri Lanka,131,LKA,0.811,0.62,0.708,0.757,0.661,0.88
780,1978,Sri Lanka,131,LKA,0.814,0.582,0.697,0.734,0.491,0.81
780,1979,Sri Lanka,131,LKA,0.813,0.461,0.707,0.734,0.498,0.81
780,1980,Sri Lanka,131,LKA,0.814,0.465,0.612,0.662,0.493,0.81
780,1981,Sri Lanka,131,LKA,0.814,0.465,0.612,0.662,0.492,0.81
780,1982,Sri Lanka,131,LKA,0.779,0.465,0.612,0.662,0.488,0.81
780,1983,Sri Lanka,131,LKA,0.779,0.411,0.549,0.653,0.493,0.81
780,1984,Sri Lanka,131,LKA,0.778,0.411,0.536,0.653,0.498,0.81
780,1985,Sri Lanka,131,LKA,0.78,0.411,0.536,0.653,0.497,0.81
780,1986,Sri Lanka,131,LKA,0.779,0.411,0.511,0.64,0.494,0.81
780,1987,Sri Lanka,131,LKA,0.779,0.384,0.445,0.624,0.49,0.81
780,1988,Sri Lanka,131,LKA,0.763,0.36,0.416,0.616,0.49,0.81
780,1989,Sri Lanka,131,LKA,0.761,0.36,0.408,0.616,0.488,0.663
780,1990,Sri Lanka,131,LKA,0.76,0.413,0.429,0.612,0.494,0.663
780,1991,Sri Lanka,131,LKA,0.761,0.413,0.432,0.612,0.494,0.663
780,1992,Sri Lanka,131,LKA,0.762,0.413,0.484,0.619,0.492,0.663
780,1993,Sri Lanka,131,LKA,0.761,0.413,0.484,0.633,0.494,0.663
780,1994,Sri Lanka,131,LKA,0.827,0.549,0.558,0.661,0.499,0.622
780,1995,Sri Lanka,131,LKA,0.827,0.549,0.57,0.722,0.498,0.622
780,1996,Sri Lanka,131,LKA,0.828,0.549,0.57,0.722,0.494,0.622
780,1997,Sri Lanka,131,LKA,0.827,0.549,0.57,0.722,0.491,0.622
780,1998,Sri Lanka,131,LKA,0.827,0.549,0.57,0.673,0.497,0.622
780,1999,Sri Lanka,131,LKA,0.795,0.549,0.57,0.673,0.495,0.622
780,2000,Sri Lanka,131,LKA,0.79,0.549,0.57,0.646,0.498,0.622
780,2001,Sri Lanka,131,LKA,0.827,0.549,0.57,0.646,0.492,0.669
780,2002,Sri Lanka,131,LKA,0.82,0.549,0.57,0.685,0.491,0.669
780,2003,Sri Lanka,131,LKA,0.822,0.549,0.57,0.685,0.492,0.669
780,2004,Sri Lanka,131,LKA,0.804,0.534,0.565,0.685,0.494,0.669
780,2005,Sri Lanka,131,LKA,0.746,0.309,0.535,0.509,0.495,0.589
780,2006,Sri Lanka,131,LKA,0.742,0.271,0.496,0.423,0.488,0.589
780,2007,Sri Lanka,131,LKA,0.743,0.284,0.466,0.399,0.485,0.589
780,2008,Sri Lanka,131,LKA,0.74,0.284,0.466,0.382,0.498,0.589
780,2009,Sri Lanka,131,LKA,0.742,0.283,0.454,0.373,0.491,0.571
780,2010,Sri Lanka,131,LKA,0.728,0.334,0.538,0.478,0.471,0.42300000000000004
780,2011,Sri Lanka,131,LKA,0.729,0.315,0.538,0.479,0.468,0.42300000000000004
780,2012,Sri Lanka,131,LKA,0.729,0.323,0.556,0.484,0.472,0.42300000000000004
780,2013,Sri Lanka,131,LKA,0.738,0.35,0.587,0.557,0.475,0.42300000000000004
780,2014,Sri Lanka,131,LKA,0.735,0.346,0.592,0.552,0.471,0.42300000000000004
780,2015,Sri Lanka,131,LKA,0.793,0.778,0.679,0.701,0.635,0.579
780,2016,Sri Lanka,131,LKA,0.792,0.778,0.728,0.817,0.67,0.579
780,2017,Sri Lanka,131,LKA,0.794,0.799,0.73,0.795,0.689,0.579
780,2018,Sri Lanka,131,LKA,0.794,0.842,0.795,0.826,0.711,0.575
780,2019,Sri Lanka,131,LKA,0.884,0.719,0.739,0.699,0.702,0.575
780,2020,Sri Lanka,131,LKA,0.846,0.499,0.635,0.657,0.507,0.44099999999999995
780,2021,Sri Lanka,131,LKA,0.846,0.461,0.608,0.677,0.575,0.44099999999999995
780,2022,Sri Lanka,131,LKA,0.855,0.581,0.681,0.707,0.628,0.534
780,2023,Sri Lanka,131,LKA,0.838,0.631,0.719,0.744,0.633,0.534
780,2024,Sri Lanka,131,LKA,0.898,0.665,0.754,0.857,0.668,0.629
781,1968,Maldives,88,MDV,0.441,0.065,0.384,0.08,0.094,0.508
781,1969,Maldives,88,MDV,0.463,0.065,0.395,0.08,0.092,0.498
781,1970,Maldives,88,MDV,0.462,0.065,0.395,0.08,0.093,0.498
781,1971,Maldives,88,MDV,0.461,0.065,0.395,0.08,0.09,0.498
781,1972,Maldives,88,MDV,0.463,0.065,0.395,0.08,0.09,0.498
781,1973,Maldives,88,MDV,0.426,0.065,0.395,0.08,0.092,0.498
781,1974,Maldives,88,MDV,0.427,0.065,0.392,0.08,0.092,0.498
781,1975,Maldives,88,MDV,0.467,0.065,0.388,0.08,0.091,0.498
781,1976,Maldives,88,MDV,0.468,0.065,0.388,0.08,0.093,0.498
781,1977,Maldives,88,MDV,0.467,0.065,0.388,0.08,0.093,0.498
781,1978,Maldives,88,MDV,0.363,0.066,0.377,0.065,0.078,0.498
781,1979,Maldives,88,MDV,0.392,0.061,0.367,0.058,0.073,0.498
781,1980,Maldives,88,MDV,0.392,0.111,0.367,0.058,0.075,0.498
781,1981,Maldives,88,MDV,0.391,0.111,0.367,0.058,0.074,0.498
781,1982,Maldives,88,MDV,0.391,0.111,0.367,0.058,0.072,0.498
781,1983,Maldives,88,MDV,0.353,0.111,0.367,0.058,0.074,0.498
781,1984,Maldives,88,MDV,0.4,0.111,0.367,0.058,0.073,0.498
781,1985,Maldives,88,MDV,0.4,0.111,0.367,0.058,0.073,0.498
781,1986,Maldives,88,MDV,0.399,0.131,0.345,0.058,0.074,0.498
781,1987,Maldives,88,MDV,0.399,0.131,0.345,0.058,0.071,0.498
781,1988,Maldives,88,MDV,0.353,0.131,0.345,0.058,0.074,0.498
781,1989,Maldives,88,MDV,0.41,0.131,0.345,0.079,0.073,0.498
781,1990,Maldives,88,MDV,0.412,0.131,0.351,0.138,0.072,0.45199999999999996
781,1991,Maldives,88,MDV,0.411,0.131,0.351,0.086,0.075,0.45199999999999996
781,1992,Maldives,88,MDV,0.411,0.131,0.351,0.086,0.072,0.45199999999999996
781,1993,Maldives,88,MDV,0.353,0.131,0.351,0.097,0.072,0.45199999999999996
781,1994,Maldives,88,MDV,0.408,0.131,0.345,0.097,0.071,0.45199999999999996
781,1995,Maldives,88,MDV,0.409,0.131,0.345,0.085,0.075,0.44599999999999995
781,1996,Maldives,88,MDV,0.411,0.131,0.345,0.085,0.072,0.44599999999999995
781,1997,Maldives,88,MDV,0.41,0.131,0.345,0.085,0.071,0.44599999999999995
781,1998,Maldives,88,MDV,0.352,0.131,0.345,0.093,0.073,0.44599999999999995
781,1999,Maldives,88,MDV,0.403,0.131,0.345,0.093,0.073,0.44599999999999995
781,2000,Maldives,88,MDV,0.404,0.106,0.341,0.106,0.072,0.44599999999999995
781,2001,Maldives,88,MDV,0.404,0.106,0.341,0.114,0.073,0.44599999999999995
781,2002,Maldives,88,MDV,0.407,0.106,0.314,0.124,0.074,0.44599999999999995
781,2003,Maldives,88,MDV,0.357,0.207,0.314,0.179,0.08,0.44599999999999995
781,2004,Maldives,88,MDV,0.359,0.285,0.321,0.235,0.129,0.44599999999999995
781,2005,Maldives,88,MDV,0.565,0.393,0.358,0.388,0.378,0.595
781,2006,Maldives,88,MDV,0.573,0.411,0.352,0.424,0.392,0.6719999999999999
781,2007,Maldives,88,MDV,0.572,0.421,0.352,0.446,0.396,0.6719999999999999
781,2008,Maldives,88,MDV,0.796,0.67,0.466,0.709,0.616,0.6719999999999999
781,2009,Maldives,88,MDV,0.814,0.76,0.58,0.835,0.777,0.777
781,2010,Maldives,88,MDV,0.812,0.76,0.565,0.819,0.785,0.777
781,2011,Maldives,88,MDV,0.812,0.76,0.562,0.816,0.778,0.777
781,2012,Maldives,88,MDV,0.809,0.593,0.492,0.727,0.756,0.755
781,2013,Maldives,88,MDV,0.704,0.483,0.43,0.6,0.563,0.488
781,2014,Maldives,88,MDV,0.718,0.448,0.424,0.6,0.557,0.488
781,2015,Maldives,88,MDV,0.708,0.393,0.394,0.542,0.497,0.488
781,2016,Maldives,88,MDV,0.712,0.341,0.386,0.468,0.467,0.525
781,2017,Maldives,88,MDV,0.705,0.328,0.375,0.483,0.484,0.5429999999999999
781,2018,Maldives,88,MDV,0.728,0.395,0.399,0.542,0.551,0.534
781,2019,Maldives,88,MDV,0.801,0.58,0.655,0.772,0.787,0.657
781,2020,Maldives,88,MDV,0.798,0.591,0.66,0.794,0.789,0.7
781,2021,Maldives,88,MDV,0.8,0.476,0.647,0.81,0.783,0.677
781,2022,Maldives,88,MDV,0.801,0.64,0.669,0.774,0.787,0.677
781,2023,Maldives,88,MDV,0.823,0.667,0.701,0.767,0.786,0.677
781,2024,Maldives,88,MDV,0.798,0.626,0.718,0.733,0.782,0.677
790,1968,Nepal,58,NPL,0.085,0.234,0.189,0.179,0.463,0.31499999999999995
790,1969,Nepal,58,NPL,0.086,0.234,0.189,0.179,0.465,0.31499999999999995
790,1970,Nepal,58,NPL,0.085,0.234,0.194,0.179,0.463,0.31499999999999995
790,1971,Nepal,58,NPL,0.084,0.26,0.194,0.183,0.449,0.31499999999999995
790,1972,Nepal,58,NPL,0.085,0.26,0.195,0.183,0.442,0.31499999999999995
790,1973,Nepal,58,NPL,0.083,0.26,0.194,0.183,0.441,0.31499999999999995
790,1974,Nepal,58,NPL,0.085,0.26,0.194,0.183,0.441,0.31499999999999995
790,1975,Nepal,58,NPL,0.083,0.26,0.192,0.183,0.446,0.31499999999999995
790,1976,Nepal,58,NPL,0.084,0.26,0.195,0.183,0.442,0.31499999999999995
790,1977,Nepal,58,NPL,0.085,0.26,0.195,0.183,0.447,0.31499999999999995
790,1978,Nepal,58,NPL,0.083,0.289,0.194,0.183,0.443,0.31499999999999995
790,1979,Nepal,58,NPL,0.085,0.281,0.188,0.183,0.442,0.31499999999999995
790,1980,Nepal,58,NPL,0.08,0.303,0.227,0.213,0.571,0.31499999999999995
790,1981,Nepal,58,NPL,0.331,0.348,0.227,0.232,0.563,0.31499999999999995
790,1982,Nepal,58,NPL,0.331,0.358,0.228,0.254,0.564,0.31499999999999995
790,1983,Nepal,58,NPL,0.33,0.358,0.228,0.254,0.565,0.31499999999999995
790,1984,Nepal,58,NPL,0.331,0.358,0.228,0.254,0.565,0.31499999999999995
790,1985,Nepal,58,NPL,0.33,0.358,0.228,0.254,0.565,0.31499999999999995
790,1986,Nepal,58,NPL,0.34,0.358,0.228,0.254,0.561,0.31499999999999995
790,1987,Nepal,58,NPL,0.342,0.358,0.228,0.254,0.566,0.31499999999999995
790,1988,Nepal,58,NPL,0.343,0.358,0.228,0.254,0.564,0.31499999999999995
790,1989,Nepal,58,NPL,0.341,0.358,0.226,0.254,0.568,0.31499999999999995
790,1990,Nepal,58,NPL,0.41,0.532,0.454,0.777,0.742,0.29000000000000004
790,1991,Nepal,58,NPL,0.595,0.823,0.603,0.863,0.79,0.245
790,1992,Nepal,58,NPL,0.598,0.818,0.603,0.863,0.794,0.245
790,1993,Nepal,58,NPL,0.597,0.818,0.618,0.863,0.813,0.245
790,1994,Nepal,58,NPL,0.606,0.818,0.618,0.863,0.813,0.245
790,1995,Nepal,58,NPL,0.604,0.818,0.584,0.861,0.795,0.245
790,1996,Nepal,58,NPL,0.607,0.818,0.541,0.824,0.796,0.245
790,1997,Nepal,58,NPL,0.603,0.818,0.56,0.824,0.794,0.245
790,1998,Nepal,58,NPL,0.605,0.818,0.562,0.823,0.794,0.245
790,1999,Nepal,58,NPL,0.564,0.818,0.562,0.823,0.795,0.32499999999999996
790,2000,Nepal,58,NPL,0.549,0.662,0.543,0.77,0.801,0.25
790,2001,Nepal,58,NPL,0.55,0.654,0.513,0.76,0.785,0.277
790,2002,Nepal,58,NPL,0.526,0.654,0.503,0.688,0.749,0.277
790,2003,Nepal,58,NPL,0.232,0.654,0.505,0.676,0.724,0.277
790,2004,Nepal,58,NPL,0.229,0.654,0.505,0.68,0.729,0.277
790,2005,Nepal,58,NPL,0.232,0.654,0.561,0.655,0.72,0.277
790,2006,Nepal,58,NPL,0.236,0.734,0.642,0.719,0.766,0.263
790,2007,Nepal,58,NPL,0.251,0.89,0.763,0.886,0.825,0.263
790,2008,Nepal,58,NPL,0.728,0.892,0.774,0.892,0.91,0.272
790,2009,Nepal,58,NPL,0.728,0.892,0.804,0.914,0.9,0.272
790,2010,Nepal,58,NPL,0.727,0.868,0.809,0.91,0.902,0.272
790,2011,Nepal,58,NPL,0.726,0.903,0.807,0.91,0.91,0.272
790,2012,Nepal,58,NPL,0.726,0.903,0.812,0.911,0.9,0.272
790,2013,Nepal,58,NPL,0.833,0.89,0.732,0.855,0.828,0.349
790,2014,Nepal,58,NPL,0.831,0.89,0.754,0.859,0.91,0.349
790,2015,Nepal,58,NPL,0.83,0.836,0.767,0.858,0.919,0.349
790,2016,Nepal,58,NPL,0.831,0.873,0.774,0.886,0.935,0.349
790,2017,Nepal,58,NPL,0.82,0.846,0.786,0.878,0.934,0.349
790,2018,Nepal,58,NPL,0.818,0.794,0.76,0.857,0.903,0.391
790,2019,Nepal,58,NPL,0.815,0.807,0.734,0.808,0.869,0.33599999999999997
790,2020,Nepal,58,NPL,0.812,0.789,0.738,0.822,0.893,0.371
790,2021,Nepal,58,NPL,0.816,0.84,0.724,0.808,0.901,0.371
790,2022,Nepal,58,NPL,0.856,0.849,0.74,0.837,0.849,0.371
790,2023,Nepal,58,NPL,0.858,0.829,0.74,0.84,0.796,0.41300000000000003
790,2024,Nepal,58,NPL,0.857,0.808,0.734,0.814,0.853,0.392
800,1968,Thailand,49,THA,0.179,0.307,0.266,0.312,0.135,0.19499999999999995
800,1969,Thailand,49,THA,0.463,0.307,0.266,0.312,0.203,0.19499999999999995
800,1970,Thailand,49,THA,0.462,0.307,0.34,0.315,0.152,0.19499999999999995
800,1971,Thailand,49,THA,0.463,0.287,0.34,0.315,0.14,0.19499999999999995
800,1972,Thailand,49,THA,0.15,0.271,0.342,0.286,0.179,0.19499999999999995
800,1973,Thailand,49,THA,0.17,0.369,0.337,0.309,0.345,0.19499999999999995
800,1974,Thailand,49,THA,0.209,0.591,0.366,0.404,0.629,0.19499999999999995
800,1975,Thailand,49,THA,0.623,0.591,0.366,0.384,0.628,0.19499999999999995
800,1976,Thailand,49,THA,0.609,0.435,0.314,0.337,0.246,0.19499999999999995
800,1977,Thailand,49,THA,0.156,0.309,0.319,0.335,0.22,0.19499999999999995
800,1978,Thailand,49,THA,0.157,0.317,0.319,0.338,0.238,0.19499999999999995
800,1979,Thailand,49,THA,0.497,0.317,0.319,0.338,0.234,0.19499999999999995
800,1980,Thailand,49,THA,0.516,0.428,0.536,0.501,0.357,0.22499999999999998
800,1981,Thailand,49,THA,0.524,0.502,0.538,0.519,0.36,0.22499999999999998
800,1982,Thailand,49,THA,0.525,0.537,0.542,0.531,0.36,0.22499999999999998
800,1983,Thailand,49,THA,0.597,0.537,0.573,0.557,0.36,0.22499999999999998
800,1984,Thailand,49,THA,0.599,0.537,0.576,0.576,0.36,0.22499999999999998
800,1985,Thailand,49,THA,0.598,0.537,0.584,0.584,0.36,0.22499999999999998
800,1986,Thailand,49,THA,0.592,0.537,0.584,0.571,0.39,0.22499999999999998
800,1987,Thailand,49,THA,0.592,0.537,0.579,0.584,0.391,0.22499999999999998
800,1988,Thailand,49,THA,0.662,0.562,0.584,0.58,0.537,0.31000000000000005
800,1989,Thailand,49,THA,0.663,0.562,0.584,0.587,0.541,0.31000000000000005
800,1990,Thailand,49,THA,0.665,0.562,0.588,0.597,0.534,0.31000000000000005
800,1991,Thailand,49,THA,0.639,0.493,0.566,0.564,0.2,0.31000000000000005
800,1992,Thailand,49,THA,0.641,0.59,0.529,0.641,0.482,0.31000000000000005
800,1993,Thailand,49,THA,0.657,0.703,0.643,0.714,0.653,0.31000000000000005
800,1994,Thailand,49,THA,0.656,0.703,0.648,0.719,0.654,0.31000000000000005
800,1995,Thailand,49,THA,0.683,0.703,0.648,0.719,0.652,0.31000000000000005
800,1996,Thailand,49,THA,0.679,0.703,0.648,0.719,0.529,0.31000000000000005
800,1997,Thailand,49,THA,0.749,0.703,0.677,0.723,0.624,0.31000000000000005
800,1998,Thailand,49,THA,0.769,0.822,0.7,0.723,0.755,0.31000000000000005
800,1999,Thailand,49,THA,0.767,0.822,0.706,0.723,0.756,0.31000000000000005
800,2000,Thailand,49,THA,0.767,0.822,0.708,0.695,0.8,0.469
800,2001,Thailand,49,THA,0.809,0.822,0.69,0.685,0.746,0.469
800,2002,Thailand,49,THA,0.808,0.787,0.68,0.685,0.785,0.469
800,2003,Thailand,49,THA,0.8,0.794,0.677,0.685,0.733,0.469
800,2004,Thailand,49,THA,0.801,0.759,0.659,0.685,0.736,0.469
800,2005,Thailand,49,THA,0.789,0.786,0.654,0.66,0.695,0.469
800,2006,Thailand,49,THA,0.762,0.655,0.624,0.592,0.401,0.469
800,2007,Thailand,49,THA,0.674,0.631,0.635,0.521,0.559,0.469
800,2008,Thailand,49,THA,0.715,0.719,0.649,0.587,0.863,0.469
800,2009,Thailand,49,THA,0.715,0.672,0.649,0.592,0.818,0.469
800,2010,Thailand,49,THA,0.714,0.652,0.634,0.597,0.825,0.45399999999999996
800,2011,Thailand,49,THA,0.776,0.729,0.658,0.62,0.861,0.45399999999999996
800,2012,Thailand,49,THA,0.779,0.763,0.658,0.653,0.871,0.45399999999999996
800,2013,Thailand,49,THA,0.762,0.7,0.581,0.587,0.834,0.45599999999999996
800,2014,Thailand,49,THA,0.574,0.288,0.377,0.261,0.172,0.43799999999999994
800,2015,Thailand,49,THA,0.563,0.299,0.34,0.27,0.171,0.43799999999999994
800,2016,Thailand,49,THA,0.543,0.389,0.357,0.288,0.166,0.43799999999999994
800,2017,Thailand,49,THA,0.528,0.334,0.332,0.276,0.154,0.43799999999999994
800,2018,Thailand,49,THA,0.563,0.349,0.37,0.366,0.188,0.43799999999999994
800,2019,Thailand,49,THA,0.52,0.512,0.378,0.428,0.769,0.43799999999999994
800,2020,Thailand,49,THA,0.53,0.425,0.33,0.425,0.773,0.43799999999999994
800,2021,Thailand,49,THA,0.533,0.425,0.33,0.425,0.758,0.43799999999999994
800,2022,Thailand,49,THA,0.542,0.487,0.33,0.432,0.777,0.43799999999999994
800,2023,Thailand,49,THA,0.749,0.579,0.373,0.516,0.79,0.43799999999999994
800,2024,Thailand,49,THA,0.75,0.64,0.373,0.525,0.843,0.43799999999999994
811,1968,Cambodia,55,KHM,0.57,0.386,0.538,0.361,0.405,0.758
811,1969,Cambodia,55,KHM,0.57,0.386,0.538,0.361,0.399,0.758
811,1970,Cambodia,55,KHM,0.558,0.436,0.471,0.396,0.266,0.31200000000000006
811,1971,Cambodia,55,KHM,0.156,0.436,0.42,0.383,0.195,0.31200000000000006
811,1972,Cambodia,55,KHM,0.471,0.436,0.42,0.383,0.171,0.31200000000000006
811,1973,Cambodia,55,KHM,0.224,0.415,0.42,0.383,0.172,0.31200000000000006
811,1974,Cambodia,55,KHM,0.222,0.415,0.42,0.383,0.169,0.31200000000000006
811,1975,Cambodia,55,KHM,0.065,0.015,0,0.017,0.036,0.879
811,1976,Cambodia,55,KHM,0.262,0.01,0,0.01,0.058,0.879
811,1977,Cambodia,55,KHM,0.262,0.01,0,0.01,0.058,0.879
811,1978,Cambodia,55,KHM,0.262,0.01,0,0.01,0.057,0.879
811,1979,Cambodia,55,KHM,0.257,0.01,0.01,0.012,0.057,0.741
811,1980,Cambodia,55,KHM,0.258,0.046,0.076,0.024,0.106,0.6599999999999999
811,1981,Cambodia,55,KHM,0.291,0.046,0.076,0.024,0.105,0.6599999999999999
811,1982,Cambodia,55,KHM,0.291,0.046,0.076,0.024,0.039,0.6599999999999999
811,1983,Cambodia,55,KHM,0.292,0.046,0.081,0.024,0.038,0.6599999999999999
811,1984,Cambodia,55,KHM,0.291,0.046,0.081,0.024,0.038,0.6599999999999999
811,1985,Cambodia,55,KHM,0.29,0.046,0.081,0.024,0.04,0.6599999999999999
811,1986,Cambodia,55,KHM,0.29,0.046,0.084,0.024,0.039,0.6599999999999999
811,1987,Cambodia,55,KHM,0.291,0.046,0.085,0.024,0.037,0.6599999999999999
811,1988,Cambodia,55,KHM,0.29,0.046,0.085,0.024,0.038,0.6599999999999999
811,1989,Cambodia,55,KHM,0.29,0.046,0.085,0.024,0.038,0.6599999999999999
811,1990,Cambodia,55,KHM,0.292,0.105,0.097,0.026,0.039,0.5760000000000001
811,1991,Cambodia,55,KHM,0.292,0.105,0.101,0.03,0.042,0.5760000000000001
811,1992,Cambodia,55,KHM,0.347,0.31,0.191,0.143,0.043,0.677
811,1993,Cambodia,55,KHM,0.76,0.485,0.265,0.383,0.205,0.20399999999999996
811,1994,Cambodia,55,KHM,0.693,0.511,0.403,0.478,0.193,0.10699999999999998
811,1995,Cambodia,55,KHM,0.691,0.511,0.401,0.478,0.194,0.10699999999999998
811,1996,Cambodia,55,KHM,0.69,0.511,0.401,0.478,0.196,0.10699999999999998
811,1997,Cambodia,55,KHM,0.691,0.511,0.378,0.478,0.194,0.10699999999999998
811,1998,Cambodia,55,KHM,0.622,0.537,0.436,0.466,0.165,0.10699999999999998
811,1999,Cambodia,55,KHM,0.62,0.537,0.422,0.472,0.169,0.10699999999999998
811,2000,Cambodia,55,KHM,0.605,0.537,0.439,0.461,0.171,0.10699999999999998
811,2001,Cambodia,55,KHM,0.606,0.537,0.441,0.462,0.17,0.10699999999999998
811,2002,Cambodia,55,KHM,0.603,0.54,0.439,0.462,0.171,0.10699999999999998
811,2003,Cambodia,55,KHM,0.63,0.54,0.433,0.462,0.172,0.10699999999999998
811,2004,Cambodia,55,KHM,0.632,0.54,0.433,0.442,0.174,0.10699999999999998
811,2005,Cambodia,55,KHM,0.629,0.54,0.422,0.442,0.171,0.10699999999999998
811,2006,Cambodia,55,KHM,0.628,0.54,0.422,0.442,0.17,0.10699999999999998
811,2007,Cambodia,55,KHM,0.63,0.519,0.422,0.442,0.171,0.10699999999999998
811,2008,Cambodia,55,KHM,0.602,0.519,0.422,0.436,0.161,0.10699999999999998
811,2009,Cambodia,55,KHM,0.602,0.519,0.422,0.435,0.164,0.10699999999999998
811,2010,Cambodia,55,KHM,0.603,0.494,0.415,0.432,0.164,0.10699999999999998
811,2011,Cambodia,55,KHM,0.601,0.494,0.415,0.432,0.164,0.10699999999999998
811,2012,Cambodia,55,KHM,0.604,0.476,0.421,0.422,0.16,0.10699999999999998
811,2013,Cambodia,55,KHM,0.62,0.475,0.363,0.387,0.187,0.132
811,2014,Cambodia,55,KHM,0.621,0.446,0.366,0.366,0.195,0.17900000000000005
811,2015,Cambodia,55,KHM,0.62,0.446,0.362,0.36,0.196,0.17900000000000005
811,2016,Cambodia,55,KHM,0.613,0.333,0.308,0.322,0.199,0.17900000000000005
811,2017,Cambodia,55,KHM,0.613,0.285,0.291,0.225,0.143,0.14200000000000002
811,2018,Cambodia,55,KHM,0.435,0.24,0.303,0.191,0.114,0.10399999999999998
811,2019,Cambodia,55,KHM,0.431,0.24,0.314,0.176,0.085,0.10399999999999998
811,2020,Cambodia,55,KHM,0.432,0.256,0.287,0.171,0.083,0.10399999999999998
811,2021,Cambodia,55,KHM,0.429,0.227,0.248,0.181,0.116,0.10399999999999998
811,2022,Cambodia,55,KHM,0.43,0.247,0.238,0.2,0.086,0.10399999999999998
811,2023,Cambodia,55,KHM,0.392,0.247,0.195,0.165,0.082,0.10399999999999998
811,2024,Cambodia,55,KHM,0.381,0.247,0.187,0.156,0.089,0.10399999999999998
812,1968,Laos,123,LAO,0.544,0.428,0.22,0.405,0.442,0.20299999999999996
812,1969,Laos,123,LAO,0.545,0.428,0.22,0.405,0.446,0.20299999999999996
812,1970,Laos,123,LAO,0.545,0.428,0.22,0.409,0.451,0.20299999999999996
812,1971,Laos,123,LAO,0.546,0.428,0.22,0.402,0.448,0.20299999999999996
812,1972,Laos,123,LAO,0.576,0.425,0.22,0.402,0.45,0.20299999999999996
812,1973,Laos,123,LAO,0.576,0.417,0.22,0.402,0.447,0.20299999999999996
812,1974,Laos,123,LAO,0.577,0.381,0.22,0.383,0.446,0.20299999999999996
812,1975,Laos,123,LAO,0.56,0.067,0.089,0.089,0.499,0.24
812,1976,Laos,123,LAO,0.09,0.022,0.069,0.017,0.522,0.30000000000000004
812,1977,Laos,123,LAO,0.093,0.022,0.072,0.017,0.513,0.30000000000000004
812,1978,Laos,123,LAO,0.092,0.022,0.072,0.017,0.517,0.30000000000000004
812,1979,Laos,123,LAO,0.094,0.022,0.072,0.017,0.52,0.30000000000000004
812,1980,Laos,123,LAO,0.091,0.022,0.072,0.017,0.51,0.30000000000000004
812,1981,Laos,123,LAO,0.093,0.022,0.072,0.017,0.514,0.30000000000000004
812,1982,Laos,123,LAO,0.095,0.022,0.072,0.017,0.521,0.30000000000000004
812,1983,Laos,123,LAO,0.09,0.022,0.072,0.017,0.518,0.30000000000000004
812,1984,Laos,123,LAO,0.093,0.022,0.072,0.017,0.517,0.30000000000000004
812,1985,Laos,123,LAO,0.092,0.022,0.072,0.017,0.516,0.30000000000000004
812,1986,Laos,123,LAO,0.094,0.035,0.098,0.015,0.514,0.30000000000000004
812,1987,Laos,123,LAO,0.093,0.038,0.101,0.017,0.512,0.30000000000000004
812,1988,Laos,123,LAO,0.091,0.038,0.101,0.017,0.518,0.30000000000000004
812,1989,Laos,123,LAO,0.325,0.038,0.101,0.017,0.366,0.30000000000000004
812,1990,Laos,123,LAO,0.324,0.038,0.101,0.017,0.37,0.30000000000000004
812,1991,Laos,123,LAO,0.317,0.038,0.114,0.017,0.367,0.30000000000000004
812,1992,Laos,123,LAO,0.316,0.038,0.106,0.017,0.298,0.30000000000000004
812,1993,Laos,123,LAO,0.315,0.038,0.103,0.017,0.374,0.30000000000000004
812,1994,Laos,123,LAO,0.316,0.038,0.097,0.017,0.386,0.30000000000000004
812,1995,Laos,123,LAO,0.316,0.038,0.101,0.017,0.39,0.30000000000000004
812,1996,Laos,123,LAO,0.316,0.038,0.111,0.017,0.383,0.30000000000000004
812,1997,Laos,123,LAO,0.32,0.075,0.111,0.017,0.388,0.30000000000000004
812,1998,Laos,123,LAO,0.319,0.075,0.111,0.017,0.391,0.30000000000000004
812,1999,Laos,123,LAO,0.318,0.075,0.11,0.017,0.385,0.30000000000000004
812,2000,Laos,123,LAO,0.319,0.074,0.114,0.019,0.385,0.30000000000000004
812,2001,Laos,123,LAO,0.319,0.074,0.114,0.019,0.381,0.30000000000000004
812,2002,Laos,123,LAO,0.327,0.074,0.113,0.019,0.387,0.30000000000000004
812,2003,Laos,123,LAO,0.328,0.074,0.116,0.019,0.386,0.30000000000000004
812,2004,Laos,123,LAO,0.328,0.074,0.116,0.019,0.383,0.30000000000000004
812,2005,Laos,123,LAO,0.327,0.074,0.116,0.019,0.386,0.30000000000000004
812,2006,Laos,123,LAO,0.319,0.076,0.114,0.019,0.382,0.30000000000000004
812,2007,Laos,123,LAO,0.32,0.076,0.118,0.019,0.384,0.30000000000000004
812,2008,Laos,123,LAO,0.32,0.076,0.119,0.022,0.385,0.30000000000000004
812,2009,Laos,123,LAO,0.321,0.075,0.119,0.025,0.387,0.30000000000000004
812,2010,Laos,123,LAO,0.32,0.129,0.119,0.025,0.38,0.30000000000000004
812,2011,Laos,123,LAO,0.312,0.129,0.118,0.025,0.383,0.30000000000000004
812,2012,Laos,123,LAO,0.313,0.13,0.118,0.025,0.39,0.30000000000000004
812,2013,Laos,123,LAO,0.314,0.126,0.123,0.03,0.386,0.30000000000000004
812,2014,Laos,123,LAO,0.312,0.126,0.125,0.03,0.381,0.30000000000000004
812,2015,Laos,123,LAO,0.313,0.126,0.125,0.024,0.383,0.30000000000000004
812,2016,Laos,123,LAO,0.324,0.126,0.128,0.024,0.387,0.30000000000000004
812,2017,Laos,123,LAO,0.331,0.136,0.138,0.022,0.383,0.30000000000000004
812,2018,Laos,123,LAO,0.334,0.166,0.147,0.021,0.381,0.30000000000000004
812,2019,Laos,123,LAO,0.335,0.143,0.181,0.022,0.589,0.30900000000000005
812,2020,Laos,123,LAO,0.332,0.151,0.187,0.03,0.385,0.344
812,2021,Laos,123,LAO,0.35,0.155,0.179,0.04,0.541,0.30100000000000005
812,2022,Laos,123,LAO,0.352,0.103,0.196,0.027,0.605,0.35
812,2023,Laos,123,LAO,0.347,0.103,0.185,0.035,0.571,0.35
812,2024,Laos,123,LAO,0.35,0.103,0.201,0.038,0.64,0.31100000000000005
816,1968,Vietnam,34,VNM,0.584,0.073,0.123,0.069,0.405,0.7050000000000001
816,1969,Vietnam,34,VNM,0.582,0.073,0.122,0.069,0.405,0.7050000000000001
816,1970,Vietnam,34,VNM,0.583,0.073,0.122,0.069,0.405,0.7050000000000001
816,1971,Vietnam,34,VNM,0.571,0.073,0.122,0.069,0.406,0.7050000000000001
816,1972,Vietnam,34,VNM,0.572,0.073,0.122,0.069,0.406,0.7050000000000001
816,1973,Vietnam,34,VNM,0.575,0.073,0.122,0.069,0.407,0.7050000000000001
816,1974,Vietnam,34,VNM,0.573,0.073,0.122,0.069,0.407,0.7050000000000001
816,1975,Vietnam,34,VNM,0.572,0.073,0.122,0.065,0.405,0.7050000000000001
816,1976,Vietnam,34,VNM,0.569,0.073,0.124,0.063,0.406,0.604
816,1977,Vietnam,34,VNM,0.552,0.073,0.124,0.065,0.402,0.604
816,1978,Vietnam,34,VNM,0.55,0.073,0.124,0.065,0.407,0.604
816,1979,Vietnam,34,VNM,0.55,0.073,0.134,0.065,0.4,0.604
816,1980,Vietnam,34,VNM,0.541,0.073,0.14,0.069,0.405,0.544
816,1981,Vietnam,34,VNM,0.515,0.073,0.14,0.069,0.408,0.544
816,1982,Vietnam,34,VNM,0.514,0.057,0.14,0.069,0.402,0.593
816,1983,Vietnam,34,VNM,0.514,0.057,0.14,0.069,0.406,0.593
816,1984,Vietnam,34,VNM,0.516,0.057,0.14,0.069,0.4,0.593
816,1985,Vietnam,34,VNM,0.515,0.057,0.143,0.069,0.408,0.593
816,1986,Vietnam,34,VNM,0.515,0.146,0.177,0.137,0.411,0.546
816,1987,Vietnam,34,VNM,0.515,0.26,0.188,0.195,0.413,0.5
816,1988,Vietnam,34,VNM,0.517,0.26,0.187,0.214,0.417,0.5
816,1989,Vietnam,34,VNM,0.513,0.255,0.198,0.199,0.417,0.5
816,1990,Vietnam,34,VNM,0.51,0.289,0.255,0.134,0.418,0.5
816,1991,Vietnam,34,VNM,0.508,0.289,0.285,0.138,0.412,0.46099999999999997
816,1992,Vietnam,34,VNM,0.495,0.289,0.303,0.141,0.414,0.45699999999999996
816,1993,Vietnam,34,VNM,0.494,0.316,0.322,0.141,0.418,0.45699999999999996
816,1994,Vietnam,34,VNM,0.494,0.316,0.333,0.141,0.441,0.45699999999999996
816,1995,Vietnam,34,VNM,0.492,0.316,0.333,0.141,0.446,0.45699999999999996
816,1996,Vietnam,34,VNM,0.495,0.375,0.319,0.153,0.49,0.45699999999999996
816,1997,Vietnam,34,VNM,0.495,0.375,0.319,0.153,0.488,0.45699999999999996
816,1998,Vietnam,34,VNM,0.495,0.375,0.33,0.153,0.485,0.45699999999999996
816,1999,Vietnam,34,VNM,0.496,0.375,0.387,0.153,0.491,0.45699999999999996
816,2000,Vietnam,34,VNM,0.494,0.33,0.419,0.151,0.481,0.45699999999999996
816,2001,Vietnam,34,VNM,0.496,0.33,0.421,0.151,0.481,0.45699999999999996
816,2002,Vietnam,34,VNM,0.494,0.323,0.421,0.151,0.493,0.45699999999999996
816,2003,Vietnam,34,VNM,0.492,0.323,0.421,0.151,0.495,0.45699999999999996
816,2004,Vietnam,34,VNM,0.494,0.323,0.423,0.159,0.493,0.45699999999999996
816,2005,Vietnam,34,VNM,0.494,0.323,0.466,0.151,0.54,0.45699999999999996
816,2006,Vietnam,34,VNM,0.492,0.33,0.474,0.154,0.539,0.45699999999999996
816,2007,Vietnam,34,VNM,0.496,0.33,0.473,0.154,0.536,0.45699999999999996
816,2008,Vietnam,34,VNM,0.495,0.339,0.473,0.154,0.539,0.45699999999999996
816,2009,Vietnam,34,VNM,0.495,0.311,0.473,0.154,0.537,0.45699999999999996
816,2010,Vietnam,34,VNM,0.496,0.34,0.481,0.154,0.536,0.45699999999999996
816,2011,Vietnam,34,VNM,0.487,0.34,0.481,0.154,0.539,0.45699999999999996
816,2012,Vietnam,34,VNM,0.489,0.324,0.482,0.154,0.535,0.45699999999999996
816,2013,Vietnam,34,VNM,0.492,0.304,0.512,0.149,0.542,0.516
816,2014,Vietnam,34,VNM,0.492,0.311,0.512,0.149,0.539,0.516
816,2015,Vietnam,34,VNM,0.492,0.317,0.512,0.149,0.539,0.516
816,2016,Vietnam,34,VNM,0.525,0.287,0.514,0.149,0.555,0.516
816,2017,Vietnam,34,VNM,0.522,0.272,0.508,0.155,0.58,0.492
816,2018,Vietnam,34,VNM,0.539,0.272,0.498,0.137,0.565,0.492
816,2019,Vietnam,34,VNM,0.536,0.272,0.451,0.13,0.506,0.492
816,2020,Vietnam,34,VNM,0.534,0.262,0.438,0.129,0.41,0.511
816,2021,Vietnam,34,VNM,0.5,0.261,0.417,0.15,0.557,0.483
816,2022,Vietnam,34,VNM,0.499,0.17,0.409,0.161,0.617,0.483
816,2023,Vietnam,34,VNM,0.494,0.143,0.411,0.142,0.611,0.483
816,2024,Vietnam,34,VNM,0.5,0.142,0.479,0.138,0.588,0.523
817,1968,Republic of Vietnam,35,VDR,0.662,0.301,0.309,0.479,0.752,0.44599999999999995
817,1969,Republic of Vietnam,35,VDR,0.665,0.301,0.309,0.479,0.759,0.44599999999999995
817,1970,Republic of Vietnam,35,VDR,0.664,0.301,0.309,0.479,0.752,0.44599999999999995
817,1971,Republic of Vietnam,35,VDR,0.667,0.301,0.309,0.479,0.754,0.44599999999999995
817,1972,Republic of Vietnam,35,VDR,0.666,0.301,0.309,0.479,0.754,0.44599999999999995
817,1973,Republic of Vietnam,35,VDR,0.669,0.301,0.309,0.479,0.756,0.44599999999999995
817,1974,Republic of Vietnam,35,VDR,0.667,0.301,0.309,0.479,0.752,0.44599999999999995
817,1975,Republic of Vietnam,35,VDR,0.668,0.301,0.311,0.473,0.754,0.44599999999999995
820,1968,Malaysia,177,MYS,0.662,0.21,0.67,0.274,0.423,0.7010000000000001
820,1969,Malaysia,177,MYS,0.65,0.21,0.67,0.272,0.409,0.7010000000000001
820,1970,Malaysia,177,MYS,0.221,0.236,0.662,0.254,0.363,0.5900000000000001
820,1971,Malaysia,177,MYS,0.22,0.236,0.662,0.254,0.369,0.5900000000000001
820,1972,Malaysia,177,MYS,0.222,0.236,0.662,0.254,0.369,0.5640000000000001
820,1973,Malaysia,177,MYS,0.221,0.236,0.662,0.254,0.375,0.5640000000000001
820,1974,Malaysia,177,MYS,0.628,0.236,0.662,0.254,0.371,0.5640000000000001
820,1975,Malaysia,177,MYS,0.63,0.236,0.662,0.241,0.37,0.5640000000000001
820,1976,Malaysia,177,MYS,0.628,0.236,0.662,0.241,0.371,0.5640000000000001
820,1977,Malaysia,177,MYS,0.627,0.236,0.662,0.241,0.366,0.5640000000000001
820,1978,Malaysia,177,MYS,0.627,0.236,0.667,0.24,0.365,0.5640000000000001
820,1979,Malaysia,177,MYS,0.628,0.236,0.667,0.24,0.365,0.5640000000000001
820,1980,Malaysia,177,MYS,0.627,0.386,0.667,0.24,0.367,0.5640000000000001
820,1981,Malaysia,177,MYS,0.616,0.36,0.656,0.228,0.364,0.496
820,1982,Malaysia,177,MYS,0.617,0.36,0.638,0.227,0.317,0.44599999999999995
820,1983,Malaysia,177,MYS,0.618,0.36,0.633,0.227,0.293,0.44599999999999995
820,1984,Malaysia,177,MYS,0.618,0.36,0.629,0.227,0.29,0.44599999999999995
820,1985,Malaysia,177,MYS,0.619,0.36,0.601,0.227,0.288,0.44599999999999995
820,1986,Malaysia,177,MYS,0.599,0.36,0.595,0.227,0.294,0.44599999999999995
820,1987,Malaysia,177,MYS,0.601,0.36,0.577,0.191,0.294,0.44599999999999995
820,1988,Malaysia,177,MYS,0.599,0.36,0.577,0.173,0.279,0.44599999999999995
820,1989,Malaysia,177,MYS,0.601,0.36,0.577,0.173,0.291,0.44599999999999995
820,1990,Malaysia,177,MYS,0.591,0.36,0.572,0.173,0.294,0.44599999999999995
820,1991,Malaysia,177,MYS,0.592,0.36,0.572,0.173,0.288,0.44599999999999995
820,1992,Malaysia,177,MYS,0.592,0.36,0.572,0.173,0.29,0.44599999999999995
820,1993,Malaysia,177,MYS,0.592,0.36,0.572,0.173,0.291,0.44599999999999995
820,1994,Malaysia,177,MYS,0.591,0.36,0.572,0.173,0.293,0.44599999999999995
820,1995,Malaysia,177,MYS,0.586,0.36,0.572,0.173,0.294,0.44599999999999995
820,1996,Malaysia,177,MYS,0.587,0.36,0.572,0.173,0.289,0.44599999999999995
820,1997,Malaysia,177,MYS,0.586,0.36,0.572,0.173,0.294,0.44599999999999995
820,1998,Malaysia,177,MYS,0.585,0.36,0.584,0.173,0.293,0.44599999999999995
820,1999,Malaysia,177,MYS,0.589,0.51,0.556,0.2,0.295,0.44599999999999995
820,2000,Malaysia,177,MYS,0.594,0.59,0.549,0.235,0.296,0.44599999999999995
820,2001,Malaysia,177,MYS,0.595,0.59,0.549,0.263,0.295,0.44599999999999995
820,2002,Malaysia,177,MYS,0.593,0.59,0.549,0.263,0.333,0.391
820,2003,Malaysia,177,MYS,0.593,0.616,0.539,0.269,0.329,0.376
820,2004,Malaysia,177,MYS,0.636,0.616,0.562,0.341,0.432,0.376
820,2005,Malaysia,177,MYS,0.635,0.616,0.578,0.341,0.435,0.396
820,2006,Malaysia,177,MYS,0.636,0.637,0.576,0.338,0.439,0.396
820,2007,Malaysia,177,MYS,0.637,0.637,0.574,0.331,0.43,0.396
820,2008,Malaysia,177,MYS,0.647,0.647,0.574,0.335,0.425,0.396
820,2009,Malaysia,177,MYS,0.648,0.623,0.574,0.328,0.438,0.396
820,2010,Malaysia,177,MYS,0.647,0.621,0.58,0.331,0.444,0.396
820,2011,Malaysia,177,MYS,0.648,0.623,0.58,0.323,0.436,0.41200000000000003
820,2012,Malaysia,177,MYS,0.647,0.623,0.58,0.323,0.459,0.41200000000000003
820,2013,Malaysia,177,MYS,0.636,0.625,0.563,0.322,0.421,0.488
820,2014,Malaysia,177,MYS,0.637,0.625,0.563,0.322,0.421,0.488
820,2015,Malaysia,177,MYS,0.638,0.625,0.563,0.322,0.403,0.488
820,2016,Malaysia,177,MYS,0.637,0.634,0.551,0.322,0.399,0.488
820,2017,Malaysia,177,MYS,0.638,0.69,0.589,0.336,0.39,0.5680000000000001
820,2018,Malaysia,177,MYS,0.704,0.744,0.695,0.633,0.585,0.7010000000000001
820,2019,Malaysia,177,MYS,0.73,0.748,0.693,0.663,0.616,0.7010000000000001
820,2020,Malaysia,177,MYS,0.721,0.71,0.712,0.567,0.554,0.667
820,2021,Malaysia,177,MYS,0.713,0.749,0.691,0.563,0.523,0.667
820,2022,Malaysia,177,MYS,0.751,0.708,0.699,0.619,0.525,0.721
820,2023,Malaysia,177,MYS,0.757,0.725,0.712,0.627,0.595,0.764
820,2024,Malaysia,177,MYS,0.76,0.725,0.707,0.619,0.58,0.764
830,1968,Singapore,200,SGP,0.613,0.365,0.832,0.228,0.627,0.974
830,1969,Singapore,200,SGP,0.613,0.365,0.832,0.228,0.618,0.974
830,1970,Singapore,200,SGP,0.615,0.365,0.869,0.228,0.628,0.986
830,1971,Singapore,200,SGP,0.613,0.365,0.869,0.228,0.62,0.986
830,1972,Singapore,200,SGP,0.643,0.365,0.869,0.228,0.626,0.986
830,1973,Singapore,200,SGP,0.644,0.365,0.869,0.228,0.626,0.986
830,1974,Singapore,200,SGP,0.643,0.365,0.869,0.228,0.625,0.986
830,1975,Singapore,200,SGP,0.644,0.365,0.873,0.228,0.627,0.986
830,1976,Singapore,200,SGP,0.644,0.365,0.871,0.228,0.624,0.996
830,1977,Singapore,200,SGP,0.643,0.365,0.871,0.228,0.625,0.996
830,1978,Singapore,200,SGP,0.642,0.365,0.871,0.228,0.622,0.996
830,1979,Singapore,200,SGP,0.643,0.365,0.871,0.228,0.628,0.996
830,1980,Singapore,200,SGP,0.66,0.365,0.89,0.251,0.619,0.996
830,1981,Singapore,200,SGP,0.66,0.365,0.89,0.251,0.628,0.996
830,1982,Singapore,200,SGP,0.66,0.365,0.89,0.251,0.625,0.996
830,1983,Singapore,200,SGP,0.659,0.365,0.89,0.251,0.623,0.996
830,1984,Singapore,200,SGP,0.665,0.365,0.89,0.251,0.62,0.996
830,1985,Singapore,200,SGP,0.664,0.365,0.89,0.251,0.621,0.996
830,1986,Singapore,200,SGP,0.676,0.365,0.89,0.251,0.623,0.996
830,1987,Singapore,200,SGP,0.677,0.365,0.89,0.251,0.619,0.996
830,1988,Singapore,200,SGP,0.677,0.365,0.89,0.251,0.619,0.996
830,1989,Singapore,200,SGP,0.677,0.365,0.89,0.251,0.62,0.996
830,1990,Singapore,200,SGP,0.678,0.383,0.913,0.295,0.62,0.996
830,1991,Singapore,200,SGP,0.677,0.383,0.913,0.295,0.62,0.996
830,1992,Singapore,200,SGP,0.678,0.383,0.913,0.295,0.618,0.996
830,1993,Singapore,200,SGP,0.67,0.383,0.913,0.295,0.621,0.996
830,1994,Singapore,200,SGP,0.669,0.383,0.913,0.295,0.623,0.996
830,1995,Singapore,200,SGP,0.67,0.383,0.913,0.295,0.626,0.996
830,1996,Singapore,200,SGP,0.669,0.383,0.913,0.297,0.623,0.996
830,1997,Singapore,200,SGP,0.686,0.383,0.913,0.297,0.625,0.996
830,1998,Singapore,200,SGP,0.684,0.383,0.913,0.297,0.623,0.996
830,1999,Singapore,200,SGP,0.684,0.383,0.913,0.297,0.624,0.996
830,2000,Singapore,200,SGP,0.686,0.383,0.913,0.347,0.643,0.996
830,2001,Singapore,200,SGP,0.68,0.383,0.913,0.347,0.636,0.996
830,2002,Singapore,200,SGP,0.678,0.383,0.913,0.347,0.635,0.996
830,2003,Singapore,200,SGP,0.679,0.383,0.913,0.347,0.638,0.996
830,2004,Singapore,200,SGP,0.68,0.383,0.913,0.347,0.638,0.996
830,2005,Singapore,200,SGP,0.68,0.383,0.913,0.33,0.638,0.996
830,2006,Singapore,200,SGP,0.707,0.383,0.905,0.354,0.637,0.996
830,2007,Singapore,200,SGP,0.708,0.383,0.905,0.338,0.639,0.996
830,2008,Singapore,200,SGP,0.707,0.383,0.905,0.347,0.638,0.996
830,2009,Singapore,200,SGP,0.706,0.383,0.908,0.354,0.64,0.996
830,2010,Singapore,200,SGP,0.707,0.383,0.908,0.354,0.634,0.996
830,2011,Singapore,200,SGP,0.738,0.399,0.908,0.358,0.637,0.996
830,2012,Singapore,200,SGP,0.731,0.399,0.908,0.367,0.637,0.996
830,2013,Singapore,200,SGP,0.733,0.399,0.908,0.352,0.64,0.996
830,2014,Singapore,200,SGP,0.733,0.399,0.908,0.352,0.64,0.996
830,2015,Singapore,200,SGP,0.75,0.387,0.908,0.352,0.635,0.996
830,2016,Singapore,200,SGP,0.751,0.387,0.908,0.376,0.638,0.996
830,2017,Singapore,200,SGP,0.75,0.372,0.908,0.373,0.712,0.996
830,2018,Singapore,200,SGP,0.747,0.387,0.908,0.372,0.71,0.996
830,2019,Singapore,200,SGP,0.749,0.377,0.9,0.352,0.71,0.996
830,2020,Singapore,200,SGP,0.727,0.403,0.888,0.334,0.713,0.996
830,2021,Singapore,200,SGP,0.726,0.403,0.889,0.336,0.719,0.996
830,2022,Singapore,200,SGP,0.726,0.403,0.889,0.331,0.715,0.996
830,2023,Singapore,200,SGP,0.762,0.403,0.906,0.353,0.718,0.993
830,2024,Singapore,200,SGP,0.764,0.403,0.906,0.34,0.732,0.993
840,1968,Philippines,46,PHL,0.741,0.645,0.401,0.706,0.698,0.364
840,1969,Philippines,46,PHL,0.665,0.621,0.401,0.702,0.676,0.364
840,1970,Philippines,46,PHL,0.697,0.596,0.366,0.699,0.668,0.364
840,1971,Philippines,46,PHL,0.694,0.539,0.316,0.509,0.592,0.28
840,1972,Philippines,46,PHL,0.16,0.264,0.159,0.147,0.181,0.18300000000000005
840,1973,Philippines,46,PHL,0.139,0.139,0.159,0.122,0.178,0.18300000000000005
840,1974,Philippines,46,PHL,0.15,0.139,0.159,0.109,0.176,0.18300000000000005
840,1975,Philippines,46,PHL,0.151,0.139,0.159,0.109,0.175,0.18300000000000005
840,1976,Philippines,46,PHL,0.148,0.139,0.159,0.109,0.178,0.18300000000000005
840,1977,Philippines,46,PHL,0.326,0.139,0.159,0.109,0.176,0.18300000000000005
840,1978,Philippines,46,PHL,0.351,0.139,0.159,0.109,0.129,0.18300000000000005
840,1979,Philippines,46,PHL,0.395,0.139,0.159,0.109,0.137,0.18300000000000005
840,1980,Philippines,46,PHL,0.394,0.139,0.159,0.109,0.135,0.18300000000000005
840,1981,Philippines,46,PHL,0.411,0.165,0.159,0.109,0.132,0.18300000000000005
840,1982,Philippines,46,PHL,0.413,0.165,0.159,0.116,0.133,0.18300000000000005
840,1983,Philippines,46,PHL,0.412,0.165,0.159,0.126,0.133,0.18300000000000005
840,1984,Philippines,46,PHL,0.461,0.165,0.159,0.128,0.134,0.18300000000000005
840,1985,Philippines,46,PHL,0.461,0.187,0.159,0.13,0.131,0.19499999999999995
840,1986,Philippines,46,PHL,0.475,0.487,0.404,0.615,0.303,0.42100000000000004
840,1987,Philippines,46,PHL,0.803,0.906,0.644,0.872,0.665,0.405
840,1988,Philippines,46,PHL,0.802,0.906,0.644,0.872,0.77,0.356
840,1989,Philippines,46,PHL,0.801,0.906,0.644,0.872,0.768,0.356
840,1990,Philippines,46,PHL,0.804,0.934,0.644,0.904,0.802,0.356
840,1991,Philippines,46,PHL,0.803,0.934,0.655,0.904,0.799,0.41100000000000003
840,1992,Philippines,46,PHL,0.755,0.934,0.674,0.898,0.817,0.45299999999999996
840,1993,Philippines,46,PHL,0.749,0.934,0.674,0.898,0.807,0.45299999999999996
840,1994,Philippines,46,PHL,0.75,0.934,0.674,0.898,0.82,0.45299999999999996
840,1995,Philippines,46,PHL,0.766,0.934,0.674,0.898,0.819,0.45299999999999996
840,1996,Philippines,46,PHL,0.766,0.934,0.674,0.898,0.821,0.45299999999999996
840,1997,Philippines,46,PHL,0.766,0.934,0.674,0.898,0.821,0.45299999999999996
840,1998,Philippines,46,PHL,0.809,0.934,0.659,0.898,0.799,0.45299999999999996
840,1999,Philippines,46,PHL,0.81,0.934,0.653,0.859,0.857,0.45299999999999996
840,2000,Philippines,46,PHL,0.81,0.934,0.653,0.88,0.841,0.45299999999999996
840,2001,Philippines,46,PHL,0.752,0.923,0.652,0.868,0.832,0.45299999999999996
840,2002,Philippines,46,PHL,0.748,0.923,0.635,0.868,0.791,0.45299999999999996
840,2003,Philippines,46,PHL,0.749,0.923,0.635,0.863,0.79,0.45299999999999996
840,2004,Philippines,46,PHL,0.685,0.906,0.644,0.856,0.725,0.356
840,2005,Philippines,46,PHL,0.686,0.906,0.651,0.835,0.773,0.356
840,2006,Philippines,46,PHL,0.685,0.906,0.641,0.834,0.774,0.356
840,2007,Philippines,46,PHL,0.708,0.906,0.64,0.834,0.807,0.356
840,2008,Philippines,46,PHL,0.708,0.906,0.645,0.834,0.806,0.356
840,2009,Philippines,46,PHL,0.708,0.906,0.648,0.835,0.796,0.356
840,2010,Philippines,46,PHL,0.778,0.943,0.707,0.869,0.795,0.45099999999999996
840,2011,Philippines,46,PHL,0.782,0.943,0.713,0.876,0.802,0.45099999999999996
840,2012,Philippines,46,PHL,0.78,0.943,0.713,0.876,0.8,0.45099999999999996
840,2013,Philippines,46,PHL,0.785,0.942,0.705,0.879,0.819,0.45199999999999996
840,2014,Philippines,46,PHL,0.785,0.942,0.705,0.879,0.823,0.45199999999999996
840,2015,Philippines,46,PHL,0.785,0.942,0.706,0.879,0.823,0.45199999999999996
840,2016,Philippines,46,PHL,0.802,0.903,0.635,0.762,0.692,0.43300000000000005
840,2017,Philippines,46,PHL,0.794,0.886,0.589,0.746,0.649,0.42200000000000004
840,2018,Philippines,46,PHL,0.793,0.806,0.556,0.704,0.597,0.42200000000000004
840,2019,Philippines,46,PHL,0.766,0.774,0.526,0.654,0.614,0.42200000000000004
840,2020,Philippines,46,PHL,0.768,0.744,0.528,0.586,0.612,0.42200000000000004
840,2021,Philippines,46,PHL,0.769,0.744,0.5,0.615,0.607,0.42200000000000004
840,2022,Philippines,46,PHL,0.728,0.744,0.536,0.657,0.632,0.33599999999999997
840,2023,Philippines,46,PHL,0.73,0.773,0.554,0.664,0.667,0.28300000000000003
840,2024,Philippines,46,PHL,0.731,0.773,0.575,0.667,0.714,0.28300000000000003
850,1968,Indonesia,56,IDN,0.181,0.344,0.231,0.304,0.131,0.246
850,1969,Indonesia,56,IDN,0.184,0.344,0.245,0.304,0.132,0.246
850,1970,Indonesia,56,IDN,0.17,0.344,0.225,0.295,0.122,0.246
850,1971,Indonesia,56,IDN,0.567,0.344,0.23,0.269,0.104,0.21499999999999997
850,1972,Indonesia,56,IDN,0.566,0.344,0.23,0.275,0.103,0.21499999999999997
850,1973,Indonesia,56,IDN,0.566,0.344,0.241,0.262,0.103,0.20999999999999996
850,1974,Indonesia,56,IDN,0.566,0.314,0.264,0.243,0.103,0.20899999999999996
850,1975,Indonesia,56,IDN,0.567,0.291,0.261,0.206,0.102,0.20899999999999996
850,1976,Indonesia,56,IDN,0.566,0.291,0.261,0.206,0.104,0.20899999999999996
850,1977,Indonesia,56,IDN,0.45,0.291,0.261,0.206,0.068,0.20899999999999996
850,1978,Indonesia,56,IDN,0.452,0.291,0.277,0.206,0.07,0.18899999999999995
850,1979,Indonesia,56,IDN,0.449,0.291,0.261,0.206,0.069,0.18300000000000005
850,1980,Indonesia,56,IDN,0.451,0.291,0.25,0.199,0.069,0.18300000000000005
850,1981,Indonesia,56,IDN,0.45,0.291,0.257,0.199,0.069,0.18300000000000005
850,1982,Indonesia,56,IDN,0.443,0.291,0.257,0.199,0.069,0.11499999999999999
850,1983,Indonesia,56,IDN,0.444,0.291,0.257,0.199,0.067,0.11499999999999999
850,1984,Indonesia,56,IDN,0.444,0.291,0.257,0.199,0.067,0.11499999999999999
850,1985,Indonesia,56,IDN,0.442,0.291,0.256,0.199,0.068,0.11499999999999999
850,1986,Indonesia,56,IDN,0.443,0.291,0.256,0.199,0.067,0.11499999999999999
850,1987,Indonesia,56,IDN,0.449,0.291,0.256,0.199,0.067,0.11499999999999999
850,1988,Indonesia,56,IDN,0.448,0.291,0.256,0.199,0.061,0.11499999999999999
850,1989,Indonesia,56,IDN,0.448,0.291,0.256,0.199,0.06,0.11499999999999999
850,1990,Indonesia,56,IDN,0.449,0.291,0.255,0.197,0.059,0.11499999999999999
850,1991,Indonesia,56,IDN,0.447,0.291,0.255,0.22,0.059,0.11499999999999999
850,1992,Indonesia,56,IDN,0.434,0.291,0.228,0.22,0.057,0.11499999999999999
850,1993,Indonesia,56,IDN,0.435,0.291,0.228,0.22,0.058,0.11499999999999999
850,1994,Indonesia,56,IDN,0.434,0.291,0.228,0.22,0.057,0.11499999999999999
850,1995,Indonesia,56,IDN,0.435,0.291,0.23,0.22,0.059,0.11499999999999999
850,1996,Indonesia,56,IDN,0.432,0.291,0.216,0.22,0.058,0.11499999999999999
850,1997,Indonesia,56,IDN,0.498,0.291,0.216,0.22,0.066,0.11499999999999999
850,1998,Indonesia,56,IDN,0.543,0.564,0.306,0.521,0.302,0.22499999999999998
850,1999,Indonesia,56,IDN,0.877,0.911,0.735,0.816,0.759,0.278
850,2000,Indonesia,56,IDN,0.878,0.869,0.738,0.847,0.766,0.278
850,2001,Indonesia,56,IDN,0.879,0.869,0.738,0.847,0.763,0.278
850,2002,Indonesia,56,IDN,0.88,0.869,0.744,0.847,0.789,0.278
850,2003,Indonesia,56,IDN,0.879,0.869,0.744,0.847,0.794,0.278
850,2004,Indonesia,56,IDN,0.916,0.869,0.744,0.843,0.79,0.29000000000000004
850,2005,Indonesia,56,IDN,0.916,0.869,0.72,0.843,0.788,0.29800000000000004
850,2006,Indonesia,56,IDN,0.916,0.869,0.736,0.843,0.793,0.30900000000000005
850,2007,Indonesia,56,IDN,0.915,0.869,0.747,0.843,0.788,0.30900000000000005
850,2008,Indonesia,56,IDN,0.916,0.871,0.746,0.844,0.791,0.30900000000000005
850,2009,Indonesia,56,IDN,0.897,0.871,0.759,0.844,0.789,0.29900000000000004
850,2010,Indonesia,56,IDN,0.898,0.871,0.772,0.858,0.804,0.28500000000000003
850,2011,Indonesia,56,IDN,0.897,0.871,0.772,0.858,0.802,0.28500000000000003
850,2012,Indonesia,56,IDN,0.896,0.871,0.771,0.858,0.802,0.28500000000000003
850,2013,Indonesia,56,IDN,0.896,0.866,0.75,0.828,0.808,0.27
850,2014,Indonesia,56,IDN,0.889,0.866,0.744,0.823,0.803,0.271
850,2015,Indonesia,56,IDN,0.887,0.866,0.774,0.848,0.773,0.30300000000000005
850,2016,Indonesia,56,IDN,0.887,0.857,0.771,0.838,0.766,0.29600000000000004
850,2017,Indonesia,56,IDN,0.885,0.795,0.761,0.826,0.756,0.28800000000000003
850,2018,Indonesia,56,IDN,0.885,0.779,0.759,0.764,0.757,0.242
850,2019,Indonesia,56,IDN,0.865,0.78,0.759,0.808,0.738,0.23399999999999999
850,2020,Indonesia,56,IDN,0.864,0.78,0.678,0.774,0.696,0.17100000000000004
850,2021,Indonesia,56,IDN,0.846,0.762,0.677,0.748,0.694,0.243
850,2022,Indonesia,56,IDN,0.839,0.803,0.736,0.771,0.65,0.243
850,2023,Indonesia,56,IDN,0.833,0.812,0.697,0.709,0.596,0.243
850,2024,Indonesia,56,IDN,0.77,0.812,0.646,0.721,0.596,0.268
860,2002,Timor-Leste,74,TLS,0.729,0.801,0.802,0.834,0.629,0.5740000000000001
860,2003,Timor-Leste,74,TLS,0.767,0.801,0.777,0.808,0.611,0.5740000000000001
860,2004,Timor-Leste,74,TLS,0.767,0.801,0.777,0.808,0.616,0.5740000000000001
860,2005,Timor-Leste,74,TLS,0.772,0.801,0.777,0.808,0.595,0.605
860,2006,Timor-Leste,74,TLS,0.77,0.801,0.774,0.804,0.595,0.605
860,2007,Timor-Leste,74,TLS,0.813,0.85,0.806,0.8,0.688,0.605
860,2008,Timor-Leste,74,TLS,0.811,0.85,0.812,0.796,0.686,0.605
860,2009,Timor-Leste,74,TLS,0.811,0.85,0.831,0.801,0.69,0.605
860,2010,Timor-Leste,74,TLS,0.813,0.85,0.839,0.816,0.713,0.605
860,2011,Timor-Leste,74,TLS,0.813,0.838,0.839,0.816,0.71,0.605
860,2012,Timor-Leste,74,TLS,0.826,0.838,0.84,0.817,0.711,0.605
860,2013,Timor-Leste,74,TLS,0.825,0.838,0.844,0.822,0.712,0.605
860,2014,Timor-Leste,74,TLS,0.825,0.789,0.799,0.808,0.705,0.605
860,2015,Timor-Leste,74,TLS,0.826,0.717,0.786,0.857,0.696,0.605
860,2016,Timor-Leste,74,TLS,0.825,0.747,0.812,0.793,0.699,0.649
860,2017,Timor-Leste,74,TLS,0.869,0.797,0.764,0.772,0.743,0.6639999999999999
860,2018,Timor-Leste,74,TLS,0.865,0.818,0.78,0.807,0.697,0.6739999999999999
860,2019,Timor-Leste,74,TLS,0.865,0.853,0.801,0.819,0.728,0.6739999999999999
860,2020,Timor-Leste,74,TLS,0.866,0.853,0.746,0.774,0.723,0.698
860,2021,Timor-Leste,74,TLS,0.865,0.853,0.777,0.798,0.699,0.698
860,2022,Timor-Leste,74,TLS,0.87,0.897,0.81,0.801,0.695,0.698
860,2023,Timor-Leste,74,TLS,0.866,0.897,0.803,0.807,0.704,0.759
860,2024,Timor-Leste,74,TLS,0.866,0.913,0.82,0.837,0.722,0.759
900,1968,Australia,67,AUS,0.919,0.949,0.972,0.926,0.962,0.992
900,1969,Australia,67,AUS,0.918,0.949,0.972,0.926,0.962,0.992
900,1970,Australia,67,AUS,0.918,0.953,0.976,0.943,0.962,0.992
900,1971,Australia,67,AUS,0.918,0.953,0.976,0.943,0.961,0.992
900,1972,Australia,67,AUS,0.921,0.953,0.978,0.945,0.962,0.992
900,1973,Australia,67,AUS,0.921,0.953,0.978,0.954,0.963,0.992
900,1974,Australia,67,AUS,0.92,0.953,0.978,0.954,0.962,0.992
900,1975,Australia,67,AUS,0.92,0.953,0.981,0.954,0.964,0.992
900,1976,Australia,67,AUS,0.92,0.953,0.981,0.951,0.961,0.992
900,1977,Australia,67,AUS,0.92,0.953,0.981,0.951,0.962,0.992
900,1978,Australia,67,AUS,0.92,0.953,0.981,0.951,0.962,0.992
900,1979,Australia,67,AUS,0.919,0.953,0.981,0.951,0.963,0.992
900,1980,Australia,67,AUS,0.921,0.953,0.98,0.963,0.972,0.992
900,1981,Australia,67,AUS,0.921,0.953,0.98,0.963,0.972,0.992
900,1982,Australia,67,AUS,0.921,0.953,0.98,0.963,0.973,0.992
900,1983,Australia,67,AUS,0.921,0.953,0.98,0.963,0.973,0.992
900,1984,Australia,67,AUS,0.936,0.953,0.98,0.963,0.972,0.992
900,1985,Australia,67,AUS,0.938,0.953,0.98,0.963,0.973,0.992
900,1986,Australia,67,AUS,0.938,0.953,0.98,0.963,0.973,0.992
900,1987,Australia,67,AUS,0.938,0.953,0.98,0.963,0.973,0.992
900,1988,Australia,67,AUS,0.938,0.953,0.98,0.963,0.973,0.992
900,1989,Australia,67,AUS,0.938,0.953,0.98,0.963,0.972,0.992
900,1990,Australia,67,AUS,0.938,0.961,0.98,0.964,0.974,0.992
900,1991,Australia,67,AUS,0.94,0.961,0.98,0.964,0.973,0.992
900,1992,Australia,67,AUS,0.939,0.961,0.98,0.964,0.973,0.992
900,1993,Australia,67,AUS,0.939,0.961,0.98,0.964,0.972,0.992
900,1994,Australia,67,AUS,0.939,0.961,0.98,0.964,0.973,0.992
900,1995,Australia,67,AUS,0.939,0.961,0.98,0.964,0.973,0.992
900,1996,Australia,67,AUS,0.938,0.961,0.98,0.964,0.973,0.992
900,1997,Australia,67,AUS,0.939,0.947,0.98,0.964,0.973,0.992
900,1998,Australia,67,AUS,0.939,0.947,0.98,0.964,0.972,0.992
900,1999,Australia,67,AUS,0.939,0.947,0.98,0.964,0.973,0.992
900,2000,Australia,67,AUS,0.939,0.956,0.981,0.964,0.973,0.992
900,2001,Australia,67,AUS,0.937,0.956,0.981,0.964,0.973,0.992
900,2002,Australia,67,AUS,0.936,0.937,0.981,0.965,0.973,0.992
900,2003,Australia,67,AUS,0.936,0.937,0.981,0.965,0.973,0.992
900,2004,Australia,67,AUS,0.936,0.937,0.981,0.965,0.973,0.992
900,2005,Australia,67,AUS,0.936,0.937,0.981,0.965,0.972,0.992
900,2006,Australia,67,AUS,0.936,0.937,0.981,0.965,0.973,0.992
900,2007,Australia,67,AUS,0.947,0.937,0.981,0.966,0.973,0.992
900,2008,Australia,67,AUS,0.947,0.937,0.981,0.966,0.976,0.992
900,2009,Australia,67,AUS,0.947,0.937,0.981,0.966,0.976,0.992
900,2010,Australia,67,AUS,0.956,0.95,0.981,0.966,0.976,0.992
900,2011,Australia,67,AUS,0.955,0.95,0.981,0.965,0.976,0.992
900,2012,Australia,67,AUS,0.956,0.95,0.979,0.965,0.976,0.992
900,2013,Australia,67,AUS,0.947,0.906,0.976,0.947,0.98,0.98
900,2014,Australia,67,AUS,0.947,0.906,0.975,0.947,0.98,0.983
900,2015,Australia,67,AUS,0.948,0.908,0.974,0.951,0.98,0.983
900,2016,Australia,67,AUS,0.947,0.908,0.974,0.951,0.981,0.983
900,2017,Australia,67,AUS,0.947,0.914,0.967,0.941,0.977,0.988
900,2018,Australia,67,AUS,0.947,0.914,0.967,0.924,0.976,0.985
900,2019,Australia,67,AUS,0.936,0.857,0.966,0.892,0.975,0.985
900,2020,Australia,67,AUS,0.933,0.887,0.957,0.924,0.979,0.985
900,2021,Australia,67,AUS,0.933,0.9,0.954,0.906,0.977,0.985
900,2022,Australia,67,AUS,0.945,0.9,0.958,0.924,0.978,0.985
900,2023,Australia,67,AUS,0.945,0.871,0.958,0.934,0.978,0.985
900,2024,Australia,67,AUS,0.945,0.871,0.958,0.94,0.978,0.985
910,1975,Papua New Guinea,93,PNG,0.779,0.897,0.716,0.806,0.795,0.281
910,1976,Papua New Guinea,93,PNG,0.781,0.897,0.716,0.806,0.792,0.281
910,1977,Papua New Guinea,93,PNG,0.782,0.897,0.716,0.806,0.791,0.281
910,1978,Papua New Guinea,93,PNG,0.78,0.897,0.716,0.806,0.794,0.281
910,1979,Papua New Guinea,93,PNG,0.782,0.897,0.716,0.806,0.79,0.281
910,1980,Papua New Guinea,93,PNG,0.782,0.897,0.716,0.79,0.793,0.281
910,1981,Papua New Guinea,93,PNG,0.78,0.897,0.716,0.79,0.79,0.281
910,1982,Papua New Guinea,93,PNG,0.779,0.897,0.716,0.79,0.795,0.281
910,1983,Papua New Guinea,93,PNG,0.778,0.897,0.716,0.79,0.793,0.281
910,1984,Papua New Guinea,93,PNG,0.78,0.897,0.716,0.79,0.796,0.281
910,1985,Papua New Guinea,93,PNG,0.779,0.897,0.716,0.79,0.79,0.281
910,1986,Papua New Guinea,93,PNG,0.778,0.897,0.716,0.79,0.796,0.281
910,1987,Papua New Guinea,93,PNG,0.779,0.895,0.716,0.79,0.792,0.281
910,1988,Papua New Guinea,93,PNG,0.779,0.895,0.716,0.79,0.793,0.281
910,1989,Papua New Guinea,93,PNG,0.778,0.895,0.716,0.787,0.79,0.281
910,1990,Papua New Guinea,93,PNG,0.778,0.895,0.716,0.787,0.793,0.281
910,1991,Papua New Guinea,93,PNG,0.778,0.895,0.716,0.787,0.798,0.281
910,1992,Papua New Guinea,93,PNG,0.773,0.895,0.716,0.787,0.796,0.281
910,1993,Papua New Guinea,93,PNG,0.772,0.895,0.716,0.787,0.792,0.281
910,1994,Papua New Guinea,93,PNG,0.772,0.895,0.716,0.787,0.793,0.281
910,1995,Papua New Guinea,93,PNG,0.772,0.895,0.716,0.787,0.793,0.281
910,1996,Papua New Guinea,93,PNG,0.772,0.895,0.716,0.787,0.789,0.281
910,1997,Papua New Guinea,93,PNG,0.769,0.895,0.716,0.787,0.794,0.281
910,1998,Papua New Guinea,93,PNG,0.771,0.895,0.716,0.787,0.792,0.281
910,1999,Papua New Guinea,93,PNG,0.771,0.895,0.716,0.787,0.796,0.281
910,2000,Papua New Guinea,93,PNG,0.771,0.895,0.716,0.787,0.791,0.281
910,2001,Papua New Guinea,93,PNG,0.771,0.895,0.716,0.787,0.79,0.281
910,2002,Papua New Guinea,93,PNG,0.782,0.895,0.716,0.787,0.791,0.281
910,2003,Papua New Guinea,93,PNG,0.784,0.895,0.716,0.787,0.792,0.281
910,2004,Papua New Guinea,93,PNG,0.78,0.895,0.716,0.787,0.794,0.281
910,2005,Papua New Guinea,93,PNG,0.78,0.895,0.716,0.787,0.796,0.281
910,2006,Papua New Guinea,93,PNG,0.78,0.895,0.716,0.808,0.798,0.281
910,2007,Papua New Guinea,93,PNG,0.711,0.895,0.716,0.808,0.793,0.281
910,2008,Papua New Guinea,93,PNG,0.712,0.895,0.716,0.808,0.788,0.281
910,2009,Papua New Guinea,93,PNG,0.711,0.895,0.716,0.808,0.789,0.281
910,2010,Papua New Guinea,93,PNG,0.713,0.891,0.695,0.788,0.79,0.281
910,2011,Papua New Guinea,93,PNG,0.713,0.891,0.695,0.782,0.759,0.281
910,2012,Papua New Guinea,93,PNG,0.69,0.88,0.692,0.774,0.754,0.281
910,2013,Papua New Guinea,93,PNG,0.69,0.88,0.698,0.774,0.759,0.281
910,2014,Papua New Guinea,93,PNG,0.689,0.88,0.698,0.774,0.756,0.281
910,2015,Papua New Guinea,93,PNG,0.69,0.881,0.698,0.773,0.754,0.281
910,2016,Papua New Guinea,93,PNG,0.691,0.881,0.695,0.789,0.755,0.281
910,2017,Papua New Guinea,93,PNG,0.696,0.864,0.691,0.782,0.751,0.281
910,2018,Papua New Guinea,93,PNG,0.696,0.913,0.697,0.792,0.75,0.281
910,2019,Papua New Guinea,93,PNG,0.697,0.913,0.701,0.803,0.715,0.281
910,2020,Papua New Guinea,93,PNG,0.693,0.913,0.717,0.791,0.745,0.281
910,2021,Papua New Guinea,93,PNG,0.693,0.913,0.696,0.791,0.747,0.18700000000000006
910,2022,Papua New Guinea,93,PNG,0.703,0.913,0.682,0.822,0.829,0.18700000000000006
910,2023,Papua New Guinea,93,PNG,0.703,0.913,0.687,0.808,0.865,0.06399999999999995
910,2024,Papua New Guinea,93,PNG,0.703,0.913,0.715,0.789,0.898,0.06399999999999995
920,1968,New Zealand,185,NZL,0.91,0.942,0.969,0.905,0.908,0.994
920,1969,New Zealand,185,NZL,0.91,0.942,0.969,0.905,0.91,0.994
920,1970,New Zealand,185,NZL,0.911,0.942,0.969,0.93,0.91,0.994
920,1971,New Zealand,185,NZL,0.909,0.942,0.969,0.93,0.909,0.994
920,1972,New Zealand,185,NZL,0.909,0.942,0.973,0.93,0.906,0.994
920,1973,New Zealand,185,NZL,0.91,0.942,0.973,0.931,0.908,0.994
920,1974,New Zealand,185,NZL,0.91,0.942,0.973,0.939,0.906,0.994
920,1975,New Zealand,185,NZL,0.91,0.942,0.973,0.94,0.909,0.994
920,1976,New Zealand,185,NZL,0.91,0.942,0.973,0.94,0.907,0.994
920,1977,New Zealand,185,NZL,0.91,0.931,0.973,0.94,0.907,0.994
920,1978,New Zealand,185,NZL,0.907,0.931,0.973,0.946,0.906,0.994
920,1979,New Zealand,185,NZL,0.906,0.931,0.973,0.946,0.906,0.994
920,1980,New Zealand,185,NZL,0.906,0.931,0.979,0.949,0.906,0.994
920,1981,New Zealand,185,NZL,0.91,0.931,0.979,0.946,0.905,0.994
920,1982,New Zealand,185,NZL,0.909,0.931,0.979,0.941,0.907,0.994
920,1983,New Zealand,185,NZL,0.909,0.931,0.979,0.949,0.905,0.994
920,1984,New Zealand,185,NZL,0.909,0.934,0.98,0.959,0.907,0.994
920,1985,New Zealand,185,NZL,0.91,0.934,0.98,0.961,0.934,0.994
920,1986,New Zealand,185,NZL,0.91,0.934,0.98,0.961,0.942,0.994
920,1987,New Zealand,185,NZL,0.909,0.934,0.98,0.961,0.942,0.994
920,1988,New Zealand,185,NZL,0.91,0.934,0.98,0.961,0.943,0.994
920,1989,New Zealand,185,NZL,0.909,0.934,0.98,0.961,0.943,0.994
920,1990,New Zealand,185,NZL,0.913,0.934,0.977,0.961,0.944,0.994
920,1991,New Zealand,185,NZL,0.913,0.934,0.977,0.961,0.942,0.994
920,1992,New Zealand,185,NZL,0.912,0.934,0.977,0.961,0.942,0.994
920,1993,New Zealand,185,NZL,0.917,0.934,0.977,0.961,0.944,0.994
920,1994,New Zealand,185,NZL,0.917,0.934,0.977,0.961,0.944,0.994
920,1995,New Zealand,185,NZL,0.917,0.934,0.977,0.961,0.943,0.994
920,1996,New Zealand,185,NZL,0.929,0.934,0.977,0.955,0.943,0.994
920,1997,New Zealand,185,NZL,0.929,0.934,0.977,0.962,0.955,0.994
920,1998,New Zealand,185,NZL,0.928,0.934,0.977,0.962,0.955,0.994
920,1999,New Zealand,185,NZL,0.928,0.934,0.977,0.962,0.956,0.994
920,2000,New Zealand,185,NZL,0.928,0.934,0.977,0.962,0.954,0.994
920,2001,New Zealand,185,NZL,0.928,0.934,0.977,0.962,0.954,0.994
920,2002,New Zealand,185,NZL,0.928,0.934,0.977,0.962,0.955,0.994
920,2003,New Zealand,185,NZL,0.928,0.934,0.977,0.962,0.955,0.994
920,2004,New Zealand,185,NZL,0.928,0.934,0.977,0.962,0.956,0.994
920,2005,New Zealand,185,NZL,0.928,0.934,0.977,0.962,0.955,0.994
920,2006,New Zealand,185,NZL,0.929,0.934,0.977,0.962,0.955,0.994
920,2007,New Zealand,185,NZL,0.928,0.934,0.977,0.962,0.955,0.994
920,2008,New Zealand,185,NZL,0.942,0.934,0.977,0.962,0.955,0.994
920,2009,New Zealand,185,NZL,0.942,0.934,0.977,0.962,0.955,0.994
920,2010,New Zealand,185,NZL,0.946,0.934,0.977,0.961,0.955,0.994
920,2011,New Zealand,185,NZL,0.946,0.934,0.977,0.957,0.955,0.994
920,2012,New Zealand,185,NZL,0.946,0.934,0.977,0.957,0.955,0.994
920,2013,New Zealand,185,NZL,0.947,0.934,0.977,0.945,0.954,0.994
920,2014,New Zealand,185,NZL,0.945,0.934,0.977,0.943,0.955,0.994
920,2015,New Zealand,185,NZL,0.945,0.934,0.977,0.946,0.956,0.994
920,2016,New Zealand,185,NZL,0.945,0.934,0.977,0.946,0.955,0.994
920,2017,New Zealand,185,NZL,0.945,0.918,0.977,0.943,0.955,0.994
920,2018,New Zealand,185,NZL,0.944,0.918,0.974,0.956,0.956,0.994
920,2019,New Zealand,185,NZL,0.945,0.918,0.976,0.955,0.955,0.994
920,2020,New Zealand,185,NZL,0.943,0.918,0.968,0.947,0.954,0.994
920,2021,New Zealand,185,NZL,0.944,0.927,0.959,0.935,0.955,0.994
920,2022,New Zealand,185,NZL,0.943,0.921,0.973,0.943,0.949,0.994
920,2023,New Zealand,185,NZL,0.937,0.921,0.975,0.947,0.95,0.994
920,2024,New Zealand,185,NZL,0.937,0.858,0.974,0.953,0.95,0.994
940,1978,Solomon Islands,203,SLB,0.738,0.79,0.703,0.625,0.744,0.887
940,1979,Solomon Islands,203,SLB,0.749,0.858,0.845,0.7,0.749,0.887
940,1980,Solomon Islands,203,SLB,0.759,0.858,0.821,0.72,0.75,0.7989999999999999
940,1981,Solomon Islands,203,SLB,0.759,0.858,0.811,0.72,0.748,0.746
940,1982,Solomon Islands,203,SLB,0.758,0.858,0.811,0.771,0.745,0.746
940,1983,Solomon Islands,203,SLB,0.76,0.858,0.811,0.771,0.746,0.746
940,1984,Solomon Islands,203,SLB,0.762,0.858,0.811,0.771,0.746,0.746
940,1985,Solomon Islands,203,SLB,0.76,0.858,0.811,0.771,0.745,0.746
940,1986,Solomon Islands,203,SLB,0.76,0.858,0.811,0.771,0.75,0.746
940,1987,Solomon Islands,203,SLB,0.761,0.858,0.811,0.771,0.747,0.746
940,1988,Solomon Islands,203,SLB,0.759,0.858,0.811,0.771,0.752,0.746
940,1989,Solomon Islands,203,SLB,0.745,0.858,0.811,0.771,0.741,0.746
940,1990,Solomon Islands,203,SLB,0.747,0.858,0.799,0.778,0.744,0.746
940,1991,Solomon Islands,203,SLB,0.745,0.858,0.799,0.778,0.746,0.746
940,1992,Solomon Islands,203,SLB,0.746,0.858,0.799,0.778,0.747,0.746
940,1993,Solomon Islands,203,SLB,0.744,0.858,0.799,0.778,0.745,0.746
940,1994,Solomon Islands,203,SLB,0.745,0.858,0.799,0.778,0.748,0.746
940,1995,Solomon Islands,203,SLB,0.745,0.858,0.799,0.778,0.746,0.746
940,1996,Solomon Islands,203,SLB,0.745,0.858,0.799,0.778,0.745,0.746
940,1997,Solomon Islands,203,SLB,0.745,0.858,0.799,0.778,0.746,0.746
940,1998,Solomon Islands,203,SLB,0.745,0.858,0.779,0.761,0.752,0.746
940,1999,Solomon Islands,203,SLB,0.745,0.858,0.623,0.751,0.744,0.746
940,2000,Solomon Islands,203,SLB,0.745,0.823,0.593,0.737,0.597,0.508
940,2001,Solomon Islands,203,SLB,0.744,0.823,0.615,0.747,0.71,0.508
940,2002,Solomon Islands,203,SLB,0.742,0.823,0.723,0.761,0.707,0.508
940,2003,Solomon Islands,203,SLB,0.744,0.823,0.787,0.761,0.711,0.508
940,2004,Solomon Islands,203,SLB,0.743,0.876,0.787,0.781,0.71,0.508
940,2005,Solomon Islands,203,SLB,0.742,0.876,0.778,0.789,0.695,0.367
940,2006,Solomon Islands,203,SLB,0.781,0.876,0.778,0.789,0.737,0.367
940,2007,Solomon Islands,203,SLB,0.78,0.876,0.778,0.789,0.731,0.367
940,2008,Solomon Islands,203,SLB,0.78,0.876,0.778,0.789,0.734,0.367
940,2009,Solomon Islands,203,SLB,0.781,0.876,0.778,0.787,0.734,0.367
940,2010,Solomon Islands,203,SLB,0.788,0.876,0.773,0.797,0.731,0.367
940,2011,Solomon Islands,203,SLB,0.79,0.877,0.773,0.797,0.735,0.367
940,2012,Solomon Islands,203,SLB,0.791,0.877,0.773,0.814,0.733,0.367
940,2013,Solomon Islands,203,SLB,0.797,0.866,0.773,0.818,0.739,0.367
940,2014,Solomon Islands,203,SLB,0.804,0.882,0.769,0.815,0.737,0.367
940,2015,Solomon Islands,203,SLB,0.806,0.867,0.77,0.82,0.741,0.367
940,2016,Solomon Islands,203,SLB,0.806,0.924,0.764,0.821,0.737,0.367
940,2017,Solomon Islands,203,SLB,0.809,0.924,0.786,0.833,0.75,0.33699999999999997
940,2018,Solomon Islands,203,SLB,0.809,0.934,0.786,0.833,0.746,0.33699999999999997
940,2019,Solomon Islands,203,SLB,0.832,0.922,0.784,0.832,0.732,0.372
940,2020,Solomon Islands,203,SLB,0.831,0.889,0.772,0.814,0.685,0.372
940,2021,Solomon Islands,203,SLB,0.831,0.889,0.791,0.818,0.7,0.394
940,2022,Solomon Islands,203,SLB,0.832,0.913,0.804,0.812,0.704,0.394
940,2023,Solomon Islands,203,SLB,0.832,0.913,0.822,0.823,0.725,0.394
940,2024,Solomon Islands,203,SLB,0.858,0.913,0.832,0.823,0.721,0.394
950,1970,Fiji,162,FJI,0.815,0.593,0.857,0.796,0.715,0.645
950,1971,Fiji,162,FJI,0.814,0.731,0.857,0.796,0.716,0.645
950,1972,Fiji,162,FJI,0.814,0.731,0.857,0.796,0.711,0.645
950,1973,Fiji,162,FJI,0.817,0.731,0.857,0.796,0.716,0.645
950,1974,Fiji,162,FJI,0.817,0.731,0.857,0.796,0.712,0.645
950,1975,Fiji,162,FJI,0.817,0.731,0.857,0.796,0.712,0.645
950,1976,Fiji,162,FJI,0.817,0.731,0.857,0.796,0.71,0.645
950,1977,Fiji,162,FJI,0.817,0.731,0.857,0.796,0.713,0.645
950,1978,Fiji,162,FJI,0.817,0.731,0.857,0.796,0.713,0.645
950,1979,Fiji,162,FJI,0.817,0.731,0.857,0.796,0.715,0.645
950,1980,Fiji,162,FJI,0.817,0.731,0.857,0.796,0.713,0.645
950,1981,Fiji,162,FJI,0.816,0.731,0.857,0.796,0.711,0.645
950,1982,Fiji,162,FJI,0.818,0.731,0.857,0.796,0.712,0.645
950,1983,Fiji,162,FJI,0.818,0.731,0.857,0.796,0.712,0.645
950,1984,Fiji,162,FJI,0.819,0.731,0.857,0.796,0.711,0.645
950,1985,Fiji,162,FJI,0.817,0.731,0.857,0.796,0.714,0.645
950,1986,Fiji,162,FJI,0.819,0.731,0.857,0.796,0.714,0.645
950,1987,Fiji,162,FJI,0.802,0.731,0.674,0.626,0.129,0.645
950,1988,Fiji,162,FJI,0.218,0.731,0.725,0.597,0.629,0.645
950,1989,Fiji,162,FJI,0.218,0.731,0.725,0.597,0.629,0.645
950,1990,Fiji,162,FJI,0.219,0.731,0.748,0.626,0.624,0.645
950,1991,Fiji,162,FJI,0.219,0.731,0.753,0.649,0.622,0.645
950,1992,Fiji,162,FJI,0.827,0.731,0.753,0.649,0.532,0.645
950,1993,Fiji,162,FJI,0.828,0.731,0.794,0.674,0.699,0.645
950,1994,Fiji,162,FJI,0.819,0.731,0.794,0.674,0.706,0.645
950,1995,Fiji,162,FJI,0.819,0.731,0.804,0.674,0.7,0.645
950,1996,Fiji,162,FJI,0.818,0.731,0.808,0.674,0.704,0.645
950,1997,Fiji,162,FJI,0.818,0.731,0.866,0.737,0.707,0.645
950,1998,Fiji,162,FJI,0.819,0.731,0.866,0.737,0.705,0.645
950,1999,Fiji,162,FJI,0.819,0.731,0.866,0.737,0.702,0.645
950,2000,Fiji,162,FJI,0.802,0.731,0.719,0.646,0.307,0.645
950,2001,Fiji,162,FJI,0.803,0.731,0.754,0.646,0.691,0.645
950,2002,Fiji,162,FJI,0.818,0.731,0.788,0.684,0.568,0.645
950,2003,Fiji,162,FJI,0.818,0.731,0.788,0.684,0.57,0.645
950,2004,Fiji,162,FJI,0.819,0.731,0.788,0.684,0.57,0.645
950,2005,Fiji,162,FJI,0.817,0.731,0.788,0.684,0.57,0.645
950,2006,Fiji,162,FJI,0.674,0.57,0.65,0.569,0.53,0.628
950,2007,Fiji,162,FJI,0.197,0.486,0.612,0.223,0.461,0.7010000000000001
950,2008,Fiji,162,FJI,0.195,0.401,0.606,0.238,0.466,0.719
950,2009,Fiji,162,FJI,0.189,0.424,0.605,0.224,0.437,0.719
950,2010,Fiji,162,FJI,0.194,0.465,0.648,0.226,0.094,0.6990000000000001
950,2011,Fiji,162,FJI,0.193,0.465,0.648,0.226,0.099,0.6990000000000001
950,2012,Fiji,162,FJI,0.195,0.522,0.654,0.236,0.099,0.6859999999999999
950,2013,Fiji,162,FJI,0.189,0.585,0.677,0.255,0.398,0.694
950,2014,Fiji,162,FJI,0.699,0.681,0.71,0.369,0.486,0.76
950,2015,Fiji,162,FJI,0.697,0.789,0.749,0.449,0.535,0.76
950,2016,Fiji,162,FJI,0.699,0.746,0.746,0.46,0.525,0.76
950,2017,Fiji,162,FJI,0.7,0.783,0.777,0.467,0.543,0.76
950,2018,Fiji,162,FJI,0.671,0.729,0.74,0.501,0.54,0.76
950,2019,Fiji,162,FJI,0.672,0.71,0.729,0.503,0.481,0.73
950,2020,Fiji,162,FJI,0.701,0.752,0.711,0.498,0.478,0.649
950,2021,Fiji,162,FJI,0.692,0.753,0.722,0.488,0.557,0.649
950,2022,Fiji,162,FJI,0.726,0.794,0.714,0.513,0.531,0.641
950,2023,Fiji,162,FJI,0.729,0.803,0.794,0.729,0.833,0.8140000000000001
950,2024,Fiji,162,FJI,0.73,0.803,0.803,0.749,0.803,0.8140000000000001
