comparison,ag_rate
v9-v10,0.6598765432098765
v10-v11,0.678876404494382
v11-v12,0.8829701372074253
v9-v11,0.626357249308069
v10-v12,0.6646464646464646
