Measure,Direction,Value
ROC-AUC,up,0.8238507557924041
ROC-AUC,down,0.8159333687178124
PR-AUC,up,0.29266532600370004
PR-AUC,down,0.29651235007406307
