Measure,Direction,Value
Pos-rate,up,0.0733993399339934
Pos-rate,down,0.08495049504950496
Log-loss,up,0.18555853211429613
Log-loss,down,0.2112528578015652
ROC-AUC,up,0.8666196761923699
ROC-AUC,down,0.8621750103031212
PR-AUC,up,0.4601392899681608
PR-AUC,down,0.46520922144702914
