Measure,Direction,Value
Pos-rate,up,0.0733993399339934
Pos-rate,down,0.08495049504950496
Log-loss,up,0.18754285313193977
Log-loss,down,0.21630529641703253
ROC-AUC,up,0.8630719444959776
ROC-AUC,down,0.858602252781002
PR-AUC,up,0.45457474854288843
PR-AUC,down,0.45293285882785606
