Measure,Direction,Value
Log-loss,up,0.2001395074723631
Log-loss,down,0.22314804093537421
ROC-AUC,up,0.8645657380634886
ROC-AUC,down,0.8552984721562952
PR-AUC,up,0.4483219078170303
PR-AUC,down,0.45173180753159614
