Measure,Direction,Value
Pos-rate,up,0.0733993399339934
Pos-rate,down,0.08495049504950496
Log-loss,up,0.18819758758386917
Log-loss,down,0.21302725930190847
ROC-AUC,up,0.8646143279136486
ROC-AUC,down,0.8608256139093621
PR-AUC,up,0.4584236748103887
PR-AUC,down,0.4576758876354339
