Measure,Direction,Value
Pos-rate,up,0.0733993399339934
Pos-rate,down,0.08495049504950496
Log-loss,up,0.19130980519531868
Log-loss,down,0.21595168890457878
ROC-AUC,up,0.863303042563812
ROC-AUC,down,0.8596010936413446
PR-AUC,up,0.4585061957258019
PR-AUC,down,0.4562899870756211
