Measure,Direction,Value
Pos-rate,up,0.0733993399339934
Pos-rate,down,0.08495049504950496
Log-loss,up,0.18763007724316536
Log-loss,down,0.21787589192479764
ROC-AUC,up,0.8628142933722548
ROC-AUC,down,0.8603283513476112
PR-AUC,up,0.4600179928976556
PR-AUC,down,0.4541954558202238
